"Name","State","Notes","User","Tags","Created","Runtime","Sweep","batch_size","learning_rate","momentum","num_classes","num_epochs","weight_decay","class_0_train","class_0_val","class_10_train","class_10_val","class_11_train","class_11_val","class_12_train","class_12_val","class_13_train","class_13_val","class_14_train","class_14_val","class_15_train","class_15_val","class_16_train","class_16_val","class_17_train","class_17_val","class_18_train","class_18_val","class_1_train","class_1_val","class_2_train","class_2_val","class_3_train","class_3_val","class_4_train","class_4_val","class_5_train","class_5_val","class_6_train","class_6_val","class_7_train","class_7_val","class_8_train","class_8_val","class_9_train","class_9_val","epoch","loss","lr","train_flops","train_fps","train_latency","train_loss","train_mIoU","train_params","val_flops","val_fps","val_latency","val_loss","val_mIoU","val_mIoU_per_class","val_params"
"epoch_50","finished","-","","","2025-05-29T21:20:10.000Z","36284","","4","0.00625","0.9","19","50","0.0001","87.02736944395005","67.74922467272482","88.09022170805807","68.91823667755071","44.788706053738274","33.63636499451466","53.194168516728666","0.3249473585279184","56.656802331484634","54.46784402464107","57.25727904927591","13.680565909580372","61.32828869326341","0.4296849051172471","85.87067159502239","0.01224838187392587","65.999368450769","5.030764544623818","43.54987154964745","0.147677753476029","79.88710305366313","9.439790769553476","74.7750512027931","68.0600231851023","35.1813457739777","12.184153586835308","54.52704007325394","12.350570380257574","46.264211197483256","22.252140536616817","48.23173606799827","14.661509037338249","52.59066124620622","6.14314488926582","75.11455361857983","71.76853085624705","68.68727803417613","14.162232998631955","50","1.199885243921677","0.003830600347668747","25.779775698","64.22421572265382","16.576996326446533","1.199885243921677","62.05377514000365","12581672","25.779775698","54.6032761199136","19.227210760116577","0.91716232919693","25.022087129604163","[67.74922467272482,9.439790769553476,68.0600231851023,12.184153586835308,12.350570380257574,22.252140536616817,14.661509037338249,6.14314488926582,71.76853085624705,14.162232998631955,68.91823667755071,33.63636499451466,0.3249473585279184,54.46784402464107,13.680565909580372,0.4296849051172471,0.01224838187392587,5.030764544623818,0.147677753476029]","12581672"
"epoch_49","finished","-","","","2025-05-29T20:52:58.000Z","37803","","4","0.00625","0.9","19","50","0.0001","87.00079343266279","65.4158459971908","87.6631248697874","70.08563191296253","45.306481996779304","32.33336606778683","54.35077191783283","0.7800172559871278","62.17572663817251","43.053588523489736","58.2880691492291","11.079638575142964","61.329857599738645","0.60693312111166","85.6051626547531","0.0494890538524017","66.71310317276142","5.76514662760658","44.746891135793845","0.04881946770158192","79.97677757430436","10.483368547081051","74.60286606216044","69.67297782024312","33.953354154349476","6.303784413310341","53.55598670710852","9.662656499771522","46.11657468616398","21.558442533902475","48.33102610085147","16.48269383201714","52.786865637478975","5.383721189910048","74.88801380323974","68.9739558464954","68.53429455005154","9.11010038485346","49","1.199487236291647","0.003949061019225424","","","","1.199487236291647","62.417144307537875","","","","","0.9975475025177002","23.518430403706144","[65.4158459971908,10.483368547081051,69.67297782024312,6.303784413310341,9.662656499771522,21.558442533902475,16.48269383201714,5.383721189910048,68.9739558464954,9.11010038485346,70.08563191296253,32.33336606778683,0.7800172559871278,43.053588523489736,11.079638575142964,0.60693312111166,0.0494890538524017,5.76514662760658,0.04881946770158192]",""
"epoch_48","finished","-","","","2025-05-29T20:26:01.000Z","39327","","4","0.00625","0.9","19","50","0.0001","87.00401392217526","66.85050735823019","88.43528828136311","71.75964941583568","45.10982968016965","32.44611188893947","54.44149884764112","2.2499092112937475","60.74685896971725","45.45344137997725","56.39998716219922","12.756308003215628","59.053677468903","1.6990523382402982","85.69789245986328","1.5409913436290827","65.98896634058526","5.969249686542379","44.41978610732723","0.1192414593381699","80.13544424942607","13.915229611223742","74.53905690150484","67.57037696724655","34.09715549469608","11.533316067011103","53.791409981425694","10.38091875374827","45.92933883840043","19.485237058282596","47.49752860892131","16.105281374384468","51.85305507492025","4.810264468449406","74.49138496366513","75.34983112499046","68.06750681714959","17.206947262503583","48","1.2010878590407723","0.004067128101893513","","","","1.2010878590407723","61.98419369316072","","","","","0.8918087697029113","25.115887619635895","[66.85050735823019,13.915229611223742,67.57037696724655,11.533316067011103,10.38091875374827,19.485237058282596,16.105281374384468,4.810264468449406,75.34983112499046,17.206947262503583,71.75964941583568,32.44611188893947,2.2499092112937475,45.45344137997725,12.756308003215628,1.6990523382402982,1.5409913436290827,5.969249686542379,0.1192414593381699]",""
"epoch_47","finished","-","","","2025-05-29T19:58:56.000Z","40860","","4","0.00625","0.9","19","50","0.0001","86.85461774446946","69.4218140108337","88.57307313913154","70.42065313424663","45.243339965375576","34.415746637958236","53.96332133778431","0.8489406491249182","59.5276396093637","61.22677236265951","58.76175605205775","13.023291079440266","56.9528253347274","3.057761922249619","85.58874288174326","0.0011299052009536396","65.72475937610977","7.443467822525003","44.465120391619394","0.05674593454153347","80.21611862581757","10.0513734513514","74.47705221158579","68.9732517729853","33.13772668668175","13.983685946824371","53.30064653591716","10.08273766838619","45.73061692176463","22.76254543458977","47.38331277950149","15.98190775368372","51.56607678271361","5.641013893502239","75.36301196105671","71.37057119825727","68.45306010253236","13.931095300557017","47","1.205409185990707","0.004184815520193676","","","","1.205409185990707","61.85699044420807","","","","","0.8887617664337158","25.931289783100933","[69.4218140108337,10.0513734513514,68.9732517729853,13.983685946824371,10.08273766838619,22.76254543458977,15.98190775368372,5.641013893502239,71.37057119825727,13.931095300557017,70.42065313424663,34.415746637958236,0.8489406491249182,61.22677236265951,13.023291079440266,3.057761922249619,0.0011299052009536396,7.443467822525003,0.05674593454153347]",""
"epoch_46","finished","-","","","2025-05-29T19:31:47.000Z","42396","","4","0.00625","0.9","19","50","0.0001","86.48653446141705","68.51069965656015","89.00235543729958","71.29352955723424","44.1236395677893","35.4452242065791","53.39246255774024","0.9005818365798126","61.1564226147548","63.20048448296315","55.54151957990977","8.982474085584343","55.43435593131212","1.581031635690158","85.35648903913533","0.005635529193802325","65.65110122167347","7.737976775804602","44.49527231780621","0.006587217842372186","80.02606633365296","7.599433160873353","74.34562593745851","69.61134033263747","33.81658328528394","11.333155092764091","53.07735790078232","12.387747528927571","45.72763438852919","21.749395061992765","47.25787156621472","16.21073818493368","51.172333710812424","8.01655091009543","75.21578546767039","71.52162042382942","68.5165834741653","14.116820385285576","46","1.2090906192297106","0.004302136287342862","","","","1.2090906192297106","61.56821025228461","","","","","0.8991002349853515","25.800580319230058","[68.51069965656015,7.599433160873353,69.61134033263747,11.333155092764091,12.387747528927571,21.749395061992765,16.21073818493368,8.01655091009543,71.52162042382942,14.116820385285576,71.29352955723424,35.4452242065791,0.9005818365798126,63.20048448296315,8.982474085584343,1.581031635690158,0.005635529193802325,7.737976775804602,0.006587217842372186]",""
"epoch_45","finished","-","","","2025-05-29T19:04:30.000Z","43934","","4","0.00625","0.9","19","50","0.0001","86.78901832572828","66.38309981060874","88.35040357546977","69.51945228519489","44.85262625928672","32.26049037608648","52.63111418474129","0.46641532722259355","62.4331233817327","51.73381944458004","52.1527684013108","10.041052203063543","44.20594192241702","1.150971272229822","84.41924177895277","0","64.89769473470427","4.0074076847528985","43.362785294796176","0.000184689374019992","80.0627774904625","12.743136901543824","74.06912460556462","68.02768734366114","35.094382245530944","12.617841642121103","52.84967498244279","9.196809495727248","45.681698803649745","19.928421038325325","46.91609997740883","16.152937750983238","51.57061194635034","6.69565572824498","75.47878570379272","70.41653173672337","68.31658769120247","10.690562767617797","45","1.2096549710189266","0.004419102590647484","","","","1.2096549710189266","60.74391901608131","","","","","0.925492290019989","25.668470972114505","[66.38309981060874,12.743136901543824,68.02768734366114,12.617841642121103,9.196809495727248,19.928421038325325,16.152937750983238,6.69565572824498,70.41653173672337,10.690562767617797,69.51945228519489,32.26049037608648,0.46641532722259355,51.73381944458004,10.041052203063543,1.150971272229822,0,4.0074076847528985,0.000184689374019992]",""
"epoch_44","finished","-","","","2025-05-29T18:37:19.000Z","45471","","4","0.00625","0.9","19","50","0.0001","86.52732086036403","68.05646005913563","88.3529827823654","69.75409235587955","44.12163712091483","31.963007054132593","52.057208463666925","1.1415724037609192","61.63203138077723","56.16985913467056","56.22454827673117","5.693118107972583","51.580797350883","2.058258642765685","82.32778606360097","0.39668150445133527","64.17378315459952","6.133757120760553","41.58566877811811","0.020377318997386654","79.20120096121771","11.037367167021706","73.89119023058882","65.74448308009651","35.07550920147476","12.154117131911264","52.4813651567098","5.96824538673431","45.44687381570106","20.61212395784363","46.83397181080349","14.94424506940984","51.24153646595063","3.9827373765059426","75.21890645540766","73.64401675952928","68.42108267060846","14.355586302617033","44","1.2136356307704523","0.004535725866622783","","","","1.2136356307704523","60.86291584213072","","","","","0.9137783064842224","24.41211083864191","[68.05646005913563,11.037367167021706,65.74448308009651,12.154117131911264,5.96824538673431,20.61212395784363,14.94424506940984,3.9827373765059426,73.64401675952928,14.355586302617033,69.75409235587955,31.963007054132593,1.1415724037609192,56.16985913467056,5.693118107972583,2.058258642765685,0.39668150445133527,6.133757120760553,0.020377318997386654]",""
"epoch_43","finished","-","","","2025-05-29T18:10:02.000Z","47016","","4","0.00625","0.9","19","50","0.0001","86.69545488129769","67.18420689965087","89.04862621549402","70.8757986596551","44.123106578819055","30.58099706319974","52.280833090725935","1.949574688528942","62.51927149216208","53.59395569742108","54.1395597874585","13.069570378126777","57.63073438464426","2.1294577177801073","79.23567358586763","0.007173330312983724","65.39092865037134","4.666144763023125","43.427040635187026","0.0026472111015414775","79.23166137633828","7.79972006047214","74.00091640636826","64.78834525305706","31.90370492338882","9.57176811054637","51.95090766777148","9.319676382826996","45.25698048513685","19.63031980986645","46.58031265242094","15.445336423839017","50.84082747649967","5.079732893137205","75.18882583529475","68.71499720540044","68.093602966102","10.356232403085462","43","1.2193536495068285","0.004652016867332286","","","","1.2193536495068285","60.92310363638676","","","","","0.9615285677909852","23.935034471106917","[67.18420689965087,7.79972006047214,64.78834525305706,9.57176811054637,9.319676382826996,19.63031980986645,15.445336423839017,5.079732893137205,68.71499720540044,10.356232403085462,70.8757986596551,30.58099706319974,1.949574688528942,53.59395569742108,13.069570378126777,2.1294577177801073,0.007173330312983724,4.666144763023125,0.0026472111015414775]",""
"epoch_42","finished","-","","","2025-05-29T17:42:55.000Z","48551","","4","0.00625","0.9","19","50","0.0001","86.65786403033181","61.32072230763038","89.04577712633461","70.08234235593682","43.27897104066377","34.2932858556393","52.59389642774841","1.8107476635514017","61.54803137053481","41.52912741460433","53.04709378153591","11.688215555610109","56.42609937913752","0.9002071861462269","80.05032243226269","0","65.55644438686046","8.726455756217403","44.87890694692816","0.0003692232711581857","79.34894156637698","11.503030238518662","73.73364550772096","63.16515262329754","33.30055588765067","4.891902462815493","51.726853029257406","12.609295287657126","45.11503066750109","19.865354136399738","46.60677181198917","16.16096450302823","49.79178449506067","5.324189640195675","75.0772578042234","69.98916395506538","67.7852528876371","8.182061021563813","42","1.2201141821282142","0.004767985719188606","","","","1.2201141821282142","60.81944739893449","","","","","1.0127814846038818","24.55792151039715","[61.32072230763038,11.503030238518662,63.16515262329754,4.891902462815493,12.609295287657126,19.865354136399738,16.16096450302823,5.324189640195675,69.98916395506538,8.182061021563813,70.08234235593682,34.2932858556393,1.8107476635514017,41.52912741460433,11.688215555610109,0.9002071861462269,0,8.726455756217403,0.0003692232711581857]",""
"epoch_41","finished","-","","","2025-05-29T17:15:39.000Z","50095","","4","0.00625","0.9","19","50","0.0001","86.5685509084894","66.83831652178706","87.81313351264376","68.3661971771403","42.72464634933381","31.730226987400144","49.77511134485157","2.139073747113948","60.98876548272189","48.77191474412399","50.781616827922115","12.14694385062765","54.233037513099426","1.411110639562025","81.9565691338359","0","63.22398282668983","6.424826797855214","40.97465610079076","0.0052943113855397584","78.89862829462703","11.874070428275898","74.05666406678442","68.68162341964161","35.94996134120214","11.751402741389583","51.36158435223158","7.762741625560602","44.81120450861778","23.06517450928204","46.090315785749006","17.169519628341558","49.809770499707255","5.021430658341391","74.53276105583771","71.72106338621501","67.64532400422317","11.940151046562194","41","1.2253398539035272","0.004883641975252583","","","","1.2253398539035272","60.11559388996623","","","","","0.9103762860298156","25.934504567811427","[66.83831652178706,11.874070428275898,68.68162341964161,11.751402741389583,7.762741625560602,23.06517450928204,17.169519628341558,5.021430658341391,71.72106338621501,11.940151046562194,68.3661971771403,31.730226987400144,2.139073747113948,48.77191474412399,12.14694385062765,1.411110639562025,0,6.424826797855214,0.0052943113855397584]",""
"epoch_40","finished","-","","","2025-05-29T16:48:16.000Z","51645","","4","0.00625","0.9","19","50","0.0001","85.8467040909043","69.05399609383072","89.01622614872528","66.52858029317667","42.55811295862498","33.39308275774996","51.16102213772435","1.85480467549034","64.76058096397347","58.9798311679397","49.11894020337174","13.213718166790567","44.795032789978045","1.3836982941609932","80.69816307770519","0.04974762646420657","63.32031378635439","6.637696462656864","41.54086675856502","0","79.12183718950578","10.983344458506894","73.79254339867495","66.41535056415975","36.47385127409015","8.828981917726587","50.87891221632256","7.641792192166422","44.55395970896683","20.728928657026444","45.18566092585394","13.773905390245648","49.132608786133","4.553622511059718","74.78049853882163","69.41321932237375","67.05864525767312","10.024846254618488","40","1.2306852392860257","0.004998994661901614","","","","1.2306852392860257","59.67339369536676","","","","","0.9109657864570616","25.747730378119098","[69.05399609383072,10.983344458506894,66.41535056415975,8.828981917726587,7.641792192166422,20.728928657026444,13.773905390245648,4.553622511059718,69.41321932237375,10.024846254618488,66.52858029317667,33.39308275774996,1.85480467549034,58.9798311679397,13.213718166790567,1.3836982941609932,0.04974762646420657,6.637696462656864,0]",""
"epoch_39","finished","-","","","2025-05-29T16:20:53.000Z","53193","","4","0.00625","0.9","19","50","0.0001","85.24016968527197","65.89683387638273","89.73023313604293","66.62539570075255","42.71485413732473","35.095504182371954","50.8781332530018","0.5389874919858711","54.96847096380642","39.53803476438426","57.8326806567521","9.49367624468258","58.88480675077506","0.23250354903253928","86.35015289749649","0","62.2139500296156","7.509077567338466","40.24137944674975","0","78.73855079041783","13.326052744541917","73.9058916616054","68.5193748801652","38.8949647929544","15.790667394682684","50.839670149125105","10.659806637643468","44.27153962822908","18.38094413157513","44.972331795003896","15.168149572889607","49.02916027350765","5.8546674930358895","74.72949869038763","70.58637677630529","67.52738349974399","12.74340674815828","39","1.2319793044693823","0.005114052320602067","","","","1.2319793044693823","60.62967485462167","","","","","0.9496404991149904","26.8211446915252","[65.89683387638273,13.326052744541917,68.5193748801652,15.790667394682684,10.659806637643468,18.38094413157513,15.168149572889607,5.8546674930358895,70.58637677630529,12.74340674815828,66.62539570075255,35.095504182371954,0.5389874919858711,39.53803476438426,9.49367624468258,0.23250354903253928,0,7.509077567338466,0]",""
"epoch_38","finished","-","","","2025-05-29T15:53:34.000Z","54738","","4","0.00625","0.9","19","50","0.0001","85.18664800640305","66.7568947262973","89.40143659739493","70.65009703633808","41.94345528745575","33.01552517155091","49.924959963395104","1.829954639113574","61.25716451807814","49.2983195309605","59.68823490419325","13.514132965782249","49.95492326581882","0.013743584930326729","82.79215534733805","0","61.88780333168643","6.258257145276233","40.88568442159601","0","78.71031979366354","23.89267888015458","73.6441625274802","69.4538849845873","35.438757523748386","10.941151994719965","49.94739682739693","7.620420291687047","44.11576329231012","20.77234074619976","44.915860770577574","13.208249673151498","48.295569267665","3.6206060444278343","74.7716034706872","72.23190427238755","67.10504225395314","12.156287636827589","38","1.2392380871157","0.0052288230454087745","","","","1.2392380871157","59.992996914254825","","","","","0.8792770380973816","27.954967607317194","[66.7568947262973,23.89267888015458,69.4538849845873,10.941151994719965,7.620420291687047,20.77234074619976,13.208249673151498,3.6206060444278343,72.23190427238755,12.156287636827589,70.65009703633808,33.01552517155091,1.829954639113574,49.2983195309605,13.514132965782249,0.013743584930326729,0,6.258257145276233,0]",""
"epoch_37","finished","-","","","2025-05-29T15:26:07.000Z","56292","","4","0.00625","0.9","19","50","0.0001","86.85748198193679","63.39740137152534","88.75444310995711","69.34465325454026","41.968272992643925","31.81414243579144","49.00425040157226","3.443408683735304","59.9492700932201","41.89035365168547","54.41545920733366","10.521836770461292","44.10877933619375","2.7650813687615163","81.53388563523616","0.9909906765195594","63.00526222194064","6.817245095069493","39.85533120630275","0","78.66510181688047","23.745123977783873","73.29049707367648","67.91527034976758","32.08868467856238","18.974056578760376","49.25950717981046","11.080739525616565","44.00281137726271","20.561951136649295","44.85140928672518","17.302039302929177","47.44192533553375","4.923847459873325","74.27894198688942","75.01484599700096","67.09806496976543","16.68690229473098","37","1.2410765573334668","0.005343314516722151","","","","1.2410765573334668","58.96996736270755","","","","","0.8623202047348022","27.06610499617788","[63.39740137152534,23.745123977783873,67.91527034976758,18.974056578760376,11.080739525616565,20.561951136649295,17.302039302929177,4.923847459873325,75.01484599700096,16.68690229473098,69.34465325454026,31.81414243579144,3.443408683735304,41.89035365168547,10.521836770461292,2.7650813687615163,0.9909906765195594,6.817245095069493,0]",""
"epoch_36","finished","-","","","2025-05-29T14:58:38.000Z","57848","","4","0.00625","0.9","19","50","0.0001","85.89410791239936","64.84183347116483","88.75019593903124","71.19518378616078","40.67276474965592","29.672551365397787","49.338537522595686","0.8873229500914204","59.95993181862029","35.512243643004666","56.029532045987466","13.296560026365094","43.065185853137486","1.205475078460087","81.66096335268794","10.416428382357262","60.53583268682166","4.7660002936795935","37.16155556487812","0.14058040503652075","78.42797320216425","17.763157154986956","73.15046585597963","67.91791618651213","35.98805863842151","10.850418493474676","48.999328689526784","8.50024852256987","43.635202757791475","20.72344570830785","44.0188287392325","14.928818605970108","47.640120919520385","3.914975874726841","74.2025977697312","75.12143635363142","65.82499794803176","21.33210387224401","36","1.2462808891192572","0.005457534031756463","","","","1.2462808891192572","58.6819043140113","","","","","0.9115683879852295","24.89403685127063","[64.84183347116483,17.763157154986956,67.91791618651213,10.850418493474676,8.50024852256987,20.72344570830785,14.928818605970108,3.914975874726841,75.12143635363142,21.33210387224401,71.19518378616078,29.672551365397787,0.8873229500914204,35.512243643004666,13.296560026365094,1.205475078460087,10.416428382357262,4.7660002936795935,0.14058040503652075]",""
"epoch_35","finished","-","","","2025-05-29T14:31:13.000Z","59400","","4","0.00625","0.9","19","50","0.0001","86.31728158693075","65.1628561496014","89.49456094732882","70.67026559904491","39.76905875408645","31.79473234071842","45.622461405111416","3.395572506425669","62.24002251756008","42.18360288081568","42.01758238007851","4.6194100883011","46.03328495766654","0","82.98991221969546","0","59.81551310593879","8.814416680430382","34.839775355137085","0","78.70454061370205","15.106938668386483","73.53852305974875","68.19207776250673","35.52000405838551","13.722658373398197","48.60953830249136","9.50138866060629","43.29501242852779","19.5380272854866","43.56000779934886","13.955967371263958","47.25762997516465","4.894738170665523","73.74072407410486","71.78139559578663","64.89505985323159","15.209925970512977","35","1.2522803461030043","0.005571488532108631","","","","1.2522803461030043","57.80318386285472","","","","","0.9334999613761902","28.658998381496936","[65.1628561496014,15.106938668386483,68.19207776250673,13.722658373398197,9.50138866060629,19.5380272854866,13.955967371263958,4.894738170665523,71.78139559578663,15.209925970512977,70.67026559904491,31.79473234071842,3.395572506425669,42.18360288081568,4.6194100883011,0,0,8.814416680430382,0]",""
"epoch_34","finished","-","","","2025-05-29T14:04:02.000Z","60938","","4","0.00625","0.9","19","50","0.0001","85.67781130554101","66.42647883858666","89.76760560328218","68.58247330644951","40.05974602833721","32.40183309706057","46.19596075408766","1.0930211918309385","64.09064833782486","47.50109508236096","38.06804149289081","10.592428746410782","42.19504147204688","0.11685894800056916","80.67975330432122","0.6180126153051312","59.608151527673535","3.332087017002166","35.15120574191416","0","78.17047004421319","7.97491427756488","73.44789035786638","68.70352238299027","39.64159749974515","10.913433505817371","47.59529055169216","7.916688427425546","43.030797537546576","19.44747418289927","43.16038920749925","15.090642310578358","47.24421595541397","4.596211774725188","73.72389482123958","69.8563123100074","65.10841408031769","10.010421064020973","34","1.25784591295167","0.005685184628763028","","","","1.25784591295167","57.50615398018176","","","","","0.9349925050735474","24.731883837724254","[66.42647883858666,7.97491427756488,68.70352238299027,10.913433505817371,7.916688427425546,19.44747418289927,15.090642310578358,4.596211774725188,69.8563123100074,10.010421064020973,68.58247330644951,32.40183309706057,1.0930211918309385,47.50109508236096,10.592428746410782,0.11685894800056916,0.6180126153051312,3.332087017002166,0]",""
"epoch_33","finished","-","","","2025-05-29T13:37:02.000Z","62465","","4","0.00625","0.9","19","50","0.0001","85.53269068360173","61.373196721210775","90.5258760762047","68.40189496942511","39.83939414983408","32.13622791331268","46.56167338968633","0.9543013055953814","61.25472642356116","36.86996648348506","51.00351239938925","9.068104552886917","48.19048123954076","1.2659083520122234","78.29319220394365","4.934900516479878","59.663990431826406","7.528449571008411","37.21711959094781","0","77.64995719348559","18.002568375381816","72.99941999409505","68.85430465137254","33.34501128578203","14.92241420126568","46.97780923395744","11.241558277689174","42.9473595745064","19.156383553949528","42.703126486714176","13.886400901653952","45.80361223691757","8.314446992336268","73.89315311686588","68.78035049445874","65.54193896947895","10.844094532919168","33","1.2604225680566012","0.00579862862482234","","","","1.2604225680566012","57.891791825281","","","","","0.936727192401886","25.363081798135735","[61.373196721210775,18.002568375381816,68.85430465137254,14.92241420126568,11.241558277689174,19.156383553949528,13.886400901653952,8.314446992336268,68.78035049445874,10.844094532919168,68.40189496942511,32.13622791331268,0.9543013055953814,36.86996648348506,9.068104552886917,1.2659083520122234,4.934900516479878,7.528449571008411,0]",""
"epoch_32","finished","-","","","2025-05-29T13:10:07.000Z","63986","","4","0.00625","0.9","19","50","0.0001","85.32701813307904","57.23792417340409","90.78851413822336","69.22009593801664","38.5329494155902","28.039838780658133","44.54207447690898","1.340993591899084","56.770663531547186","28.189427780973514","56.14252183350206","16.145197241953415","35.39974128864731","0.008152818139591263","78.18250714023925","0.003683539734343113","56.71502969612136","4.647703662201054","27.90170814215894","0","77.16928625999107","15.012299063677832","72.89815980249938","61.70733134490754","34.154194146439096","7.051769896302069","45.74059706766747","7.091446871801945","42.482547276645874","17.419324281502732","42.34476091352594","13.683939268782582","44.71372173247195","5.351362745537868","73.96492991575651","70.60217362608627","64.64603617863143","12.453599707141516","32","1.2714483310471476","0.005911826536216135","","","","1.2714483310471476","56.23247163629717","","","","","1.077882185459137","23.06701468515113","[57.23792417340409,15.012299063677832,61.70733134490754,7.051769896302069,7.091446871801945,17.419324281502732,13.683939268782582,5.351362745537868,70.60217362608627,12.453599707141516,69.22009593801664,28.039838780658133,1.340993591899084,28.189427780973514,16.145197241953415,0.008152818139591263,0.003683539734343113,4.647703662201054,0]",""
"epoch_31","finished","-","","","2025-05-29T12:43:01.000Z","65520","","4","0.00625","0.9","19","50","0.0001","84.86514253283094","67.39283484778275","91.20991374750068","70.83533007006572","38.52440594585739","32.125324790721756","44.01708975476093","2.898680737839481","61.703576496783","45.54529426323788","49.74425356926403","14.532685187935291","36.08600790375908","0","78.82770473901945","0.19933707058518027","56.598086941727864","7.160592414166272","29.80590302357224","0","76.85586232728575","10.992695325619026","72.29907431550153","68.89001318891334","34.21404120860024","8.157015128392278","45.22626253276692","12.423247508394187","41.892519110362954","19.857918657146232","41.59331678445052","13.301860935476858","44.45565691339144","7.0224017137290335","73.9117435609144","69.62494944589888","63.792615313138015","12.990224985303849","31","1.2831610951377843","0.006024784110606242","","","","1.2831610951377843","56.0854303537625","","","","","0.9210392374992372","27.291200368894593","[67.39283484778275,10.992695325619026,68.89001318891334,8.157015128392278,12.423247508394187,19.857918657146232,13.301860935476858,7.0224017137290335,69.62494944589888,12.990224985303849,70.83533007006572,32.125324790721756,2.898680737839481,45.54529426323788,14.532685187935291,0,0.19933707058518027,7.160592414166272,0]",""
"epoch_30","finished","-","","","2025-05-28T11:37:32.000Z","8241","","4","0.00625","0.9","19","30","0.0001","85.53863000999485","61.07063769712588","89.50475497817027","71.6655095404993","39.06190902491398","32.44393717609037","43.18945868567896","2.068544726699108","65.94766415980374","34.412672594977664","48.17704807212904","17.860961590186854","45.37799280794035","2.5561668496512526","80.94159874102293","1.3819455027300669","56.49839267141857","9.381999701346071","30.592638504815472","0","76.6607104592359","22.816584591873827","73.1584704674937","62.43957889208224","31.80607704067474","9.599981465467094","45.474046369829885","4.79208987487014","41.8490119794885","19.63497031342439","40.868724897278454","14.425212376262628","44.22354491664288","5.114807187264786","73.5875944401605","72.44846921297487","64.92461475275809","11.350103356935874","30","1.2821803296515628","0.005305181263101254","","","","1.2821803296515628","56.70436226207636","","","","","0.9379127883911133","25.30356514724791","[61.07063769712588,22.816584591873827,62.43957889208224,9.599981465467094,4.79208987487014,19.63497031342439,14.425212376262628,5.114807187264786,72.44846921297487,11.350103356935874,71.6655095404993,32.44393717609037,2.068544726699108,34.412672594977664,17.860961590186854,2.5561668496512526,1.3819455027300669,9.381999701346071,0]",""
"epoch_29","finished","-","","","2025-05-28T11:09:11.000Z","9850","","4","0.00625","0.9","19","30","0.0001","86.12978322750799","54.13042578669419","89.36493713543379","71.34760522227877","38.97677999983421","30.06976223470655","41.37403381431787","1.6520665632383844","63.1404439875007","32.467047913084386","42.29927348893626","6.046712169272986","36.303547955830126","0","77.39891752592202","0","55.30475165565144","5.4519864090694155","27.438109074761424","0","76.47069566455171","13.07113073658272","72.03147912880901","66.27389032395627","34.84962657099168","11.422407176967566","45.28364681711357","6.942619489893451","41.36870016365344","18.658710239592775","40.37217840597375","11.993923302679397","43.96842033404367","4.318128132356346","73.27447445850737","68.3127122350719","65.00902690385537","5.606651372118341","29","1.2885247374802289","0.005495547978239314","","","","1.2885247374802289","55.282043490168185","","","","","1.0954625854492188","25.485361206722715","[54.13042578669419,13.07113073658272,66.27389032395627,11.422407176967566,6.942619489893451,18.658710239592775,11.993923302679397,4.318128132356346,68.3127122350719,5.606651372118341,71.34760522227877,30.06976223470655,1.6520665632383844,32.467047913084386,6.046712169272986,0,0,5.4519864090694155,0]",""
"epoch_28","finished","-","","","2025-05-28T10:40:49.000Z","11461","","4","0.00625","0.9","19","30","0.0001","85.97589186680143","59.85433704958455","88.7291101804361","72.37148211349718","38.30191504125676","35.47667560231908","41.95399546659005","3.929460964700752","57.65080537680129","26.81106191095928","46.13583061344265","8.691658213596002","26.166397922964865","0","77.03538555268314","0","56.89494126160588","5.6340147327372625","30.21499345672087","0","76.01637559358602","17.51374676369129","72.29164524089377","69.69922714359677","37.74686873448173","10.448599817897971","43.994340980727706","11.981849486646263","40.99388992938186","20.486927335594203","39.581221641387266","14.475315467878197","42.85326353691731","3.844638611005586","73.10888777132287","66.28117661009469","63.70342163151892","12.148728115468565","28","1.2999055257092926","0.005685184628763028","","","","1.2999055257092926","54.70258851576423","","","","","1.031735132217407","27.47805624620423","[59.85433704958455,17.51374676369129,69.69922714359677,10.448599817897971,11.981849486646263,20.486927335594203,14.475315467878197,3.844638611005586,66.28117661009469,12.148728115468565,72.37148211349718,35.47667560231908,3.929460964700752,26.81106191095928,8.691658213596002,0,0,5.6340147327372625,0]",""
"epoch_27","finished","-","","","2025-05-28T10:12:23.000Z","13075","","4","0.00625","0.9","19","30","0.0001","85.35208536540381","50.855060428739264","89.00823742881619","71.05120520695004","35.04978266745619","30.433771091090367","38.806576641381696","0.6694656304886556","66.33749833564744","23.11419409386549","44.16788413887155","12.231815999145445","31.958112358937367","1.017595541572724","70.32506062311577","0","51.7451687816764","6.390476493438095","24.027844938749183","0","74.2191037494208","27.149420988352208","71.52604677635838","60.313708417076874","31.712736091711296","5.590860414035229","41.679317338742145","8.169269360854369","40.11118785793784","18.14176810218843","38.36283915415597","10.93981905237708","39.92472558630922","5.4192202418454825","72.69803599858838","68.05339670845291","63.25465054206497","8.64461418000438","27","1.3266289866466787","0.005874120881707891","","","","1.3266289866466787","53.171941809228656","","","","","1.118213982105255","24.010921291204536","[50.855060428739264,27.149420988352208,60.313708417076874,5.590860414035229,8.169269360854369,18.14176810218843,10.93981905237708,5.4192202418454825,68.05339670845291,8.64461418000438,71.05120520695004,30.433771091090367,0.6694656304886556,23.11419409386549,12.231815999145445,1.017595541572724,0,6.390476493438095,0]",""
"epoch_26","finished","-","","","2025-05-28T09:43:36.000Z","14710","","4","0.00625","0.9","19","30","0.0001","85.45809029982607","63.62497377342616","87.72908000118805","71.45356745164845","33.23348273898591","28.508937254573084","36.08929480093348","2.5270949182143623","65.09658777187019","37.24498745338713","49.08068474300508","12.728369540954684","40.68595338069285","4.995696696778791","68.59111628599857","0","47.24234419843864","6.244069083317515","15.290587619316115","0.04418926545501096","71.66381167133078","7.2767476199442545","70.93249836855271","59.02341462035617","26.830091511859276","12.379853526415111","38.959305069421255","5.785481032748182","39.566431782191586","15.644482091395927","36.856154993831055","12.002426803281804","39.62739262920668","6.466493113686811","72.04892005492395","59.78317116083637","61.14569820855989","8.686511932743155","26","1.354035327503241","0.0060623841841428","","","","1.354035327503241","51.901448743691176","","","","","1.0580101494789125","23.02335929662017","[63.62497377342616,7.2767476199442545,59.02341462035617,12.379853526415111,5.785481032748182,15.644482091395927,12.002426803281804,6.466493113686811,59.78317116083637,8.686511932743155,71.45356745164845,28.508937254573084,2.5270949182143623,37.24498745338713,12.728369540954684,4.995696696778791,0,6.244069083317515,0.04418926545501096]",""
"epoch_25","finished","-","","","2025-05-28T05:44:01.000Z","28993","","4","0.00625","0.9","19","30","0.0001","87.26446519889073","66.71258798300804","89.85359038603866","69.02174722327071","38.71282575904485","32.18196734073462","44.64984348735018","3.42132620479691","60.5808133079386","54.97669293861078","49.28997444654251","14.49167381828068","40.8025214221793","1.2912805934035705","77.3793122941565","0","58.63483315045145","7.229987704652816","29.44675038518921","0","77.33196371911049","7.965011792901552","72.44754586382912","67.96805794910495","31.08371219439129","11.087934474036462","47.17745501900377","9.531523065750678","41.591855853030125","21.11439325342913","40.21718561525881","11.699564451858029","44.60889550534825","6.10140660778541","73.72212277036485","71.81154357967165","65.2007377408793","8.021567530345136","25","1.2698978105502297","0.0012520505430453186","","","","1.2698978105502297","56.315600216789385","","","","","0.9232890324592592","27.331074500684775","[66.71258798300804,7.965011792901552,67.96805794910495,11.087934474036462,9.531523065750678,21.11439325342913,11.699564451858029,6.10140660778541,71.81154357967165,8.021567530345136,69.02174722327071,32.18196734073462,3.42132620479691,54.97669293861078,14.49167381828068,1.2912805934035705,0,7.229987704652816,0]",""
"epoch_24","finished","-","","","2025-05-28T05:16:07.000Z","30575","","4","0.00625","0.9","19","30","0.0001","87.28233734353353","65.02972163215594","88.95840249123339","68.87697507594103","38.63853471794167","32.124477786160845","43.70782358931413","3.9174621610830815","60.533983098568015","46.82036939780323","46.39355178506652","13.278733665993558","45.798059388310755","0.4504655802647324","79.44580864827331","0","58.76929214771922","6.28533507195082","28.246355728662287","0","77.26307331648722","8.174427100838207","72.51123605493231","67.84702728472874","32.41662194670077","10.804695508490076","47.296495774551154","10.310225976194667","41.49892041907665","20.632103703506587","39.8158972530454","13.193171149714257","44.038398949056514","6.700041240892636","73.44290786400525","73.21149514219721","64.96421637542171","8.724131848417674","24","1.27267448599336","0.001473907644711944","","","","1.27267448599336","56.36957457325789","","","","","0.9339524130821228","26.84593290154902","[65.02972163215594,8.174427100838207,67.84702728472874,10.804695508490076,10.310225976194667,20.632103703506587,13.193171149714257,6.700041240892636,73.21149514219721,8.724131848417674,68.87697507594103,32.124477786160845,3.9174621610830815,46.82036939780323,13.278733665993558,0.4504655802647324,0,6.28533507195082,0]",""
"epoch_23","finished","-","","","2025-05-28T04:48:23.000Z","32147","","4","0.00625","0.9","19","30","0.0001","86.9446310752909","66.50226924265694","89.32910424633248","71.090214319069","38.72542231599383","33.118977121431286","43.09714743693086","2.4175632623845176","63.15203286435928","46.552989992267634","41.09020038518329","15.915856863755833","43.213676363612855","1.0395158837205436","75.56320418369614","0","56.3726962845683","8.041958767378219","31.37315435689087","0","77.39492506368497","10.18283157335726","72.58394746980137","69.77062964056077","34.11408829137534","13.136841165684162","46.72595646589948","8.950482552097458","41.31051543483751","20.87270318985208","39.579759736362774","12.381157066895913","43.86932899421576","7.5581562746110915","73.53403709961172","70.49579162353953","65.22557018707083","9.30590330106825","23","1.2753322175370974","0.001692099473548451","","","","1.2753322175370974","55.95786306609045","","","","","0.9229972667694092","27.490225990607676","[66.50226924265694,10.18283157335726,69.77062964056077,13.136841165684162,8.950482552097458,20.87270318985208,12.381157066895913,7.5581562746110915,70.49579162353953,9.30590330106825,71.090214319069,33.118977121431286,2.4175632623845176,46.552989992267634,15.915856863755833,1.0395158837205436,0,8.041958767378219,0]",""
"epoch_22","finished","-","","","2025-05-28T04:20:46.000Z","33712","","4","0.00625","0.9","19","30","0.0001","86.69081261599686","66.08259513897072","90.20393082894029","69.38011543168749","37.630536182618904","30.984716637346065","41.57763754737326","1.4857018291353714","59.212338774041854","45.58739682128956","44.09369190085474","12.026568155528192","40.327720665157926","2.752784320729933","73.44997265873877","0","55.82224023896472","4.851090819210356","28.34375596209695","0","77.00912648799945","9.365695523799449","72.190999814779","67.63797085115148","34.290905172253","16.15068200148282","45.64101836376839","9.694335325909496","41.13979449475708","20.20899748852194","38.91099167816613","12.569957326807083","43.10927168876432","6.4156488355105585","73.63851714574815","73.06621111289017","65.22892032363956","13.21593889149583","22","1.2796876795645584","0.00190719950850684","","","","1.2796876795645584","55.184851712876814","","","","","0.8884334506988525","27.145670971262735","[66.08259513897072,9.365695523799449,67.63797085115148,16.15068200148282,9.694335325909496,20.20899748852194,12.569957326807083,6.4156488355105585,73.06621111289017,13.21593889149583,69.38011543168749,30.984716637346065,1.4857018291353714,45.58739682128956,12.026568155528192,2.752784320729933,0,4.851090819210356,0]",""
"epoch_21","finished","-","","","2025-05-28T03:53:12.000Z","35273","","4","0.00625","0.9","19","30","0.0001","86.94735233480266","67.30839806908261","89.74345830763588","69.65024321815162","37.79427836249088","31.644889914152973","42.33337077451188","3.187919463087248","57.37375149586643","53.49745847908266","45.48309863714284","10.1804445542206","45.5746772938285","0.6475282375919161","75.04317055352766","0","56.892852875217805","6.880438489031458","31.777467301558843","0","76.99871635057445","8.434635117448073","72.71863586750771","68.22359404423408","32.17728055586207","11.508425752278638","45.318115117457594","8.24189316462012","40.94400380860285","20.904548568764703","38.74970902150672","11.564507394437932","43.58211512634545","7.362713443990001","73.40990786540114","72.32522708634188","65.0632697233077","9.422703449168118","21","1.2836980798073996","0.0021196308917278196","","","","1.2836980798073996","55.680275335428895","","","","","0.8994317784309387","27.116798143863804","[67.30839806908261,8.434635117448073,68.22359404423408,11.508425752278638,8.24189316462012,20.904548568764703,11.564507394437932,7.362713443990001,72.32522708634188,9.422703449168118,69.65024321815162,31.644889914152973,3.187919463087248,53.49745847908266,10.1804445542206,0.6475282375919161,0,6.880438489031458,0]",""
"epoch_20","finished","-","","","2025-05-28T03:25:33.000Z","36841","","4","0.00625","0.9","19","30","0.0001","87.26484405304628","62.87174756674476","89.04939829757762","68.88657923054625","37.11239750240697","29.911183547000984","41.359982736728625","2.406505439124823","59.466995508637986","42.08453939181736","44.6455930135957","11.90063414348854","40.3850375681569","0.9344466839427968","74.39878127780662","0","56.73140822812337","6.435066862151902","23.872000701846723","0","76.81538956790193","11.349149064139349","72.5810207053247","69.24646848603523","31.385908921098277","8.37917118615621","44.95344902117518","9.967936008353098","40.56448059183441","20.55666885314301","38.31634202722473","12.562702491568082","42.24088148067423","8.105473528963428","73.24861743848821","73.46607350375409","64.87233613776868","7.374799859046595","20","1.2892395535299084","0.0023297182501397147","","","","1.2892395535299084","54.698150777864065","","","","","0.940153079032898","26.261126226233912","[62.87174756674476,11.349149064139349,69.24646848603523,8.37917118615621,9.967936008353098,20.55666885314301,12.562702491568082,8.105473528963428,73.46607350375409,7.374799859046595,68.88657923054625,29.911183547000984,2.406505439124823,42.08453939181736,11.90063414348854,0.9344466839427968,0,6.435066862151902,0]",""
"epoch_19","finished","-","","","2025-05-28T02:57:57.000Z","38404","","4","0.00625","0.9","19","30","0.0001","87.48002548460889","62.053644068939406","89.16634366354687","69.80742013531658","36.626689643706506","28.575731029354213","41.31055691912108","3.0903176599722215","61.04546634597454","42.650454638887446","42.50954828566216","9.365947915548457","44.812189082421675","0.9569451428437782","76.26280333253094","0.02362525768678242","55.25070614367535","5.498165267727457","25.913973357193417","0","76.77745293934535","6.938324838809678","72.32297082360286","69.16724611890021","30.472756136846552","11.006513477269616","44.34236502757573","9.275217911897446","40.36497025836074","20.339705390528223","38.060097516243864","11.819815030678772","41.45876835898973","6.949533045977012","72.71347945653372","71.07957439313365","63.870319714863086","6.703496354547957","19","1.2942132920567484","0.0025377182224325563","","","","1.2942132920567484","54.7769201310949","","","","","0.9874754948616028","24.183426537667717","[62.053644068939406,6.938324838809678,69.16724611890021,11.006513477269616,9.275217911897446,20.339705390528223,11.819815030678772,6.949533045977012,71.07957439313365,6.703496354547957,69.80742013531658,28.575731029354213,3.0903176599722215,42.650454638887446,9.365947915548457,0.9569451428437782,0.02362525768678242,5.498165267727457,0]",""
"epoch_18","finished","-","","","2025-05-28T02:30:16.000Z","39973","","4","0.00625","0.9","19","30","0.0001","87.11074569463602","67.89040331946892","89.80479837479515","70.8531531473951","36.769204988960944","29.76418756652916","37.92027605112768","2.556375162289386","59.81887134208207","50.10766112698142","44.787161470546806","10.76560934066631","39.16861110615453","0.6386119639976582","79.56630001371376","0.0015454457645127009","55.22842965673193","6.5409528174114415","22.4174403314261","0","76.26597343326215","10.51919544575254","72.15235856848658","69.16431667501368","30.405422661665792","12.274498015431762","44.07400475049322","9.094154402785644","40.15007095117326","19.846861200273512","37.41362315599815","10.754409272232207","40.90751916712232","6.613330086758904","72.8823634604252","70.97059348727997","63.33363926939687","11.83142197859452","18","1.299357543251176","0.0027438385973450607","","","","1.299357543251176","54.21983233937887","","","","","0.9055223383903503","25.56596002525704","[67.89040331946892,10.51919544575254,69.16431667501368,12.274498015431762,9.094154402785644,19.846861200273512,10.754409272232207,6.613330086758904,70.97059348727997,11.83142197859452,70.8531531473951,29.76418756652916,2.556375162289386,50.10766112698142,10.76560934066631,0.6386119639976582,0.0015454457645127009,6.5409528174114415,0]",""
"epoch_17","finished","-","","","2025-05-28T02:02:36.000Z","41541","","4","0.00625","0.9","19","30","0.0001","87.28334888567834","66.39387420236115","88.55064023594096","69.66757746741983","35.6551836900126","32.13183755789146","38.40997003793957","1.7803264191480528","58.3360399755426","59.44236996716823","43.74854899320349","13.003259608393432","37.35903112323001","0.04819596226800978","76.18186181459363","0","54.366433247812715","6.270622460107828","18.7436154729296","0","75.85054012171682","6.971540474215302","72.03872611437633","68.23230263394818","32.591652968733264","14.1474670477477","42.65350949238097","7.803219072881286","39.83962835266137","19.7310961207823","36.60658578342112","10.266310141104624","39.993234741358954","7.626797742785117","72.75368519133607","72.29842223023361","62.320161436772416","7.816806008938444","17","1.3071768470863905","0.002948250912803536","","","","1.3071768470863905","53.33065250945479","","","","","0.9176154637336732","27.27247206572909","[66.39387420236115,6.971540474215302,68.23230263394818,14.1474670477477,7.803219072881286,19.7310961207823,10.266310141104624,7.626797742785117,72.29842223023361,7.816806008938444,69.66757746741983,32.13183755789146,1.7803264191480528,59.44236996716823,13.003259608393432,0.04819596226800978,0,6.270622460107828,0]",""
"epoch_16","finished","-","","","2025-05-28T01:34:54.000Z","43111","","4","0.00625","0.9","19","30","0.0001","86.77739489238634","62.80220494544066","89.39515844799332","68.60172647259579","35.47621725191629","32.40599508474531","37.61875954675289","0.8422223426831055","61.96562265300859","52.279789577378345","35.8932367408716","12.089292656062716","40.83310535492963","4.234497583061178","77.21696977317814","0","54.19367748456","5.632920979550617","13.606020036009411","0","75.64039371179443","8.176102879347916","71.6510388951237","68.84889777108066","34.722204856335495","11.248928250611105","42.11345614433401","10.42099687746786","39.23017991206714","19.102797872119815","35.742715476270845","8.610438667507413","40.10067784649257","6.7480069793678865","72.71058196603659","70.59544161417321","63.28527964939431","5.189309686979233","16","1.3143200925218386","0.003151099083736085","","","","1.3143200925218386","53.06172055997133","","","","","0.9696917824745178","26.34291589648075","[62.80220494544066,8.176102879347916,68.84889777108066,11.248928250611105,10.42099687746786,19.102797872119815,8.610438667507413,6.7480069793678865,70.59544161417321,5.189309686979233,68.60172647259579,32.40599508474531,0.8422223426831055,52.279789577378345,12.089292656062716,4.234497583061178,0,5.632920979550617,0]",""
"epoch_15","finished","-","","","2025-05-28T01:07:00.000Z","44693","","4","0.00625","0.9","19","30","0.0001","86.58942435461898","59.73091775851395","89.02234269278888","69.17773427506465","34.76871845549348","33.59701572872909","35.97274953705368","2.769891177467334","61.48488989020034","42.959605495198","37.527055891141714","11.161797498273684","37.171207242205945","0.22408251024784687","71.98165411623415","0","52.2018983907413","7.032837630364249","13.653906524107615","0","75.54275916680108","12.251964208653105","71.37518110470538","67.91445153962047","35.53617694028247","8.74562269911107","41.205002126414314","10.194783441616192","38.97031332386303","18.32264632766687","35.237463550088236","10.62196511149211","39.33846398193071","6.398848231868741","72.33595017315486","71.59719429354543","63.27520545954658","5.332844064825169","15","1.3206464826997086","0.003352505505656018","","","","1.3206464826997086","52.273176995861725","","","","","0.9892974534034727","25.76671776425047","[59.73091775851395,12.251964208653105,67.91445153962047,8.74562269911107,10.194783441616192,18.32264632766687,10.62196511149211,6.398848231868741,71.59719429354543,5.332844064825169,69.17773427506465,33.59701572872909,2.769891177467334,42.959605495198,11.161797498273684,0.22408251024784687,0,7.032837630364249,0]",""
"epoch_14","finished","-","","","2025-05-28T00:39:19.000Z","46264","","4","0.00625","0.9","19","30","0.0001","86.93011469309695","63.35907052587106","89.08578617102863","70.19405079860606","33.75033687861209","30.686019819856288","37.44312782561119","2.215450667200305","61.35130894068324","53.255612025395614","38.21136719875705","12.77990535097516","26.024795537781248","1.1750431113735458","73.44648384279074","0","50.25039656783667","6.377395841943844","10.674480116745707","0","75.2766217596991","6.525030335436674","71.26155816867559","66.96138284154257","34.28564025702987","12.45806592606717","40.536284222909295","4.158613216959235","38.5767674522765","18.41122076892363","34.731126118211705","10.397588816211362","38.74776807909971","6.513016917781268","72.4345676280137","67.84720696427478","62.33947316498893","5.483152346645922","14","1.3294601442974177","0.0035525754920630427","","","","1.3294601442974177","51.33463182230778","","","","","0.9939591455459594","25.81163683970968","[63.35907052587106,6.525030335436674,66.96138284154257,12.45806592606717,4.158613216959235,18.41122076892363,10.397588816211362,6.513016917781268,67.84720696427478,5.483152346645922,70.19405079860606,30.686019819856288,2.215450667200305,53.255612025395614,12.77990535097516,1.1750431113735458,0,6.377395841943844,0]",""
"epoch_13","finished","-","","","2025-05-28T00:11:39.000Z","47834","","4","0.00625","0.9","19","30","0.0001","86.49007647816082","65.26790216739006","89.41222909781484","69.52132919574969","33.82550174392898","30.391991005008627","33.93094522623698","4.411332713741602","59.5321378402615","46.92801555809419","38.13050717858764","5.56288768032973","31.530484844993563","0.09073263495443688","69.92732235740348","0","49.48066837353818","5.077834300102962","6.376732113899932","0","75.27597008775162","17.88672113714442","70.79543428897072","70.20530155009848","35.55557489838186","14.328915015685498","39.53017685001504","8.963056696894188","38.05913593725243","19.67529327113646","33.49082162975189","10.844120286021004","37.75813644701475","6.854790018633968","72.31883106613327","71.76339923528785","61.064752623011955","10.048317363823848","13","1.338611728353714","0.003751400576447416","","","","1.338611728353714","50.657128372795235","","","","","0.8865250868797302","26.930702342946883","[65.26790216739006,17.88672113714442,70.20530155009848,14.328915015685498,8.963056696894188,19.67529327113646,10.844120286021004,6.854790018633968,71.76339923528785,10.048317363823848,69.52132919574969,30.391991005008627,4.411332713741602,46.92801555809419,5.56288768032973,0.09073263495443688,0,5.077834300102962,0]",""
"epoch_12","finished","-","","","2025-05-27T23:44:08.000Z","49395","","4","0.00625","0.9","19","30","0.0001","86.73421276993464","42.43844738717654","88.25311408952456","65.12533451353325","32.02840734988623","30.38184488047072","31.648676996778967","1.5579178885630496","60.91489885381052","39.23581709154749","35.61368606569353","5.973638305829853","30.025725634474217","0.3553931411131636","67.27774524109115","0","47.13409442272182","5.824309409125818","4.755566541803729","0","74.5354865470456","18.02126293004426","70.44680172562511","65.59067983305637","37.48026465110527","5.9288098567058","38.73094218880172","8.92020630672722","37.71725569139723","17.552377125476212","32.141497083860806","7.020704507255219","35.332618681469484","8.003536204657845","71.93416844489164","67.56525300658579","60.91415568825788","3.116355301292837","12","1.348655679055441","0.003949061019225424","","","","1.348655679055441","49.664174666746","","","","","1.2043000626564029","23.09481692289185","[42.43844738717654,18.02126293004426,65.59067983305637,5.9288098567058,8.92020630672722,17.552377125476212,7.020704507255219,8.003536204657845,67.56525300658579,3.116355301292837,65.12533451353325,30.38184488047072,1.5579178885630496,39.23581709154749,5.973638305829853,0.3553931411131636,0,5.824309409125818,0]",""
"epoch_11","finished","-","","","2025-05-27T23:16:31.000Z","50961","","4","0.00625","0.9","19","30","0.0001","86.6234835355297","55.39499765854558","89.39243116704293","68.79433288043263","31.435201185279745","29.88713374463764","29.542896647835786","1.639624577269445","59.64954667938077","32.28359064961226","35.56934040074322","10.09303880165448","29.762714995241684","0.5441553527856041","58.52961549289791","0","47.09567118466701","7.205905327292609","1.0487893904367924","0","73.89456948653937","17.782795824140983","69.67567770865641","68.17400337426999","36.22198103811781","12.093053208234648","36.86335757497904","10.92583902904589","36.94217967769774","18.102121979337316","31.47606492365107","9.702350359082637","34.80893404063088","3.7099630887893777","71.65500792137553","72.4366177238528","59.95663437444186","6.755131282161014","11","1.3619836794019635","0.004145627744638251","","","","1.3619836794019635","48.428636706586595","","","","","0.9707310905456544","25.030862050655585","[55.39499765854558,17.782795824140983,68.17400337426999,12.093053208234648,10.92583902904589,18.102121979337316,9.702350359082637,3.7099630887893777,72.4366177238528,6.755131282161014,68.79433288043263,29.88713374463764,1.639624577269445,32.28359064961226,10.09303880165448,0.5441553527856041,0,7.205905327292609,0]",""
"epoch_10","finished","-","","","2025-05-27T22:48:52.000Z","52530","","4","0.00625","0.9","19","30","0.0001","86.01944872245213","68.6079862756199","88.92705461650718","66.88960742209534","30.29412717786971","31.530941411257597","29.570517300010092","0.9364437302598768","55.45650943466766","53.34394301087491","39.43667503476217","14.026734299014192","31.49794276623713","0.3988038632578236","67.88499623650279","0.06720845436005189","46.13340618191267","5.541327635661181","0.29945989393924527","0","72.92487393905625","8.23514431042852","69.36913189448826","69.04991256619437","38.35304182294592","12.269459990139175","35.34454323596808","11.560157236945486","36.49063792249315","17.349007710670094","29.711836926999613","8.261521420714464","33.29963685769561","5.2586756977723645","71.48658888876068","69.89472517371415","58.47793428108782","12.887388110565055","10","1.3748065525846775","0.0043411638604398655","","","","1.3748065525846775","48.47254542812401","","","","","0.8491122260093689","25.339388239974696","[68.6079862756199,8.23514431042852,69.04991256619437,12.269459990139175,11.560157236945486,17.349007710670094,8.261521420714464,5.2586756977723645,69.89472517371415,12.887388110565055,66.88960742209534,31.530941411257597,0.9364437302598768,53.34394301087491,14.026734299014192,0.3988038632578236,0.06720845436005189,5.541327635661181,0]",""
"epoch_9","finished","-","","","2025-05-27T22:21:11.000Z","54102","","4","0.00625","0.9","19","30","0.0001","86.19746565947918","58.61757268374625","88.22217380824497","69.36832358782017","28.42441979173756","29.143950140096607","26.66019859907536","3.2530539001909635","60.20485589472151","33.3503508929118","40.36932928122464","8.878886440737244","30.73888215782223","0","66.69374470851905","0","41.85375668545266","5.750611961565158","0.053913640150958175","0","72.5652879977612","12.867955686955204","68.82918629214313","65.75979368125402","34.547026623500166","9.676818761082238","34.982396658982715","3.880584509992361","35.685676626682636","17.466652894368472","28.0747692621097","8.277306440424734","31.428990326813327","3.9742848438500618","70.84974503214487","71.42007791265642","57.53662317408709","8.835414537673955","9","1.388942478178914","0.004535725866622783","","","","1.388942478178914","47.57465485371858","","","","","0.9616376423835754","25.657602429707858","[58.61757268374625,12.867955686955204,65.75979368125402,9.676818761082238,3.880584509992361,17.466652894368472,8.277306440424734,3.9742848438500618,71.42007791265642,8.835414537673955,69.36832358782017,29.143950140096607,3.2530539001909635,33.3503508929118,8.878886440737244,0,0,5.750611961565158,0]",""
"epoch_8","finished","-","","","2025-05-27T21:53:31.000Z","55673","","4","0.00625","0.9","19","30","0.0001","85.62650749445912","64.7005373982094","88.50392372184199","70.67717251203463","26.59447742306357","29.393467861241536","24.206489670006174","0.5530910060960548","63.118387683977375","43.79511245187801","36.48887156630124","12.128764485505764","24.045277125084745","0.01452166885543994","60.61727019869091","0","41.415735819392346","6.069980279421157","0","0","71.75416198021074","14.561607243138312","67.98218014341187","64.58754408925584","38.8862782804058","11.004454691453718","32.87147305356979","6.610468273209083","34.63785125324901","17.121989791859733","25.61841348863947","7.351539655299264","29.07112002239191","2.920889726953566","70.34404216797985","70.41913268809962","56.67931217643669","7.594664738879968","8","1.4103393173014214","0.004729364628595453","","","","1.4103393173014214","48.80343184828403","","","","","0.9066115307807924","25.264996385964174","[64.7005373982094,14.561607243138312,64.58754408925584,11.004454691453718,6.610468273209083,17.121989791859733,7.351539655299264,2.920889726953566,70.41913268809962,7.594664738879968,70.67717251203463,29.393467861241536,0.5530910060960548,43.79511245187801,12.128764485505764,0.01452166885543994,0,6.069980279421157,0]",""
"epoch_7","finished","-","","","2025-05-27T21:25:55.000Z","57239","","4","0.00625","0.9","19","30","0.0001","85.77894534100511","57.2765755399452","87.48501537863724","68.34709615507718","23.985994257717085","29.314819329394695","20.610596874499805","0.4857497588055735","65.28477235347405","32.14081524775786","35.097803495327916","7.94655936710267","28.128507020382504","0.2569784770836783","58.00920170025488","0.07493083307715952","33.72786216890842","6.20273822091044","0","0","70.70771114852514","8.372732162245166","66.67175790489928","68.54176855462558","36.55094298304989","17.85476840946927","30.624479189188353","5.865339652538838","33.38820084628923","17.04723017473436","23.489038171584863","7.654037568081189","25.87288591858256","5.270898073523326","69.87478127848726","70.95331593514159","56.75992224581841","6.836134497931172","7","1.4311026254611183","0.0049221261693360085","","","","1.4311026254611183","47.33602323759066","","","","","0.966321900844574","22.802360442080275","[57.2765755399452,8.372732162245166,68.54176855462558,17.85476840946927,5.865339652538838,17.04723017473436,7.654037568081189,5.270898073523326,70.95331593514159,6.836134497931172,68.34709615507718,29.314819329394695,0.4857497588055735,32.14081524775786,7.94655936710267,0.2569784770836783,0.07493083307715952,6.20273822091044,0]",""
"epoch_6","finished","-","","","2025-05-27T20:58:20.000Z","58804","","4","0.00625","0.9","19","30","0.0001","85.79661318644334","50.47150306178443","87.65510862061927","69.02728563357795","20.880342163249043","31.34101637463672","15.368849806051973","0.023741353175964004","63.50795915065777","25.45551273603343","31.89996997357216","5.3649769237217395","23.869501318043092","0","51.764273359457526","0","16.916042061752105","1.3701986595882671","0","0","69.76291254486662","16.769924364536664","64.98843449981912","67.6424589152317","40.79254529864949","12.868820645835024","28.798908781926087","6.982950309367082","32.160766393199324","17.04200403025818","19.772911833213964","7.953106225440845","15.7801903419855","1.1928237187813653","69.05621951816316","71.48632138086151","55.561237609206685","5.812356957204611","6","1.4592147895086285","0.005114052320602067","","","","1.4592147895086285","44.12959924782646","","","","","1.0564549045562743","24.42531258062722","[50.47150306178443,16.769924364536664,67.6424589152317,12.868820645835024,6.982950309367082,17.04200403025818,7.953106225440845,1.1928237187813653,71.48632138086151,5.812356957204611,69.02728563357795,31.34101637463672,0.023741353175964004,25.45551273603343,5.3649769237217395,0,0,1.3701986595882671,0]",""
"epoch_5","finished","-","","","2025-05-27T20:30:53.000Z","60361","","4","0.00625","0.9","19","30","0.0001","86.00268739259475","40.8570123681254","86.60956918081605","66.83135682047619","15.582908707261277","30.271643900475944","6.262868552616199","0","62.24629680552896","24.06571562117819","38.0271838112228","15.242936061640345","21.03684495551014","0.22211813219718352","52.50917732997106","0.2030637829542679","2.442478889266658","0","0","0","67.97003860844364","20.088670512014613","62.971424975889754","66.01298804577407","37.02862146357453","14.737831868544774","25.780029959282924","10.908788211188124","30.315280517294628","14.61191038097556","14.514523298562631","3.5500526242627632","4.47193292183998","0.6230006681924265","68.24820636953139","69.09278327686573","52.16901585227062","4.888448296502198","5","1.4956657114252845","0.005305181263101254","","","","1.4956657114252845","40.788282755082115","","","","","1.2145654740333558","23.888020035710483","[40.8570123681254,20.088670512014613,66.01298804577407,14.737831868544774,10.908788211188124,14.61191038097556,3.5500526242627632,0.6230006681924265,69.09278327686573,4.888448296502198,66.83135682047619,30.271643900475944,0,24.06571562117819,15.242936061640345,0.22211813219718352,0.2030637829542679,0,0]",""
"epoch_4","finished","-","","","2025-05-27T20:03:13.000Z","61931","","4","0.00625","0.9","19","30","0.0001","85.61556905856403","55.56285803938059","86.26584956315276","68.13585459803181","5.8527489341185115","26.943071444549","3.167563472700333","0","65.09730560640944","33.16841107092331","31.71285714592366","14.852752148513629","15.84140099742591","0.13617713246058524","53.34727264172696","2.6193044393804956","0.6761397803571225","0","0","0","65.65176201995025","11.44466788601321","61.87205426173854","67.8990852187362","37.68576933859206","12.876341847692348","22.986222886368225","4.426256205670172","28.34744772657562","12.257053462762476","7.302803297122715","2.401137869559399","0.4893923929861118","0.21576736355166157","67.33199993047162","67.68659133068977","49.988326814133536","6.226669102477655","4","1.5432722255539868","0.005495547978239314","","","","1.5432722255539868","38.29069365935097","","","","","0.9289234299659728","24.17824994752452","[55.56285803938059,11.44466788601321,67.8990852187362,12.876341847692348,4.426256205670172,12.257053462762476,2.401137869559399,0.21576736355166157,67.68659133068977,6.226669102477655,68.13585459803181,26.943071444549,0,33.16841107092331,14.852752148513629,0.13617713246058524,2.6193044393804956,0,0]",""
"epoch_3","finished","-","","","2025-05-27T19:35:45.000Z","63489","","4","0.00625","0.9","19","30","0.0001","85.27173155325801","53.49662760198939","84.85376447847764","68.17621867137343","0.1359737034435652","1.0738322939153275","1.6234241902064337","0.009404757239703748","62.50225304926313","25.63972994246359","29.86853595609687","10.380832689064098","14.872100533481994","0.4016204253880728","47.3309992377564","0","0.25726723087066855","0","0","0","63.182500607108864","16.637584880715043","58.347091098608786","67.31821786167237","36.451577590674155","15.183914436829268","19.821791102716897","10.265665450744583","25.97479657553634","11.756592833039942","1.2014784890830894","0.016764089555531044","0.003608837275253976","0","66.13231321621194","66.7289905015609","50.32900453241922","6.613967484482202","3","1.607181601743179","0.005685184628763028","","","","1.607181601743179","36.00890066569385","","","","","0.9986321640014648","23.579997594668892","[53.49662760198939,16.637584880715043,67.31821786167237,15.183914436829268,10.265665450744583,11.756592833039942,0.016764089555531044,0,66.7289905015609,6.613967484482202,68.17621867137343,1.0738322939153275,0.009404757239703748,25.63972994246359,10.380832689064098,0.4016204253880728,0,0,0]",""
"epoch_2","finished","-","","","2025-05-27T19:08:10.000Z","65054","","4","0.00625","0.9","19","30","0.0001","85.01633615693198","64.42682830617711","82.72744904516482","68.050917643192","0","0.012583284351609264","0","0","57.51545044173672","36.53596761684087","27.14265459862762","5.442502478842629","6.515535098752643","0.22100313964777749","32.3235371977805","0.007708228148136726","0.017924390548862325","0","0","0","59.401862994209466","14.449101147860183","56.21494928217972","62.98874328332388","31.291766514539365","11.250888874061932","13.350349994544676","1.0627688858852424","21.541864869098188","7.473727303363285","0.003037049493866917","0.01522204328354916","0","0","63.41533701492571","68.46180795338388","44.88969587626026","9.185260089250894","2","1.7165384222629103","0.005874120881707891","","","","1.7165384222629103","38.75785003498629","","","","","0.9169604496955872","23.305668685174204","[64.42682830617711,14.449101147860183,62.98874328332388,11.250888874061932,1.0627688858852424,7.473727303363285,0.01522204328354916,0,68.46180795338388,9.185260089250894,68.050917643192,0.012583284351609264,0,36.53596761684087,5.442502478842629,0.22100313964777749,0.007708228148136726,0,0]",""
"epoch_1","finished","-","","","2025-05-27T18:40:12.000Z","66642","","4","0.00625","0.9","19","30","0.0001","81.91438349413984","59.42762567700331","72.80646922807803","66.7262165625836","0.01725610434691272","0","0","0","47.6961330768127","21.67892627155947","15.023658778857593","2.9821476244794933","0.0021845716352919325","0","1.218777392334629","1.182998981563613","0.04840179109422241","0","0","0","43.28525856320296","6.5278119512219055","52.63050443284067","64.22486784552753","18.92408600140604","4.6315556220799765","1.7476467206134418","0.18808823661089333","8.499100319422093","3.0969314606974288","0.05870582523617189","0","0.010520772861369664","0","55.21445968198155","67.688801211331","31.2414957497974","14.322989063611836","1","2.243680885659974","0.0060623841841428","","","","2.243680885659974","25.31406132380359","","","","","1.0327938928604126","26.056580042355836","[59.42762567700331,6.5278119512219055,64.22486784552753,4.6315556220799765,0.18808823661089333,3.0969314606974288,0,0,67.688801211331,14.322989063611836,66.7262165625836,0,0,21.67892627155947,2.9821476244794933,0,1.182998981563613,0,0]",""