"Name","State","Notes","User","Tags","Created","Runtime","Sweep","class_0_train","class_0_val","class_10_train","class_10_val","class_11_train","class_11_val","class_12_train","class_12_val","class_13_train","class_13_val","class_14_train","class_14_val","class_15_train","class_15_val","class_16_train","class_16_val","class_17_train","class_17_val","class_18_train","class_18_val","class_1_train","class_1_val","class_2_train","class_2_val","class_3_train","class_3_val","class_4_train","class_4_val","class_5_train","class_5_val","class_6_train","class_6_val","class_7_train","class_7_val","class_8_train","class_8_val","class_9_train","class_9_val","epoch","loss","lr","train_flops","train_fps","train_latency","train_loss","train_loss_final","train_mIoU","train_mIoU_final","train_mIoU_per_class","train_params","val_flops","val_fps","val_latency","val_loss","val_loss_final","val_mIoU","val_mIoU_final","val_mIoU_per_class","val_params"
"epoch_50","finished","-","","","2025-05-17T09:57:29.000Z","1325","","","","","","","","","","","","","","","","","","","","","","","","","","","","","","","","","","","","","","","","50","0.2038792340326628","0","374.664739584","7.098836019939177","142.6158893108368","","0.2038792340326628","","60.42164984546092","","43795724","374.664739584","7.089379227063","141.06286334991455","","0.2991351799336736","","50.50062711042415","","43795724"
"epoch_49","finished","-","","","2025-05-17T09:40:07.000Z","1041","","77.63952926985715","75.86372665891426","84.4752057528787","81.61513173914882","62.29994498583997","55.74248065951842","39.10535426802097","30.404441635821968","86.5285769178875","83.451211927611","63.129441759508374","50.06519561902596","67.28459887676361","54.84263969612836","77.31064289757228","31.43787894227339","49.92249076102953","33.52159665046639","53.15601153386945","52.00183363637606","68.11421321956622","58.41533422815253","82.46241759405675","78.49254182845725","48.15612870628307","30.223551888204668","49.456998866185806","28.82376738305942","28.57167986549912","24.71818600669099","30.956161586927873","25.434338126948948","41.80198468634151","36.990226646241936","83.69465656879834","81.47287804679047","56.26467045358892","40.14932211468366","49","0.20487486020811185","0.0000029575152732566297","","","","0.20487486020811185","","60.54372150370923","","","","","","","0.2961960826626795","","50.19296228602709","","[75.86372665891426,58.41533422815253,78.49254182845725,30.223551888204668,28.82376738305942,24.71818600669099,25.434338126948948,36.990226646241936,81.47287804679047,40.14932211468366,81.61513173914882,55.74248065951842,30.404441635821968,83.451211927611,50.06519561902596,54.84263969612836,31.43787894227339,33.52159665046639,52.00183363637606]",""
"epoch_48","finished","-","","","2025-05-17T09:22:53.000Z","1033","","77.60329583273574","75.91852642654912","84.70665278599104","81.92354941309615","62.06454684102343","55.44226755740507","38.712708118348296","30.5716777165573","86.51176250634357","83.69848671423026","63.341003518300695","49.904717445309785","69.45004541951111","55.90912819516964","75.79514196068169","36.09984360101579","50.139429661171434","33.98428481275684","53.041299130181066","52.16005729349826","67.84149061525831","58.539565513921374","82.44648386957259","78.47348319237155","48.196455896763496","30.622819165019084","49.67540590331101","29.03787077814501","28.56625940980367","25.167009206316475","31.044297587685417","26.104469003289715","42.0794818383023","37.55368888145739","83.71835171549498","81.63362323153405","56.82011508192792","40.63032205125381","48","0.20481033746920924","0.000005518918645844864","","","","0.20481033746920924","","60.618643562758294","","","","","","","0.294218602919293","","50.70396790520509","","[75.91852642654912,58.539565513921374,78.47348319237155,30.622819165019084,29.03787077814501,25.167009206316475,26.104469003289715,37.55368888145739,81.63362323153405,40.63032205125381,81.92354941309615,55.44226755740507,30.5716777165573,83.69848671423026,49.904717445309785,55.90912819516964,36.09984360101579,33.98428481275684,52.16005729349826]",""
"epoch_47","finished","-","","","2025-05-17T09:05:39.000Z","1034","","77.6126912226818","75.93500351947603","84.62905650128326","81.66332142488916","62.276526759083495","55.523243494043584","38.31527934189789","30.284275564255235","86.69080303992331","83.68331000062255","64.69473747788672","50.70097832312469","68.95610939271744","55.74958591323016","76.99055611695556","37.205563020179945","49.5619569263005","33.61414111354019","52.84633384775318","52.302572944697765","67.82799169800145","58.50027974121921","82.48702313166544","78.39212228687433","48.18983475122777","30.07456296024584","49.21979462891245","29.14109094075138","28.590054366973305","25.31347241620002","31.18284028882887","25.400984883440756","41.747936605587775","37.17847381028522","83.80357691731818","81.4746306860425","56.71767416879313","41.01671348214916","47","0.20484187293314296","0.000007949432487547622","","","","0.20484187293314296","","60.64951458862062","","","","","","","0.2945499345214067","","50.6923329750141","","[75.93500351947603,58.50027974121921,78.39212228687433,30.07456296024584,29.14109094075138,25.31347241620002,25.400984883440756,37.17847381028522,81.4746306860425,41.01671348214916,81.66332142488916,55.523243494043584,30.284275564255235,83.68331000062255,50.70097832312469,55.74958591323016,37.205563020179945,33.61414111354019,52.302572944697765]",""
"epoch_46","finished","-","","","2025-05-17T08:48:21.000Z","1037","","77.56643669815088","75.92570608424012","84.59030973087974","81.76729218177792","62.1724527914501","55.70841595442444","38.89008295453506","29.5650505981753","86.73650654982715","83.66290063603688","63.97807209540722","50.48317837898204","69.11297495968529","55.62541345962009","78.42084993995411","37.3217725172109","50.81653098618337","33.895046993295665","53.26931111357547","52.20697884403157","67.96500724628328","58.51123673065186","82.44004861533554","78.30402578676349","48.63709782994125","30.88129359037115","49.5538721815314","28.54516690175366","28.527309222293805","24.74243735798309","30.871762224963195","25.15262495137758","41.96780925143578","36.89353034599306","83.77133655730238","81.5584320448291","56.83200269838359","40.34258710087682","46","0.20463960502609496","0.000010298666348361789","","","","0.20463960502609496","","60.84840913932203","","","","","","","0.2951045566333268","","50.583846866231305","","[75.92570608424012,58.51123673065186,78.30402578676349,30.88129359037115,28.54516690175366,24.74243735798309,25.15262495137758,36.89353034599306,81.5584320448291,40.34258710087682,81.76729218177792,55.70841595442444,29.5650505981753,83.66290063603688,50.48317837898204,55.62541345962009,37.3217725172109,33.895046993295665,52.20697884403157]",""
"epoch_45","finished","-","","","2025-05-17T08:31:01.000Z","1040","","77.5602827837723","75.90845876556733","84.58319691938325","81.68132884428616","62.218810979396736","55.686416743232925","39.226328709758256","29.42958971092095","86.55891493957365","83.5098259285863","62.98140520225357","50.1480689209301","69.37102472310175","55.48499252171053","76.67726945748485","36.78531736231167","50.04058656654384","34.073590834343406","53.19668581303244","52.46847783131846","68.15481373025337","58.55212404214446","82.5055955762803","78.31740652043203","48.33702216069698","29.778951237911393","49.24905281293602","28.543861808995665","28.43997979606988","24.640915249575706","31.141558646544944","24.94876886881329","41.83638440204896","37.02051356630249","83.69544022522533","81.4190344088411","56.23802505871019","40.63137343702726","45","0.20540943707673603","0.000012589254117941671","","","","0.20540943707673603","","60.63223044752982","","","","","","","0.2983466513499528","","50.47521140017111","","[75.90845876556733,58.55212404214446,78.31740652043203,29.778951237911393,28.543861808995665,24.640915249575706,24.94876886881329,37.02051356630249,81.4190344088411,40.63137343702726,81.68132884428616,55.686416743232925,29.42958971092095,83.5098259285863,50.1480689209301,55.48499252171053,36.78531736231167,34.073590834343406,52.46847783131846]",""
"epoch_44","finished","-","","","2025-05-17T08:13:35.000Z","1046","","77.58513915687416","75.8965813565754","84.66001952700078","81.7972172961314","62.09686906347284","55.671128431251546","38.91097296418237","29.820774875608507","86.60542242411734","83.63094135193984","63.434328665969275","49.88984613885807","69.92338963719777","55.92544288382473","76.14898147658616","36.60313275087702","50.10057051583061","33.52170883297148","52.976513994538266","51.933035873517866","67.87614883684788","58.452228225518574","82.45871350432938","78.32120403249883","47.68841322263794","29.007671807050617","49.26863098179457","28.662748058335","28.55577299839843","24.836556159122505","30.82036688445434","25.10180898317417","41.8773940722453","37.37332802821537","83.7691060094142","81.37204393080702","55.80282554991546","40.52534422965721","44","0.2055457205518739","0.000014834165549752874","","","","0.2055457205518739","","60.55576734135826","","","","","","","0.29647178077947595","","50.43909174978606","","[75.8965813565754,58.452228225518574,78.32120403249883,29.007671807050617,28.662748058335,24.836556159122505,25.10180898317417,37.37332802821537,81.37204393080702,40.52534422965721,81.7972172961314,55.671128431251546,29.820774875608507,83.63094135193984,49.88984613885807,55.92544288382473,36.60313275087702,33.52170883297148,51.933035873517866]",""
"epoch_43","finished","-","","","2025-05-17T07:56:17.000Z","1038","","77.59757815277838","75.94515001366717","84.67304360611307","81.7209449991492","62.27514926569746","55.585460557360264","39.010523112541414","29.931049971925876","86.5560933165107","83.46547923377224","63.24577291582831","50.20616037833171","68.62576666183283","55.861736908447945","71.49146184081306","39.78692502683733","50.611431859362746","33.889870911102264","53.133296439495346","52.45698227485449","67.66939028891031","58.2539682079206","82.48167902302144","78.43445970289315","47.714720308778155","31.191058482716883","49.64402976537563","28.651555071134148","28.550622045312068","25.139781005002753","31.00135427864365","26.07962359405414","41.7109462768513","37.22849725671779","83.7003571699052","81.66482585133166","56.37805035554984","40.66893168837745","43","0.20633127064024673","0.000017041790893331676","","","","0.20633127064024673","","60.31954035175372","","","","","","","0.29292507478576935","","50.850655849241946","","[75.94515001366717,58.2539682079206,78.43445970289315,31.191058482716883,28.651555071134148,25.139781005002753,26.07962359405414,37.22849725671779,81.66482585133166,40.66893168837745,81.7209449991492,55.585460557360264,29.931049971925876,83.46547923377224,50.20616037833171,55.861736908447945,39.78692502683733,33.889870911102264,52.45698227485449]",""
"epoch_42","finished","-","","","2025-05-17T07:38:56.000Z","1041","","77.55084968251757","75.7935832412166","84.4842834977075","81.58589658663685","62.32330616925985","55.63214632593556","38.10576723483106","29.6000208962654","86.53723035001833","83.07319331287852","62.285502149277065","49.71303587618883","67.58925497661043","55.145759810699566","75.70018721356749","33.4150008177232","49.76867293580943","33.57308030308552","52.899544776099546","52.93077337634047","67.70604587838302","58.14395372595017","82.44079049248764","78.22770404877912","47.635263637456966","30.344799916190595","49.16935876260597","28.567271051872893","28.341329562694067","24.718225033947636","31.078686108741177","25.44716691192748","41.839520727322174","37.03312508427345","83.6704737744715","81.55258299530388","56.462581866842775","39.82171810284355","42","0.20690828758000415","0.000019217990943702904","","","","0.20690828758000415","","60.2941394629844","","","","","","","0.29866795197218476","","50.227317758845224","","[75.7935832412166,58.14395372595017,78.22770404877912,30.344799916190595,28.567271051872893,24.718225033947636,25.44716691192748,37.03312508427345,81.55258299530388,39.82171810284355,81.58589658663685,55.63214632593556,29.6000208962654,83.07319331287852,49.71303587618883,55.145759810699566,33.4150008177232,33.57308030308552,52.93077337634047]",""
"epoch_41","finished","-","","","2025-05-17T07:21:13.000Z","1062","","77.53333206491807","75.86305524663479","84.49578938241787","81.52146154579313","61.931162111950066","54.75874616410956","38.57813445819644","29.510941475072933","86.38980655009657","82.78796070458864","63.933804424621485","49.21292111261531","69.19512826183671","54.71030454497486","73.6825819459203","29.210261866761233","49.58283022867835","32.89893387741026","52.94035023631164","52.13827038153232","67.6122043940103","58.26517261435688","82.42964658577388","78.51028553166093","48.26659939098279","29.3046591776977","48.63341445653268","28.995312058819614","28.447059228232423","24.702822360783575","30.413764448384956","25.27006922053473","41.705422050644685","36.933563525057075","83.6154146918729","81.36494196579588","56.190798752876546","40.08931485999162","41","0.20789119277064128","0.00002136708386445385","","","","0.20789119277064128","","60.293539140224134","","","","","","","0.29871711848738663","","49.792052538641634","","[75.86305524663479,58.26517261435688,78.51028553166093,29.3046591776977,28.995312058819614,24.702822360783575,25.27006922053473,36.933563525057075,81.36494196579588,40.08931485999162,81.52146154579313,54.75874616410956,29.510941475072933,82.78796070458864,49.21292111261531,54.71030454497486,29.210261866761233,32.89893387741026,52.13827038153232]",""
"epoch_40","finished","-","","","2025-05-17T00:48:34.000Z","1052","","77.54139647518133","75.86146357348342","84.54193064163736","81.6956880734786","61.95941134022347","55.577141456032834","38.210181303959054","30.085892916269007","86.5850161817914","83.35626494379927","63.34478141229896","49.89765108976015","67.39776188036825","54.812354118039345","76.86871876209906","31.226394061795087","50.36436385226787","33.840791410447025","53.033813888337264","52.02243995562076","67.7663344508783","58.39063932025938","82.42891034798437","78.27678353841023","48.17202037395948","30.771629104379677","48.74827019018523","28.721356006492023","28.226662394261147","24.73996474307027","30.91862566873369","25.38841963161811","41.56639451427773","36.95105967874498","83.59179423516674","81.53307287000364","56.4684540444358","40.51121500486076","40","0.20727904632915067","0.000023492378861760376","","","","0.20727904632915067","","60.407096945160355","","","","","","","0.29666432604461374","","50.19264323666128","","[75.86146357348342,58.39063932025938,78.27678353841023,30.771629104379677,28.721356006492023,24.73996474307027,25.38841963161811,36.95105967874498,81.53307287000364,40.51121500486076,81.6956880734786,55.577141456032834,30.085892916269007,83.35626494379927,49.89765108976015,54.812354118039345,31.226394061795087,33.840791410447025,52.02243995562076]",""
"epoch_39","finished","-","","","2025-05-17T00:31:04.000Z","1049","","77.54049009778001","75.79775973136732","84.53326494905423","81.55023017919693","62.03310569636624","55.24005309160535","38.19128420319133","29.568782004637136","86.44506643350671","83.45497825836875","62.82855211553054","49.73124896058539","66.78021426109227","54.9818256284237","75.53678765134376","35.75666959652419","49.82545728517015","33.33371669100987","52.928628578257445","51.97671678812124","67.63842196756336","58.39486078643448","82.36084524457343","78.39151544855613","47.29083288391852","29.698268521640003","48.87578206977706","28.492100100369605","28.312294301549084","24.64374393844406","30.6745224427203","25.12351524131467","41.47285517614824","36.48097727935114","83.55958704870353","81.45882381917507","56.48866094989339","40.09221146451844","39","0.20854339100249852","0.000025596489844146203","","","","0.20854339100249852","","60.17456070295473","","","","","","","0.2968143228285327","","50.21936829103387","","[75.79775973136732,58.39486078643448,78.39151544855613,29.698268521640003,28.492100100369605,24.64374393844406,25.12351524131467,36.48097727935114,81.45882381917507,40.09221146451844,81.55023017919693,55.24005309160535,29.568782004637136,83.45497825836875,49.73124896058539,54.9818256284237,35.75666959652419,33.33371669100987,51.97671678812124]",""
"epoch_38","finished","-","","","2025-05-17T00:13:35.000Z","1049","","77.4995593854305","75.87506776280024","84.5376280135986","81.42576017847006","62.02276717934836","55.36222263211916","38.060230454661415","29.36672537559149","86.33764027365163","83.44071898900339","63.48437904722146","49.43441113438906","63.400659220384895","55.46546171619927","75.55732279254764","35.02313385302323","49.35887023836331","34.095767503141985","52.42966629817373","52.141130050258575","67.35958448999256","58.07468815934963","82.34902488360677","78.27783558443808","46.97667852962757","29.7324859139846","49.209821455143555","28.37006108054197","28.305320219224793","25.084377785935285","30.72356622769196","25.25145131394484","41.520093139504624","37.11898945268514","83.54491351081444","81.29376588834127","55.51045116964667","40.62308015044128","38","0.20967470627022153","0.00002768153171967635","","","","0.20967470627022153","","59.90464086992814","","","","","","","0.29998396176421","","50.28721760656097","","[75.87506776280024,58.07468815934963,78.27783558443808,29.7324859139846,28.37006108054197,25.084377785935285,25.25145131394484,37.11898945268514,81.29376588834127,40.62308015044128,81.42576017847006,55.36222263211916,29.36672537559149,83.44071898900339,49.43441113438906,55.46546171619927,35.02313385302323,34.095767503141985,52.141130050258575]",""
"epoch_37","finished","-","","","2025-05-16T23:56:10.000Z","1044","","77.4985548963145","75.83185104516483","84.49500665361725","81.5333710387153","61.90213561584957","55.567734542374566","37.86471467616991","29.3281880104633","86.43398467150675","83.2471961303621","62.55933036251768","49.933416030215874","67.98097728244008","54.872250299337445","75.46365761988147","34.02199658367146","49.01498136400937","33.31735645893013","52.413020959179725","52.03597656022073","67.28793126059605","58.20950175458637","82.23613978974042","78.22255418253468","47.548911080775824","28.80139718595557","48.40753965956663","28.32724412289676","28.194897393545627","24.05689450983099","30.525058711116387","24.23342884243946","41.44308468135944","36.56433320199323","83.49516698368319","81.1981029113623","56.095153395095274","40.55589737940775","37","0.21025515450093585","0.000029749249441556528","","","","0.21025515450093585","","60.045276160892904","","","","","","","0.30238711450271266","","49.992562673182256","","[75.83185104516483,58.20950175458637,78.22255418253468,28.80139718595557,28.32724412289676,24.05689450983099,24.23342884243946,36.56433320199323,81.1981029113623,40.55589737940775,81.5333710387153,55.567734542374566,29.3281880104633,83.2471961303621,49.933416030215874,54.872250299337445,34.02199658367146,33.31735645893013,52.03597656022073]",""
"epoch_36","finished","-","","","2025-05-16T23:38:44.000Z","1046","","77.46876929519496","75.84446888100535","84.4397767870673","81.54167355903543","61.78129258691315","55.61020203534518","37.48320165878606","28.82184958026813","86.25471514232089","83.37513202256784","62.26047569560187","49.57296471765097","67.18847307691327","55.48486570543743","75.17173622307625","39.01183878629425","47.966998139048385","33.82963838373457","52.5818326296541","52.17804697376186","67.31561293658883","58.04546126589756","82.24846908048924","78.07682969396092","45.36631352612898","30.78021262993311","48.278004951021096","28.261779704274932","28.195277677344578","24.280543703570352","30.053862942060768","24.673089990869386","41.40319567956682","36.40956875935929","83.59382227211742","81.42529033674772","55.165631527461954","40.28798422155415","36","0.2112858173444526","0.00003180110627669995","","","","0.2112858173444526","","59.695655885650325","","","","","","","0.300714263569809","","50.39533899743518","","[75.84446888100535,58.04546126589756,78.07682969396092,30.78021262993311,28.261779704274932,24.280543703570352,24.673089990869386,36.40956875935929,81.42529033674772,40.28798422155415,81.54167355903543,55.61020203534518,28.82184958026813,83.37513202256784,49.57296471765097,55.48486570543743,39.01183878629425,33.82963838373457,52.17804697376186]",""
"epoch_35","finished","-","","","2025-05-16T23:21:18.000Z","1046","","77.43896716734415","75.75571613596212","84.37706964233233","81.34821023210618","61.96050504833973","55.20490745515676","37.51474663228072","28.804697801355367","86.27404655282034","82.91812823329307","61.194121539709315","48.57752965652772","66.07088464383621","54.161401272939024","74.18889795955288","29.948062863503804","49.03519012675117","33.02292316156243","52.76219627141059","51.699051171352274","67.105138627677","57.81837155423274","82.28052968156494","78.100110916861","46.81952767938612","28.178275512145905","48.45721421987537","28.11952726745418","27.94935331829716","23.95019018805187","30.020791375815527","23.61065875928671","41.09866489567416","36.07715496834129","83.36737233453219","81.2487939908349","55.6877552222431","40.23952680004284","35","0.2127736870426941","0.000033838346190164985","","","","0.2127736870426941","","59.66331436523384","","","","","","","0.30674343364324397","","49.40964410215843","","[75.75571613596212,57.81837155423274,78.100110916861,28.178275512145905,28.11952726745418,23.95019018805187,23.61065875928671,36.07715496834129,81.2487939908349,40.23952680004284,81.34821023210618,55.20490745515676,28.804697801355367,82.91812823329307,48.57752965652772,54.161401272939024,29.948062863503804,33.02292316156243,51.699051171352274]",""
"epoch_34","finished","-","","","2025-05-16T23:03:50.000Z","1048","","77.48621220855479","75.82178460724049","84.28889677530958","81.38436172418585","61.533529829761704","54.77650087620989","37.536993435042795","28.58571947245784","86.28681228975587","83.46306703622173","61.6241359826027","49.20399685886092","66.81355321564281","54.729275682558075","75.91368990854018","34.012103469907366","48.27122561524057","32.998760299282075","52.316147436966254","52.323880404365376","67.13988764790354","58.00084352988484","82.21036522988805","78.08081670838469","46.99704817359995","28.716974623381127","48.38778561800397","28.322530354848","28.02313478637571","24.350517088442924","29.85471065976613","24.34545186205539","40.78077876354469","36.25782923900881","83.32995455661865","81.2591413933258","55.19063740843295","40.30959783145199","34","0.2129267256792265","0.00003586203916306077","","","","0.2129267256792265","","59.683447344292155","","","","","","","0.3009745533951742","","49.83911331905648","","[75.82178460724049,58.00084352988484,78.08081670838469,28.716974623381127,28.322530354848,24.350517088442924,24.34545186205539,36.25782923900881,81.2591413933258,40.30959783145199,81.38436172418585,54.77650087620989,28.58571947245784,83.46306703622173,49.20399685886092,54.729275682558075,34.012103469907366,32.998760299282075,52.323880404365376]",""
"epoch_33","finished","-","","","2025-05-16T22:46:21.000Z","1049","","77.43521985267076","75.74028198262141","84.42846426201291","81.39068582701726","61.57997084300564","54.7316635850763","37.75137493681182","28.725110301170147","86.28825198858395","83.53711920599133","60.56990510640426","49.17472263673522","66.5830230927402","55.15568641317237","74.08523902664494","38.532939875933","49.83149032678008","33.37063590639103","52.73983534812157","52.152663400305855","66.98793494224992","58.06141849984049","82.1679725526362","78.14799506180526","45.76164427474029","29.498728630155075","47.69626566747966","27.964856944310863","27.91169253197044","24.578465842901167","30.15286315637869","24.971558861588584","40.93894537334189","36.50500785507097","83.35108982391243","81.30578573109361","54.81799888376838","39.68447437908997","33","0.2144715484544521","0.00003787311489165393","","","","0.2144715484544521","","59.53048326264495","","","","","","","0.30191492365148964","","50.169989523172106","","[75.74028198262141,58.06141849984049,78.14799506180526,29.498728630155075,27.964856944310863,24.578465842901167,24.971558861588584,36.50500785507097,81.30578573109361,39.68447437908997,81.39068582701726,54.7316635850763,28.725110301170147,83.53711920599133,49.17472263673522,55.15568641317237,38.532939875933,33.37063590639103,52.152663400305855]",""
"epoch_32","finished","-","","","2025-05-16T22:28:53.000Z","1048","","77.4212942081266","75.74738066346289","84.17612358280007","81.16310018177842","61.48280808659579","54.93419208139416","36.04729528376712","29.058722710629297","86.32169725353313","82.96276197414669","61.9699516034467","47.60724433482381","66.43528662841507","55.18407324350116","74.09074673102795","36.2057343018604","47.62504406014461","33.31370476818144","52.21058785233607","51.7600400476536","66.8950783033855","57.57971053116141","82.04083902888654","77.9723318952506","45.93101775285562","30.2511047286662","47.687542288809944","28.289924974853193","27.85313985056348","24.62489791644854","29.640333265236812","24.35758362252935","40.54032897964942","36.56439092342201","83.30413292704831","81.30062674124893","55.05311225797412","39.59315737645295","32","0.21562193982473765","0.00003987238835693844","","","","0.21562193982473765","","59.30138736550542","","","","","","","0.3101351742972871","","49.91950963249816","","[75.74738066346289,57.57971053116141,77.9723318952506,30.2511047286662,28.289924974853193,24.62489791644854,24.35758362252935,36.56439092342201,81.30062674124893,39.59315737645295,81.16310018177842,54.93419208139416,29.058722710629297,82.96276197414669,47.60724433482381,55.18407324350116,36.2057343018604,33.31370476818144,51.7600400476536]",""
"epoch_31","finished","-","","","2025-05-16T22:11:26.000Z","1047","","77.3601868582389","75.76027924690368","84.08992701119932","81.28572829657084","61.22693794690526","55.27022294276963","36.76778032785147","28.948265191512768","86.15989523748588","83.04984105476228","61.36276939928076","49.2108289725996","66.16700117252662","54.73120340045989","74.08383199887625","32.744954035505344","47.11857089787641","33.09507140329877","51.86763767183141","51.81103460645495","66.71577001506792","57.70344476430731","81.98826118111816","78.0842529505925","45.66505022961314","27.86331940724524","47.052472289995386","27.944225547809687","27.80775303081462","24.21559237302895","29.01121529837924","23.99294035049121","40.46797452991083","36.03142031864699","83.23756916020933","81.02908690382505","54.60055865373615","39.706246948469634","31","0.21735447692108972","0.00004186057956972281","","","","0.21735447692108972","","59.09216646899564","","","","","","","0.3069336228741857","","49.604103090276546","","[75.76027924690368,57.70344476430731,78.0842529505925,27.86331940724524,27.944225547809687,24.21559237302895,23.99294035049121,36.03142031864699,81.02908690382505,39.706246948469634,81.28572829657084,55.27022294276963,28.948265191512768,83.04984105476228,49.2108289725996,54.73120340045989,32.744954035505344,33.09507140329877,51.81103460645495]",""
"epoch_30","finished","-","","","2025-05-16T21:53:58.000Z","1047","","77.34840780014767","75.71433987262338","84.07043107345437","81.19129211696688","61.11486348140118","55.01840075777788","35.4982135289176","27.836004402775927","86.0149588558597","83.23113968908523","58.802185152110134","48.06455201936984","65.38818240674196","53.582891741214425","69.73654578526343","32.01050145015801","46.998567809964214","33.14297283256424","51.753646944868734","52.026959151518994","66.440664590068","57.60442267723849","81.9765784696459","78.09238433441749","45.74672111703228","28.347929788590864","46.17481880362801","27.722157119490408","27.60287307444702","24.19727904632216","29.2604730176679","23.914284502640683","40.16129127923874","35.79823191377748","83.21183352830144","81.16347698267138","54.32591896288032","38.90126843324258","30","0.21955150650202773","0.0000438383290554087","","","","0.21955150650202773","","58.506693456928346","","","","","","","0.30585611990825856","","49.34528888591823","","[75.71433987262338,57.60442267723849,78.09238433441749,28.347929788590864,27.722157119490408,24.19727904632216,23.914284502640683,35.79823191377748,81.16347698267138,38.90126843324258,81.19129211696688,55.01840075777788,27.836004402775927,83.23113968908523,48.06455201936984,53.582891741214425,32.01050145015801,33.14297283256424,52.026959151518994]",""
"epoch_29","finished","-","","","2025-05-16T21:36:33.000Z","1045","","77.31116990049789","75.71282127384262","84.14762141193859","80.92833396743347","61.18977687812291","54.785523910131786","36.57141187830184","28.684660195938054","86.17962561437538","82.93130868595496","58.33015660556221","47.767866635480225","65.78552928446928","54.45863518752388","73.88677527578437","34.310514798118675","47.68651253301209","32.40022413561782","51.822061332162264","51.28398955771206","66.60559958809131","57.1676259731952","81.97018152534959","77.86791521197698","44.6637207238692","27.15558190656487","46.699225975978166","27.605876729977975","27.728731825721425","23.64881475895711","28.835379936429533","23.163851836551583","40.462390314394824","35.640668537742854","83.17902053298742","81.05503359695875","54.69965258773168","39.222619869500754","29","0.21920587283111256","0.00004580621016515332","","","","0.21920587283111256","","58.82918651183053","","","","","","","0.3133629455180939","","49.25220351416735","","[75.71282127384262,57.1676259731952,77.86791521197698,27.15558190656487,27.605876729977975,23.64881475895711,23.163851836551583,35.640668537742854,81.05503359695875,39.222619869500754,80.92833396743347,54.785523910131786,28.684660195938054,82.93130868595496,47.767866635480225,54.45863518752388,34.310514798118675,32.40022413561782,51.28398955771206]",""
"epoch_28","finished","-","","","2025-05-16T21:19:08.000Z","1045","","77.28379548473939","75.6760789353288","84.12252168497773","81.01239436536247","61.047522779357955","54.48122881978497","35.883510405445584","27.10714585790438","85.82600390106145","83.08187346732","58.7511877591452","47.9280594176389","62.8015154457607","54.06062388404579","73.40236897419494","31.504020795451627","46.40668451475059","32.34736102435976","51.4544995157283","52.07476531644356","66.36287722975803","57.48828084167934","81.82448646435049","77.97389973197718","45.753601768365954","27.199970567755184","46.32594331572174","27.755248835361723","27.398259887258973","23.870165254990223","29.16773407745242","23.795167716108516","40.12831633451643","35.64837835795068","83.16171567690401","81.13048890448194","54.44696407257591","39.36271559983194","28","0.22152553579791356","0.00004776473898425048","","","","0.22152553579791356","","58.502605752213974","","","","","","","0.3088187181842541","","49.1314667207251","","[75.6760789353288,57.48828084167934,77.97389973197718,27.199970567755184,27.755248835361723,23.870165254990223,23.795167716108516,35.64837835795068,81.13048890448194,39.36271559983194,81.01239436536247,54.48122881978497,27.10714585790438,83.08187346732,47.9280594176389,54.06062388404579,31.504020795451627,32.34736102435976,52.07476531644356]",""
"epoch_27","finished","-","","","2025-05-16T21:01:39.000Z","1048","","77.28254541487729","75.60464711000418","83.87536278750414","80.60656091501419","61.04584479398404","54.781018313939214","35.98364355578057","28.638706840842627","85.85648412810987","82.21707769412387","58.592750124535385","46.39329442298959","64.51871787185003","53.31294808987999","73.26454193390308","27.549309741094795","46.131731475434705","31.818467441164177","51.88823526438539","50.63225420699267","66.01922853194196","57.12987658264665","81.76337486566611","77.8153237837479","44.4735627665934","27.116382512158182","46.31442037945763","27.72255578927114","27.39059349219133","24.124953064987427","28.649916551917332","22.45324832216879","39.581441376780866","35.47074097961691","83.00897230292567","80.89938004098649","53.55997105699547","39.40618765982112","27","0.22371216694191667","0.00004971438239473717","","","","0.22371216694191667","","58.37901782499127","","","","","","","0.3202240642851698","","48.61541755323422","","[75.60464711000418,57.12987658264665,77.8153237837479,27.116382512158182,27.72255578927114,24.124953064987427,22.45324832216879,35.47074097961691,80.89938004098649,39.40618765982112,80.60656091501419,54.781018313939214,28.638706840842627,82.21707769412387,46.39329442298959,53.31294808987999,27.549309741094795,31.818467441164177,50.63225420699267]",""
"epoch_26","finished","-","","","2025-05-16T20:43:45.000Z","1073","","77.2235208336495","75.63237736771032","83.87465217777668","81.01813618575136","60.88439732378529","54.361876583790334","35.76915651581366","27.967247859598825","85.76571838444607","83.22878657246697","57.656397367294566","46.37277793476205","64.751191001118","54.20861560487502","72.2542418648712","35.64422495338931","46.69086456624538","31.91471522834552","51.577377214586306","50.68595807148644","66.06752453272323","57.13863350914507","81.61923572329343","77.6276177185498","42.958822968064375","28.12910122034502","44.58204839047699","27.01112439940929","27.19797751950776","24.14283560885935","28.547391115388603","23.062023055690855","39.867461653348215","35.15549261746329","82.86215940144035","81.04043686288536","53.48261136764766","39.311507084168355","26","0.22663381877746291","0.0000516555647014613","","","","0.22663381877746291","","58.08593420639354","","","","","","","0.3150239560061586","","49.13965728624697","","[75.63237736771032,57.13863350914507,77.6276177185498,28.12910122034502,27.01112439940929,24.14283560885935,23.062023055690855,35.15549261746329,81.04043686288536,39.311507084168355,81.01813618575136,54.361876583790334,27.967247859598825,83.22878657246697,46.37277793476205,54.20861560487502,35.64422495338931,31.91471522834552,50.68595807148644]",""
"epoch_25","finished","-","","","2025-05-16T19:34:26.000Z","1710","","77.23165312311355","75.58955994834385","83.74564508312949","81.08807733143217","60.88552478485722","54.394829519451626","35.66444142954264","27.80247091669146","85.72143269776106","82.86564180207088","58.23998410372321","47.89014586394333","62.88012200062273","53.56810503530174","70.8749572390578","28.36539235931021","46.12971159304995","31.931467724047813","51.35474046017904","51.294011428899786","65.77140304675014","57.292393025449016","81.54865605661217","77.87146342124355","42.9870604232519","26.93705318221447","45.16895384523365","27.38395099890279","27.043580308246774","24.016772328704345","28.237446103123236","22.648666777375094","39.339501213434446","35.27030896429949","82.71910745588708","80.86493385631971","52.624228480367776","39.365070154334575","25","0.2282314100196116","0.00005358867312681466","","","","0.2282314100196116","","57.798323655154945","","","","","","","0.31078226221892646","","48.76001655991242","","[75.58955994834385,57.292393025449016,77.87146342124355,26.93705318221447,27.38395099890279,24.016772328704345,22.648666777375094,35.27030896429949,80.86493385631971,39.365070154334575,81.08807733143217,54.394829519451626,27.80247091669146,82.86564180207088,47.89014586394333,53.56810503530174,28.36539235931021,31.931467724047813,51.294011428899786]",""
"epoch_24","finished","-","","","2025-05-16T19:05:51.000Z","1715","","77.18514518464852","75.63220841354928","83.782469703008","80.8544458643293","60.73727352287101","54.35125984823508","34.250512659297364","27.603966071636492","85.79163638537648","82.7455446387101","54.73097993055875","46.36351481807836","63.328424526032855","53.75342986931041","71.44518951378936","30.699293383674583","45.25006272437371","32.52818098192986","51.30929212266451","50.8624924743617","65.82508340555952","56.617910919415806","81.56521140539361","77.88985670061179","42.981613363673674","27.366400425528266","44.833521946186664","26.911482221593783","26.863333568222508","23.61470689217381","27.963186529316868","22.282825143034763","39.07638766684317","34.635611453510364","82.7183077975724","80.6333983339564","53.077718167052225","39.131756965734986","24","0.22895209292191585","0.00005551406240486037","","","","0.22895209292191585","","57.51133421697059","","","","","","","0.3197804934785752","","48.65675186417763","","[75.63220841354928,56.617910919415806,77.88985670061179,27.366400425528266,26.911482221593783,23.61470689217381,22.282825143034763,34.635611453510364,80.6333983339564,39.131756965734986,80.8544458643293,54.35125984823508,27.603966071636492,82.7455446387101,46.36351481807836,53.75342986931041,30.699293383674583,32.52818098192986,50.8624924743617]",""
"epoch_23","finished","-","","","2025-05-16T18:37:16.000Z","1714","","77.14727840807942","75.62059255968788","83.56222102893608","80.8685204027452","60.66026709589215","54.16727198454605","35.24334122922807","26.138939168003095","85.69245869857627","82.59599463877298","57.76768122063453","47.38817346282249","63.349566379260544","53.57914306805813","71.87266087886083","32.17414720599193","45.0905626132656","31.570556601337508","50.96542999242831","51.17647058823529","65.6432748862725","56.89291250820442","81.52861659482846","77.67294838967437","43.036526079596946","26.19250609937251","44.724221080631885","26.80487261171262","26.830389323468356","23.15544848714961","28.051593450641672","21.81911930166166","39.0466011672484","34.690740703738484","82.73159743353936","80.6005791782711","53.19075491261127","39.38339664494251","23","0.23008679237415772","0.00005743205865145341","","","","0.23008679237415772","","57.69131802494741","","","","","","","0.3188495045293591","","48.55222808446988","","[75.62059255968788,56.89291250820442,77.67294838967437,26.19250609937251,26.80487261171262,23.15544848714961,21.81911930166166,34.690740703738484,80.6005791782711,39.38339664494251,80.8685204027452,54.16727198454605,26.138939168003095,82.59599463877298,47.38817346282249,53.57914306805813,32.17414720599193,31.570556601337508,51.17647058823529]",""
"epoch_22","finished","-","","","2025-05-16T18:08:41.000Z","1715","","77.13890528503033","75.52814667553255","83.56969333769226","80.64747111139474","60.29390526228829","54.71330525451926","33.193742339518636","27.872877757332393","85.55379423283631","82.03618317577279","57.21609669695022","46.72775498779836","59.69468139382555","53.64059672913699","71.36635406741222","29.808006965189055","45.06624201942263","31.87038946037036","50.90852721073009","50.735290353734506","65.16774684800777","56.356747322325376","81.4622917283278","77.33523083656844","41.45274191686368","27.79408373108257","44.40147437238636","26.570356104688685","26.493377369196196","23.019794985704145","27.537358173635617","22.783719831152844","38.80345138235788","34.826991472192326","82.63783141151114","80.84091919257338","52.13781183695568","37.75080861767618","22","0.2335047032684088","0.0000593429626470586","","","","0.2335047032684088","","57.05768562552362","","","","","","","0.32012950990371364","","48.466246029723415","","[75.52814667553255,56.356747322325376,77.33523083656844,27.79408373108257,26.570356104688685,23.019794985704145,22.783719831152844,34.826991472192326,80.84091919257338,37.75080861767618,80.64747111139474,54.71330525451926,27.872877757332393,82.03618317577279,46.72775498779836,53.64059672913699,29.808006965189055,31.87038946037036,50.735290353734506]",""
"epoch_21","finished","-","","","2025-05-16T17:39:55.000Z","1726","","77.06616997054623","75.52397120088563","83.72436405625398","80.64491595713915","60.29375068911289","54.55758213578994","33.60794717542703","27.026210543103552","85.4493787686843","82.2511709837114","56.22769848131285","46.12773526197208","63.71958736851445","53.35174693883916","70.8876389156504","30.729082476405996","45.44080767401154","31.909607924954013","50.82855887047647","50.57745461021814","65.19217439602298","56.43544872643484","81.30686561100619","77.27513714379702","42.15126119311316","26.578905075843608","43.7592022896823","26.723410398021695","26.348531376150905","23.440173241732595","27.239385650945707","21.764655474875056","38.14199934489713","34.36416786583765","82.58959373622477","80.72625349984978","52.710121901401195","38.59143824994003","21","0.23554112435183452","0.00006124705263919325","","","","0.23554112435183452","","57.19394934049655","","","","","","","0.32331385012872205","","48.34731935312376","","[75.52397120088563,56.43544872643484,77.27513714379702,26.578905075843608,26.723410398021695,23.440173241732595,21.764655474875056,34.36416786583765,80.72625349984978,38.59143824994003,80.64491595713915,54.55758213578994,27.026210543103552,82.2511709837114,46.12773526197208,53.35174693883916,30.729082476405996,31.909607924954013,50.57745461021814]",""
"epoch_20","finished","-","","","2025-05-16T17:10:43.000Z","1752","","77.02040018145456","75.52251594972542","83.71391003503675","80.32110595025225","59.82676169624938","53.98294662681583","32.9593522136728","27.05103480888731","85.24754882313086","82.30037451252227","53.7360510999366","45.45788466371527","61.707624572130335","53.15034624425573","69.30135472882256","32.34219885758079","44.6246968541658","31.30734623808677","50.43698407493665","50.30488863176165","64.8561411780115","56.35510727878339","81.27994829377988","77.4900002124468","42.17745054717101","25.90031242557249","43.60413769280578","26.613173936897915","26.43345340844479","23.2375838379277","26.525124356829338","22.11179695959657","38.27298190808519","34.46035540781167","82.44410871662157","80.61747146419417","51.89012089318731","38.37670362543464","20","0.23810585239859483","0.00006314458674893553","","","","0.23810585239859483","","56.634639540761725","","","","","","","0.323267840161295","","48.25806040169835","","[75.52251594972542,56.35510727878339,77.4900002124468,25.90031242557249,26.613173936897915,23.2375838379277,22.11179695959657,34.46035540781167,80.61747146419417,38.37670362543464,80.32110595025225,53.98294662681583,27.05103480888731,82.30037451252227,45.45788466371527,53.15034624425573,32.34219885758079,31.30734623808677,50.30488863176165]",""
"epoch_19","finished","-","","","2025-05-16T15:30:48.000Z","1677","","76.92139682398052","75.49159935481127","83.26897334490597","80.35306516874572","59.82071919422115","53.758918159787896","31.74104964539007","26.5102059273998","85.23264622569539","82.36401974253174","50.60964531986921","44.572198873998886","59.85039476364905","52.9171791944466","68.48099435217854","28.489117325773016","42.64871233486715","31.401831709299945","50.20862710282453","50.08124698957518","64.4606926267208","55.76465545445062","81.00927873962334","77.52918132048467","39.84250142236768","25.88154804829793","42.33448692388512","26.07819271169959","25.932337595720316","22.963910465248595","26.135817929526755","20.787605326120875","37.578498572464675","33.45620267411654","82.16985204220207","80.2554084180163","51.158666414441825","38.404181413731195","19","0.24379527489192612","0.0000650358050487742","","","","0.24379527489192612","","55.75817323023865","","","","","","","0.33081426154710575","","47.74001411992297","","[75.49159935481127,55.76465545445062,77.52918132048467,25.88154804829793,26.07819271169959,22.963910465248595,20.787605326120875,33.45620267411654,80.2554084180163,38.404181413731195,80.35306516874572,53.758918159787896,26.5102059273998,82.36401974253174,44.572198873998886,52.9171791944466,28.489117325773016,31.401831709299945,50.08124698957518]",""
"epoch_18","finished","-","","","2025-05-16T15:02:47.000Z","1681","","76.86871402583235","75.45519494527879","82.98812075331463","80.31951513752095","59.65747562098858","53.477817629741665","32.458791352576746","24.68596276498957","85.11357746315731","82.20214238316878","54.09502299458913","45.43535625738757","59.90656453630591","52.41543353923992","68.68726688962039","29.71352679790481","42.32535662540432","30.23366908606131","49.741178259655506","50.28041722260286","64.17435319046561","56.016349178791245","80.94466595577305","77.24422970004593","39.89057468232732","24.35696816424895","42.07727087920512","25.947187030411705","25.871123147876844","22.432623429320454","26.205226770477548","20.095760997474574","37.378503223558795","33.354479322231775","82.15211975485937","80.19110606321843","51.16078167576874","38.525691178344616","18","0.24584828600116815","0.00006692093136584148","","","","0.24584828600116815","","55.87877304219775","","","","","","","0.331155512147321","","47.49386478042021","","[75.45519494527879,56.016349178791245,77.24422970004593,24.35696816424895,25.947187030411705,22.432623429320454,20.095760997474574,33.354479322231775,80.19110606321843,38.525691178344616,80.31951513752095,53.477817629741665,24.68596276498957,82.20214238316878,45.43535625738757,52.41543353923992,29.71352679790481,30.23366908606131,50.28041722260286]",""
"epoch_17","finished","-","","","2025-05-16T14:34:53.000Z","1674","","76.84431022824671","75.3672637128699","82.93492732210595","80.09345348781767","59.21941009619778","54.04083638575711","30.361211085663044","26.560904573254973","84.87998601546981","81.68402578476906","52.61983597650853","44.44283381169126","55.86432302255028","52.66925079121688","68.20121833140607","27.564003080463937","42.06141222657105","30.31976357006323","49.67192429022082","49.77004228883333","63.59397213863438","55.376319968260155","80.83687988308687","76.8820167487822","38.17176054525813","25.898792366497705","41.67766171687289","25.631742960167013","25.442427952976782","22.29810709454428","25.5785792070036","21.113602814564985","37.04906914536437","33.433317184850644","82.01791031701026","80.41319166492738","50.03574173518056","36.72077969879904","17","0.2506547530416314","0.00006880017485427283","","","","0.2506547530416314","","55.10855585454357","","","","","","","0.3324518198381641","","47.38317094674373","","[75.3672637128699,55.376319968260155,76.8820167487822,25.898792366497705,25.631742960167013,22.29810709454428,21.113602814564985,33.433317184850644,80.41319166492738,36.72077969879904,80.09345348781767,54.04083638575711,26.560904573254973,81.68402578476906,44.44283381169126,52.66925079121688,27.564003080463937,30.31976357006323,49.77004228883333]",""
"epoch_16","finished","-","","","2025-05-16T14:06:50.000Z","1682","","76.74459161104552","75.32891560820264","83.05872191750309","80.00441997161114","59.1028764422923","53.77292508834704","30.440233976683317","25.30648829799763","84.72947034795557","81.72160977817815","51.57431894291364","43.81364258836052","59.66543425748543","52.274690719588655","67.0364983331413","28.160068662160704","42.0656230738069","30.39437992303471","49.42915685828565","49.57297759633881","63.50673927737349","55.40149340197043","80.61969214414647","76.7590433954725","38.6339578244264","24.549096555755725","40.77701657127412","25.683766323749698","25.1982040568462","22.611915047345736","24.811895926619773","19.8239058666108","36.2323604447192","32.798304149618225","81.90256199270026","80.25474958130624","50.48922515299189","37.52073596603938","16","0.2541109411515125","0.00007067373137235415","","","","0.2541109411515125","","55.053609429063705","","","","","","","0.33804604955419093","","47.14490150114151","","[75.32891560820264,55.40149340197043,76.7590433954725,24.549096555755725,25.683766323749698,22.611915047345736,19.8239058666108,32.798304149618225,80.25474958130624,37.52073596603938,80.00441997161114,53.77292508834704,25.30648829799763,81.72160977817815,43.81364258836052,52.274690719588655,28.160068662160704,30.39437992303471,49.57297759633881]",""
"epoch_15","finished","-","","","2025-05-16T13:38:19.000Z","1711","","76.67174201466048","75.31554947926762","83.02679601428873","79.59328398500105","58.51221831813794","53.13416053322545","29.334884504791976","25.201307302930548","84.47817664240866","81.68916685375085","48.62829731297663","42.54263885179452","57.162706411744345","51.56373186166926","64.4554092462337","29.473431310503234","41.08968601295698","29.63341593235028","48.99580557741016","49.23814435056407","63.05851711435986","55.21872414011193","80.55550147666023","76.92336581798966","38.33704495931871","23.798915305350913","40.4865187668494","25.489950475994448","25.16826941168333","22.305338068346614","24.064824027612765","19.978234514469488","36.21321696747189","32.77415648365022","81.70597557791024","80.08188540614674","49.31471351195755","37.197269630239475","15","0.25819616652456406","0.000072541784693722","","","","0.25819616652456406","","54.27685809839125","","","","","","","0.3403082859373378","","46.90277212122928","","[75.31554947926762,55.21872414011193,76.92336581798966,23.798915305350913,25.489950475994448,22.305338068346614,19.978234514469488,32.77415648365022,80.08188540614674,37.197269630239475,79.59328398500105,53.13416053322545,25.201307302930548,81.68916685375085,42.54263885179452,51.56373186166926,29.473431310503234,29.63341593235028,49.23814435056407]",""
"epoch_14","finished","-","","","2025-05-16T09:35:29.000Z","1787","","76.53362843325793","75.261282737181","82.27598920683033","79.71206578572698","58.4693521295761","52.65004087107695","29.20249246992408","22.888948220489254","84.38652290148147","81.6690960635739","49.807099839375255","42.98014729426833","55.87290792691331","50.803827580676774","64.6097127929463","27.38558931930917","39.0679399581785","28.516023007395223","48.30176039243543","49.185975535537665","62.45300174833457","55.01934077422091","80.24942636118136","76.7389403238934","36.4256373051087","22.269218900341453","39.16122970239285","25.01770451319889","24.711100217465397","21.59412648237892","24.0115373068656","18.321448527259665","35.444259218581095","31.849871480812663","81.46598351007938","79.73332575237197","48.86103002355144","37.37278887581933","14","0.2651305421049358","0.00007440450757678327","","","","0.2651305421049358","","53.75319007602522","","","","","","","0.34577920568917325","","46.26156642344907","","[75.261282737181,55.01934077422091,76.7389403238934,22.269218900341453,25.01770451319889,21.59412648237892,18.321448527259665,31.849871480812663,79.73332575237197,37.37278887581933,79.71206578572698,52.65004087107695,22.888948220489254,81.6690960635739,42.98014729426833,50.803827580676774,27.38558931930917,28.516023007395223,49.185975535537665]",""
"epoch_13","finished","-","","","2025-05-16T09:05:37.000Z","1791","","76.48139383842299","75.15059967446263","82.13531313411042","79.40693904688183","57.9044554412741","53.16781274975722","27.16794628096383","24.61666977134075","84.03236956782123","81.02348002862713","47.31903610226944","41.586649000837795","51.6060760416548","51.53046766286992","63.94423597659855","25.38682531783015","38.35774157434063","28.302891396332853","48.1178876253998","48.6521908838236","61.69499412212058","54.132910654488086","80.08847148670404","76.29071290559065","34.545954349598986","23.482631451607165","38.64068990614295","24.469294068182013","24.17270918132702","21.41186187323973","23.02465243472719","19.13279483037156","34.96112516325934","31.77669568236128","81.27906558893118","79.88874608664958","47.61202514163408","35.380567196179705","13","0.2719907638055223","0.00007626206271242883","","","","0.2719907638055223","","52.79400752406848","","","","","","","0.3499741299959","","46.04161790954914","","[75.15059967446263,54.132910654488086,76.29071290559065,23.482631451607165,24.469294068182013,21.41186187323973,19.13279483037156,31.77669568236128,79.88874608664958,35.380567196179705,79.40693904688183,53.16781274975722,24.61666977134075,81.02348002862713,41.586649000837795,51.53046766286992,25.38682531783015,28.302891396332853,48.6521908838236]",""
"epoch_12","finished","-","","","2025-05-16T08:35:33.000Z","1804","","76.33550520947806","75.08803448854641","82.21611164653149","79.20257540341329","57.66313449079541","52.74145554584978","26.923745347111485","22.979786495426413","83.78840772676338","81.00546798034465","45.87007475721319","40.94742117297904","54.57987816599387","50.84946495393571","62.29378456604001","25.62278965445991","38.179468819400775","28.075352909350244","47.72718236545131","48.399662078859","61.4322806222556","54.123834609124","79.78511657125225","76.13440384376784","34.65273793636738","22.17295979649081","37.36490811458968","24.462835196506667","23.780574749926515","21.539712496409273","22.059122205528887","17.60856720344986","34.0447271769755","31.009880774639832","81.05764138838857","79.6688283427402","47.802942144321854","36.01024643591886","12","0.27788164314479774","0.00007811460356680608","","","","0.27788164314479774","","52.503018105493965","","","","","","","0.35755687844967415","","45.66543575695851","","[75.08803448854641,54.123834609124,76.13440384376784,22.17295979649081,24.462835196506667,21.539712496409273,17.60856720344986,31.009880774639832,79.6688283427402,36.01024643591886,79.20257540341329,52.74145554584978,22.979786495426413,81.00546798034465,40.94742117297904,50.84946495393571,25.62278965445991,28.075352909350244,48.399662078859]",""
"epoch_11","finished","-","","","2025-05-16T08:04:06.000Z","1886","","76.2227471784194","75.0507845946755","82.10684878814853","78.68419702671272","56.90793238615118","52.046832099133944","25.37215655664585","22.665616446105837","83.41491032893686","80.87591104771089","42.60935375277922","39.1495077437059","51.57581883263658","49.39483817115744","58.23061462564477","25.79579896988204","36.877532576543814","27.062846439500355","47.11566423634864","47.84275809426881","60.78474300790826","53.75221840967416","79.62169340508667","76.21784604799056","34.04583919833443","21.307898779129314","36.94341295357585","24.090233835438987","23.60632751314534","21.08740586148925","21.04739613414898","17.55507815999107","33.76358044530025","30.771436472934223","80.79097642824108","79.42342168918745","46.14315446578012","35.48774657314652","11","0.2847181249495226","0.00007996227513322693","","","","0.2847181249495226","","51.430563305988194","","","","","","","0.3626063256385083","","45.171704024307104","","[75.0507845946755,53.75221840967416,76.21784604799056,21.307898779129314,24.090233835438987,21.08740586148925,17.55507815999107,30.771436472934223,79.42342168918745,35.48774657314652,78.68419702671272,52.046832099133944,22.665616446105837,80.87591104771089,39.1495077437059,49.39483817115744,25.79579896988204,27.062846439500355,47.84275809426881]",""
"epoch_10","finished","-","","","2025-05-15T07:39:04.000Z","1793","","76.06907850898018","74.92709748804285","81.59031886443198","78.93849401035983","56.89785510470956","51.615250342937976","25.18053097861953","21.748220389569116","83.13993022757143","81.37784946307715","41.76750465764536","38.68914839864065","49.0689523618211","48.657109446829786","59.14943810585914","24.64852512505547","35.129605228673114","27.3057115198451","46.2396237481705","47.36497251743439","60.36795371155051","53.31077820161225","79.32596348841737","76.0081035096292","32.07488917711259","21.102853513960852","36.104470062032426","23.67699364298388","22.872283958365703","20.770633123871193","19.66793141852525","16.82018982783253","33.0325501303696","29.414205865087673","80.57637222078549","79.32786947107755","46.01880876369286","34.74370178672326","10","0.292957765682963","0.00008180521460508584","","","","0.292957765682963","","50.75126635354387","","","","","","","0.36434235437187606","","44.76040566550372","","[74.92709748804285,53.31077820161225,76.0081035096292,21.102853513960852,23.67699364298388,20.770633123871193,16.82018982783253,29.414205865087673,79.32786947107755,34.74370178672326,78.93849401035983,51.615250342937976,21.748220389569116,81.37784946307715,38.68914839864065,48.657109446829786,24.64852512505547,27.3057115198451,47.36497251743439]",""
"epoch_9","finished","-","","","2025-05-15T07:09:14.000Z","1789","","75.92620737343805","74.83078933496986","81.25978009790599","78.39774326859336","55.86278855707341","51.39812532572054","22.388897385362533","20.773326657384754","82.73138777421538","80.38480011400442","39.13039679274363","37.207142088802605","46.8961900830719","49.17779755594091","56.53463059546836","23.06629834254143","33.215342340524685","25.012020774835275","45.91278328993751","47.13090567374583","59.23026263005337","52.36101260034416","78.8651810874939","75.21432334908943","30.212564752832392","19.235883064784563","34.75195123266578","23.062320675524088","22.20062402714137","20.241538562971133","17.766020328047986","15.40611205099593","31.63965151686582","29.22093728570877","80.03819154469628","79.20919391523599","44.27858679034916","34.094090256672125","9","0.3046122052287327","0.0000836435519798534","","","","0.3046122052287327","","49.412707273678286","","","","","","","0.3789010957151116","","43.9697032051508","","[74.83078933496986,52.36101260034416,75.21432334908943,19.235883064784563,23.062320675524088,20.241538562971133,15.40611205099593,29.22093728570877,79.20919391523599,34.094090256672125,78.39774326859336,51.39812532572054,20.773326657384754,80.38480011400442,37.207142088802605,49.17779755594091,23.06629834254143,25.012020774835275,47.13090567374583]",""
"epoch_8","finished","-","","","2025-05-15T06:38:43.000Z","1831","","75.74674465795987","74.77277233534296","80.65423983604607","77.96723738963604","54.91552032662121","50.38450331675401","21.83531304248359","19.49967707705328","82.25027669148537","80.08187593783013","37.46730694064437","36.87062294572841","44.800568646013","47.48769146135136","54.56857763174955","20.110851874394168","30.265247013693617","22.628900495513584","44.079219200151485","46.05244738324767","58.58397163233228","51.97597975853567","78.51336002030524","75.42898960133282","28.54007719764938","18.640460793194094","33.5136843028202","22.37099223678868","21.569120323796906","19.839051114280092","17.090688950036366","14.410835543524897","30.63178384535417","28.01948532487339","79.5769594892459","78.7462244072951","43.07574063799501","34.22284516826786","8","0.31702656023033704","0.00008547741060271343","","","","0.31702656023033704","","48.29886317823072","","","","","","","0.38377020450052385","","43.13218127183917","","[74.77277233534296,51.97597975853567,75.42898960133282,18.640460793194094,22.37099223678868,19.839051114280092,14.410835543524897,28.01948532487339,78.7462244072951,34.22284516826786,77.96723738963604,50.38450331675401,19.49967707705328,80.08187593783013,36.87062294572841,47.48769146135136,20.110851874394168,22.628900495513584,46.05244738324767]",""
"epoch_7","finished","-","","","2025-05-14T14:53:13.000Z","1688","","75.54421597830672","74.52336150164068","80.26549528240386","77.33163087108466","54.30505674350857","49.82198044411096","19.957492166689693","17.667018672085476","81.80266708511627","79.40578392492853","34.072035210996155","33.326473917069656","42.534087286325374","43.870006478877386","51.92234143826933","19.569922901620533","28.19078832979796","22.25160866128352","43.149385736551096","45.50848239297085","57.521066203268454","51.144766778372095","78.09688858347947","74.49450328145763","27.825854828104223","16.92847089958397","31.52661945976711","21.483591647013252","20.697170159478137","19.605317465278628","16.389065349699788","12.77876528441871","29.245421566628455","26.529034031410927","79.28075989674267","78.40817957980056","42.048871016286355","33.43169642238885","7","0.33046090170627335","0.0000873069076571686","","","","0.33046090170627335","","47.072383280074725","","","","","","","0.41003322913618145","","42.004241850284046","","[74.52336150164068,51.144766778372095,74.49450328145763,16.92847089958397,21.483591647013252,19.605317465278628,12.77876528441871,26.529034031410927,78.40817957980056,33.43169642238885,77.33163087108466,49.82198044411096,17.667018672085476,79.40578392492853,33.326473917069656,43.870006478877386,19.569922901620533,22.25160866128352,45.50848239297085]",""
"epoch_6","finished","-","","","2025-05-14T14:25:04.000Z","1688","","75.24136034211769","74.24563940855609","79.58709514880813","76.7640791343863","53.00685057810247","49.100343087186225","17.810830210310687","16.024900330366858","81.02973365895242","78.99762708536568","29.50466135766458","30.91414890780172","40.06965485905148","43.063733159301606","46.799196251081014","16.548782734423405","26.037036008001778","19.710589281278185","42.44637631368718","43.91344136450812","55.929923647517","50.08137384703625","77.56662492090433","74.68701361995147","24.90761131727227","15.933406327388647","30.258454875764535","20.965905634304686","19.620155233613637","18.19654195042587","13.872270924714952","11.432822438010216","28.004453543221032","25.98680289152106","78.46959552354092","77.17598933443894","40.33684294673295","31.937832946288214","6","0.35007475316524506","0.0000891321546089","","","","0.35007475316524506","","45.28940671900311","","","","","","","0.4244443129101199","","40.82531439381787","","[74.24563940855609,50.08137384703625,74.68701361995147,15.933406327388647,20.965905634304686,18.19654195042587,11.432822438010216,25.98680289152106,77.17598933443894,31.937832946288214,76.7640791343863,49.100343087186225,16.024900330366858,78.99762708536568,30.91414890780172,43.063733159301606,16.548782734423405,19.710589281278185,43.91344136450812]",""
"epoch_5","finished","-","","","2025-05-14T13:56:48.000Z","1695","","74.83846876053688","74.21581138158611","78.53366200156313","76.00105149188052","51.26196494067747","47.99853800867696","15.064895432452682","15.337630924906795","80.0940863328674","78.92725598928706","27.545870111881076","27.604512917447543","35.72383674197085","39.94292567387493","40.44856178983797","17.185986459911835","21.845995814706924","18.0544518127496","40.98266190070345","43.20936790448985","54.260433911246544","49.422638285796985","76.78632331508983","74.2270871270654","23.50032374341659","14.094795410638245","27.35349633944451","20.263421546301608","18.23173133803695","17.528422131644344","11.062032026880525","10.762803336350746","25.60364420928459","24.382937520419052","77.8279346328928","77.06977166702006","38.03127145005516","30.283016709220306","5","0.3764806261271921","0.00009095325760829622","","","","0.3764806261271921","","43.105115515449754","","","","","","","0.4352865062966318","","39.81644348943515","","[74.21581138158611,49.422638285796985,74.2270871270654,14.094795410638245,20.263421546301608,17.528422131644344,10.762803336350746,24.382937520419052,77.06977166702006,30.283016709220306,76.00105149188052,47.99853800867696,15.337630924906795,78.92725598928706,27.604512917447543,39.94292567387493,17.185986459911835,18.0544518127496,43.20936790448985]",""
"epoch_4","finished","-","","","2025-05-14T13:28:28.000Z","1699","","74.38850385246538","74.00469205105111","77.13282752001906","74.39346350249409","48.58949589750867","46.482337845260425","12.95271714914356","13.322145027092304","78.91532409176331","77.38712979952525","21.71557344909064","24.742843473407223","27.75481353684443","38.101175322529414","33.718226334309406","11.067295592196164","18.879054073829405","13.323438636497665","37.771777589848206","41.86307381096492","52.07950612856681","47.65445179944413","75.8187559523482","73.43526309755227","19.97525237412484","13.411005605145618","25.804396139611107","18.456101178917905","16.533999748991725","16.20448461269076","8.144336237826757","8.407296849087892","22.7405709497373","22.5468442697508","76.86781951935869","76.68407490419897","35.47162224555514","26.896630554113575","4","0.41098255029957714","0.00009277031785633284","","","","0.41098255029957714","","40.276556462681185","","","","","","","0.4607792436898112","","37.80967094378529","","[74.00469205105111,47.65445179944413,73.43526309755227,13.411005605145618,18.456101178917905,16.20448461269076,8.407296849087892,22.5468442697508,76.68407490419897,26.896630554113575,74.39346350249409,46.482337845260425,13.322145027092304,77.38712979952525,24.742843473407223,38.101175322529414,11.067295592196164,13.323438636497665,41.86307381096492]",""
"epoch_3","finished","-","","","2025-05-14T12:59:28.000Z","1740","","73.77060114257888","73.41538494152016","75.21383274656256","72.38829106069122","45.26146740097035","44.29793489426517","8.801035875952","9.7546363635032","76.76468938167429","75.92205247083776","16.947069621974435","19.59409764370961","20.91587384105167","30.174148010203165","26.381931762113325","12.691526613006602","10.511169139121709","9.452052809298143","34.36198929348554","38.940352724906745","48.97791091513077","45.29571829652741","74.44401702879247","72.11317738408229","15.654547252636172","11.40666832985684","21.728670313169264","15.663559683137592","13.85811320228366","13.837758098510546","5.978039178636427","6.928513861897885","19.520461540134633","19.03924512951467","75.18875142075386","75.55911280102966","31.631650774058397","25.876455354342028","3","0.4752036136582152","0.00009458343193786322","","","","0.4752036136582152","","36.6269379911095","","","","","","","0.5329002563111083","","35.3868782353074","","[73.41538494152016,45.29571829652741,72.11317738408229,11.40666832985684,15.663559683137592,13.837758098510546,6.928513861897885,19.03924512951467,75.55911280102966,25.876455354342028,72.38829106069122,44.29793489426517,9.7546363635032,75.92205247083776,19.59409764370961,30.174148010203165,12.691526613006602,9.452052809298143,38.940352724906745]",""
"epoch_2","finished","-","","","2025-05-12T14:08:26.000Z","1677","","","","","","","","","","","","","","","","","","","","","","","","","","","","","","","","","","","","","","","","2","0.6001148648161925","0.0000963926921258551","","","","0.6001148648161925","","31.47506789024181","","[72.89717762322725,44.85865925176523,72.0609182109198,11.383276404407647,16.610472750859998,9.834661163152852,3.385903320073042,14.194798794155885,72.46441496355675,24.20327033789725,71.56805316822587,39.57537245651497,4.4735531310033565,73.65349975966481,8.561132008279044,10.351404537184518,16.061606160616062,3.941331397567263,27.946784475522712]","","","","","0.6209158039021635","","32.34431375428731","","[72.93271711195418,42.67354323346163,70.63019685009215,8.885412848683636,13.42458732439156,12.046395526359843,5.381911963226383,16.711274403493775,73.54904086229827,21.993810110950783,69.54443640656916,40.84840893748192,5.975308922180406,73.82751131232918,13.45608795032906,23.487743065512404,10.640346653827631,3.149672984772072,35.383554863545]",""
"epoch_1","finished","-","","","2025-05-12T13:40:15.000Z","1690","","","","","","","","","","","","","","","","","","","","","","","","","","","","","","","","","","","","","","","","1","1.060807890166308","0.00009819818665965754","","","","1.060807890166308","","21.25794566483273","","[68.59218008669288,32.429873162211834,63.871538442669774,4.133396261513444,6.792354151719349,3.5813155536125394,0.335528926928479,3.455465299625608,63.25002002321946,8.376614730125691,54.02615095924214,20.072206446065906,0.8433557836868095,60.22619619125953,1.6991429429158895,1.1588442377947528,1.8576485481829104,0.44518422208143654,8.753951662273504]","","","","","0.7729929127022178","","27.32141379553604","","[72.0382409136081,38.47992283758156,68.41311439709108,5.5259809293505855,8.525432691669048,7.23822692486941,1.8655607376687156,9.592514423289584,71.12197104145727,14.689062264572916,64.66013266546032,34.81189071290286,2.5488348970198382,70.53822422218613,6.925106612856538,7.930131461792279,6.773191231531685,0.31277135888231933,27.11655179139454]",""