"Name","State","Notes","User","Tags","Created","Runtime","Sweep","class_0_train","class_0_val","class_10_train","class_10_val","class_11_train","class_11_val","class_12_train","class_12_val","class_13_train","class_13_val","class_14_train","class_14_val","class_15_train","class_15_val","class_16_train","class_16_val","class_17_train","class_17_val","class_18_train","class_18_val","class_1_train","class_1_val","class_2_train","class_2_val","class_3_train","class_3_val","class_4_train","class_4_val","class_5_train","class_5_val","class_6_train","class_6_val","class_7_train","class_7_val","class_8_train","class_8_val","class_9_train","class_9_val","epoch","lr","mean_loss","mean_loss_aux","mean_loss_bce","mean_loss_boundary_ce","mean_loss_main","train_loss","train_mIoU","val_loss","val_mIoU","val_mIoU_per_class"
"epoch_20","finished","-","","","2025-06-28T19:09:20.000Z","1189","","87.66128268319012","59.691898834723865","88.3198796619659","75.04245531944659","22.637008448378364","37.89605568424268","46.35977172318987","6.86996510459618","88.31243047806836","50.56359302742077","68.02008678838652","13.660176311008469","61.72697749422608","4.280870750023765","87.56588743417984","5.720702724298407","72.95395242907347","6.765330471229619","0.6303392691996019","0.308302962242266","83.61834685099834","19.09937481779493","79.17466519396213","69.8529904878481","61.66560706441763","14.353053652269992","54.97118355922462","12.413145539906104","35.5610017858468","27.4030528215708","24.579104343981133","20.82664548669402","18.54719900591846","10.53052268232024","70.89238093075924","77.20953551951257","72.37743054144738","24.87519587379906","20","0","2.5181949344525205","0.17848288814332694","0.10183731474474804","0.7136868565067299","0.08335034243826038","2.5181949344525205","59.24076503612704","4.6586475143432615","28.28225621426044","[59.691898834723865,19.09937481779493,69.8529904878481,14.353053652269992,12.413145539906104,27.4030528215708,20.82664548669402,10.53052268232024,77.20953551951257,24.87519587379906,75.04245531944659,37.89605568424268,6.86996510459618,50.56359302742077,13.660176311008469,4.280870750023765,5.720702724298407,6.765330471229619,0.308302962242266]"
"epoch_19","finished","-","","","2025-06-28T18:50:05.000Z","1155","","87.41252888136317","60.423683120163254","88.38921006411357","77.05587681047473","22.850979428265767","37.99688493680632","43.51100685044785","6.699767071227165","88.43148051521007","50.17308915727712","69.37737325660038","12.908955538807728","62.749693071172295","3.4925639282487597","86.74108132692339","11.919127260841138","72.6597236705689","7.045722669500727","0.5880356548772627","0.42642756724824826","83.30583167049495","19.719710823717172","78.88162194191526","70.66610666376947","61.787608442667384","15.30046534873728","55.33087475779903","12.096170526002302","35.74842109517665","28.111676769767545","22.659844714296092","18.82111111539217","18.660354528750418","9.40871634763026","71.71786036049745","76.78327290324816","72.10427780582536","24.905480576154407","19","0.0005807931748207717","2.5490010727697343","0.18080468827695736","0.1021804012246986","0.7191142043960628","0.08470978494534996","2.5490010727697343","59.10041094931396","4.591389457702637","28.62920048079021","[60.423683120163254,19.719710823717172,70.66610666376947,15.30046534873728,12.096170526002302,28.111676769767545,18.82111111539217,9.40871634763026,76.78327290324816,24.905480576154407,77.05587681047473,37.99688493680632,6.699767071227165,50.17308915727712,12.908955538807728,3.4925639282487597,11.919127260841138,7.045722669500727,0.42642756724824826]"
"epoch_18","finished","-","","","2025-06-28T18:30:23.000Z","1182","","87.35391855476551","58.34270143767567","87.95886302747068","75.99131640597","23.502822972512657","38.9284204809747","47.16086941230261","8.421100570796279","87.7239440898023","51.108707570890445","71.32233206013011","9.695663320447794","62.70411587824294","3.877777083599847","89.23501840307469","5.524373874155832","73.44640214030353","7.776630967360355","0.7186304409289362","0.37336690435888015","82.69346816191195","18.89123939404688","78.8155442217016","69.70449598062342","61.01854450984019","13.150454126096442","55.357683070268294","11.592148832133502","36.04094217690366","27.99962242163854","24.059170758297583","20.9994834574152","18.13437609773032","10.770049949595627","70.58006589697096","76.62371224281614","72.12601721617091","17.69487706944185","18","0.0011220184543019633","2.585848252910541","0.1850641688018211","0.10258237134291928","0.7275597011483809","0.0870385168036863","2.585848252910541","59.47119626785945","4.674092441558838","27.761375899475656","[58.34270143767567,18.89123939404688,69.70449598062342,13.150454126096442,11.592148832133502,27.99962242163854,20.9994834574152,10.770049949595627,76.62371224281614,17.69487706944185,75.99131640597,38.9284204809747,8.421100570796279,51.108707570890445,9.695663320447794,3.877777083599847,5.524373874155832,7.776630967360355,0.37336690435888015]"
"epoch_17","finished","-","","","2025-06-28T18:11:29.000Z","1134","","86.69052577007818","53.20196199222741","89.08626290722246","76.15930240560921","22.877173802581037","37.96159283626334","48.207647090405914","6.608993970087722","87.98090628355372","44.678054806168966","73.7957003353296","15.335578913910092","61.310858923983915","5.313510537304228","87.934719981397","3.4585582448197787","72.86378914560649","7.932046882895138","0.6152358353389558","0.4892308978102907","82.9756967655909","18.171424638164847","78.65773251977542","68.83733162078693","60.70322726287311","13.641539424250457","53.5174285820751","11.390511625976076","37.21982739410041","26.992790392493944","22.55194295922487","20.976751657308487","20.12872064988863","10.867797357080676","70.26968951826863","77.23107308102102","71.9967678427018","19.409578719342218","17","0.0016492507722311726","2.6227253887699105","0.187584436317878","0.10304741250839568","0.7355139565620341","0.08920120886727564","2.6227253887699105","59.44125545105243","4.835209619522095","27.297770000185302","[53.20196199222741,18.171424638164847,68.83733162078693,13.641539424250457,11.390511625976076,26.992790392493944,20.976751657308487,10.867797357080676,77.23107308102102,19.409578719342218,76.15930240560921,37.96159283626334,6.608993970087722,44.678054806168966,15.335578913910092,5.313510537304228,3.4585582448197787,7.932046882895138,0.4892308978102907]"
"epoch_16","finished","-","","","2025-06-28T17:52:11.000Z","1158","","87.25734283968467","64.28391778954997","88.88195591693449","77.13136423001802","24.89782937572612","39.15300186281044","41.05440047819639","7.672059368562587","88.57174990172734","48.26691064173797","70.9191583271316","11.599953850428296","56.07935077291978","5.906841560791233","87.39402278814784","1.2292164874686948","72.36221641186074","8.515999441378959","0.704801036687564","0.8289569193972852","82.32018489524042","23.028581296567243","78.41672742324582","70.74127781121943","59.59017805129929","15.216699124234248","52.962798198621485","12.51644536471938","36.21278468895754","29.659734015570898","18.791091969114685","20.535179695372165","16.518406195351243","11.4907293553098","69.91312496534844","76.98715537083956","71.78524585566863","22.41577566768738","16","0.002167596773468736","2.662742879599142","0.19176512280665736","0.1035868722492698","0.7445174734602605","0.09117805716722632","2.662742879599142","58.13859842588759","4.56932590675354","28.798936834403342","[64.28391778954997,23.028581296567243,70.74127781121943,15.216699124234248,12.51644536471938,29.659734015570898,20.535179695372165,11.4907293553098,76.98715537083956,22.41577566768738,77.13136423001802,39.15300186281044,7.672059368562587,48.26691064173797,11.599953850428296,5.906841560791233,1.2292164874686948,8.515999441378959,0.8289569193972852]"
"epoch_15","finished","-","","","2025-06-28T17:32:37.000Z","1173","","86.76318866352692","63.00465268846796","88.98651187975169","75.79229605395935","26.57012826638119","39.350477355431416","33.03309587692419","6.623622124567302","88.42199720011364","49.50970620709631","73.67960114688711","13.932621760748454","52.63765813298369","7.440061842056228","84.13939723116603","6.8555780778966025","72.71971633972188","8.573972663728236","1.1136202057631706","0.3605327688535132","82.32486779283867","23.24354230999485","78.20660426702537","67.71210819953164","59.038824957164195","14.5914209596426","54.88632441522806","12.420851681687758","36.43393889868663","28.580388466179972","16.892526459025518","20.42151865635555","20.245859238932702","9.751233644264747","68.8276085245549","77.64129779793046","71.68174370938164","27.69354371076084","15","0.002679433656340733","2.7036649347114157","0.19367674688127504","0.10412264095027564","0.7545394464088148","0.09362536523022504","2.7036649347114157","57.715958589792486","4.518708436965943","29.1315487878502","[63.00465268846796,23.24354230999485,67.71210819953164,14.5914209596426,12.420851681687758,28.580388466179972,20.42151865635555,9.751233644264747,77.64129779793046,27.69354371076084,75.79229605395935,39.350477355431416,6.623622124567302,49.50970620709631,13.932621760748454,7.440061842056228,6.8555780778966025,8.573972663728236,0.3605327688535132]"
"epoch_14","finished","-","","","2025-06-28T17:13:00.000Z","1176","","86.77034201774335","61.73918714677645","88.55486468193304","71.6579966123407","20.509184309728315","39.49299503552731","37.12353882113333","6.357104282798326","88.63615883811153","44.031024950531936","74.52876463931814","13.698124753081103","46.058113570907494","4.865053487705981","81.35892078034843","5.851098785552808","70.89773797241958","6.644551089452843","0.9465179135060706","0.5083719917479509","81.81641415776244","23.524812593368168","78.02364105087422","69.89932281231218","58.916379591563015","12.542130521573805","53.79013824743238","11.466917640595344","39.03423786253126","28.485424966829996","14.773531080095308","21.210611183537537","19.34339198896875","7.482368418003972","69.31190836913731","76.22179759339214","71.00238266279976","21.91886553230522","14","0.0031861424728108906","2.7588467371743373","0.20263965062495232","0.10494388261837746","0.7688757184344822","0.09788095831537424","2.7588467371743373","56.91558781875336","4.654284147262573","27.76830312618072","[61.73918714677645,23.524812593368168,69.89932281231218,12.542130521573805,11.466917640595344,28.485424966829996,21.210611183537537,7.482368418003972,76.22179759339214,21.91886553230522,71.6579966123407,39.49299503552731,6.357104282798326,44.031024950531936,13.698124753081103,4.865053487705981,5.851098785552808,6.644551089452843,0.5083719917479509]"
"epoch_13","finished","-","","","2025-06-28T16:53:59.000Z","1141","","86.62958648638237","51.68276477207466","88.62129383433593","76.23846498277994","18.037114700313342","37.82687215922939","41.41284479342958","8.133987994770619","87.7889056113777","27.926498331171175","75.07805167509449","6.129102448142485","43.34070634405439","6.7812886269531","79.79777483403142","0","70.69068435859064","6.138247607080348","1.0155772791598916","1.5388791562574489","81.01008899556899","25.42462508320896","77.87109121130226","68.83866148791782","59.655362715012735","12.714731452874116","53.41477539251904","14.274255086287772","40.98041713778723","29.82893897450756","16.00725574550699","20.62135058483326","26.736165015428988","9.5335950408712","65.75282699907493","76.75729956876127","70.45610762043314","20.141298311116586","13","0.003688626161317614","2.8143647103421467","0.2105764530853295","0.10573360134861362","0.7830659478966361","0.10307935669001486","2.8143647103421467","57.06824372365285","4.960760667800903","27.807270092713207","[51.68276477207466,25.42462508320896,68.83866148791782,12.714731452874116,14.274255086287772,29.82893897450756,20.62135058483326,9.5335950408712,76.75729956876127,20.141298311116586,76.23846498277994,37.82687215922939,8.133987994770619,27.926498331171175,6.129102448142485,6.7812886269531,0,6.138247607080348,1.5388791562574489]"
"epoch_12","finished","-","","","2025-06-28T16:34:58.000Z","1140","","86.38731308257263","65.80128484719135","89.1943266468519","77.36853402685315","13.604904189162776","38.98066358842577","39.825431379430874","8.371416342788503","88.65489288048789","44.29002526171373","77.87021289499975","19.91195430332267","47.69037487764848","7.321666782867369","83.71397002290585","22.513319658025516","68.85364839330865","9.165837880718984","1.1147271379031016","0.6292646829963825","80.39812253943256","28.524069341440555","77.34883655858614","71.87197495533476","58.93470735698715","14.793478026438756","53.176144721154586","15.26520464649284","45.41658756221144","30.284053099288915","15.601724785617034","21.765471372977228","28.5120562035023","9.065016332845666","63.73571729156707","74.87419361545392","69.57514322353722","22.725801358542924","12","0.004187520939907463","2.876211925610296","0.2168337795843702","0.1066195615716199","0.801665541205579","0.10867828576724284","2.876211925610296","57.34783377620355","4.50073264503479","30.711748953879944","[65.80128484719135,28.524069341440555,71.87197495533476,14.793478026438756,15.26520464649284,30.284053099288915,21.765471372977228,9.065016332845666,74.87419361545392,22.725801358542924,77.36853402685315,38.98066358842577,8.371416342788503,44.29002526171373,19.91195430332267,7.321666782867369,22.513319658025516,9.165837880718984,0.6292646829963825]"
"epoch_11","finished","-","","","2025-06-28T16:15:49.000Z","1149","","85.98855416578326","57.928313819158525","88.07100998486221","73.78978309015272","16.556113764297216","39.16772757152044","44.56484939029919","8.848049625289132","88.74274935281139","32.775933837982215","80.05372783817378","15.43983269996733","64.6462799085234","8.656301051973387","79.89516813679606","5.351938563928226","69.67576279766155","7.05954573357888","0.9523090952374138","0.7609214334801746","80.3316466392049","24.62950985275239","77.48395920457601","68.87143515707557","57.65064815357336","14.14239034350703","52.21615992888877","12.717333987477597","47.148268012431814","26.792780028587053","15.281892384719873","21.45877999092599","32.93620762002836","9.999289545891816","63.663309431117895","76.25524843517718","69.6102416221976","17.138414758852825","11","0.004683299025586002","2.9178329563852565","0.22188115471811184","0.10718162118721364","0.8094365351489866","0.11059501194464628","2.9178329563852565","58.70888723322021","4.721935083389282","27.46229102775149","[57.928313819158525,24.62950985275239,68.87143515707557,14.14239034350703,12.717333987477597,26.792780028587053,21.45877999092599,9.999289545891816,76.25524843517718,17.138414758852825,73.78978309015272,39.16772757152044,8.848049625289132,32.775933837982215,15.43983269996733,8.656301051973387,5.351938563928226,7.05954573357888,0.7609214334801746]"
"epoch_10","finished","-","","","2025-06-28T15:56:31.000Z","1158","","86.37396360485329","50.16520213721009","87.94209337551611","72.73455447348157","17.24804968244474","37.4874175727659","49.74151126030545","3.735745635049925","88.34302257162592","35.20629383373677","81.62734263394924","23.573250107895664","62.18758943880584","4.354118496597585","79.68324211687685","15.720698396625671","67.19451637655868","4.714645792845965","0.5486430609756453","0.4090492463571933","79.74337458897314","18.08197329474399","76.97221911807148","69.33562750683645","56.55782372839748","16.496354799155654","50.89006176322726","12.910943308401162","48.90101277945076","26.4070227851636","16.744920083306358","21.14044339387643","39.60509604582745","9.972113846731087","62.29532145195954","76.05142983175955","69.23418538397247","17.41519423141576","10","0.005176324619206888","2.9779898367965143","0.22780660975144615","0.1080856866308494","0.8259809177948721","0.11534391573147731","2.9779898367965143","59.04389416132092","5.1294278736114505","27.153267299507895","[50.16520213721009,18.08197329474399,69.33562750683645,16.496354799155654,12.910943308401162,26.4070227851636,21.14044339387643,9.972113846731087,76.05142983175955,17.41519423141576,72.73455447348157,37.4874175727659,3.735745635049925,35.20629383373677,23.573250107895664,4.354118496597585,15.720698396625671,4.714645792845965,0.4090492463571933]"
"epoch_9","finished","-","","","2025-06-28T15:37:09.000Z","1162","","85.57107188436778","60.08113443594322","89.20951661599939","75.5078575795552","13.18246450396895","41.89800696224503","51.95024777006937","5.029950603854835","87.84019004214811","44.74186497714083","80.9526444176901","20.09328716326018","73.1373400505445","4.4644886626922915","78.09907190301134","18.37787528254221","64.79144974809576","6.354774119057012","0.4028198838128036","0.011389002778916678","78.99664517884457","19.828844249188048","76.43287857475944","66.90854287202373","57.50895354320491","14.049883567327514","48.49904985099054","12.160898470892684","49.421208133887326","28.682780818370933","19.720221110451902","21.864564249060074","45.80671418166612","12.126973098607053","62.55654108508857","76.80847843023435","68.36755920372136","23.400672708327015","9","0.005666887029983827","3.0414862642918568","0.23587039354513448","0.1089145071915726","0.8441154006828886","0.12179691852060462","3.0414862642918568","59.60245198328015","4.5503383655548095","29.073277223847423","[60.08113443594322,19.828844249188048,66.90854287202373,14.049883567327514,12.160898470892684,28.682780818370933,21.864564249060074,12.126973098607053,76.80847843023435,23.400672708327015,75.5078575795552,41.89800696224503,5.029950603854835,44.74186497714083,20.09328716326018,4.4644886626922915,18.37787528254221,6.354774119057012,0.011389002778916678]"
"epoch_8","finished","-","","","2025-06-28T15:18:21.000Z","1128","","84.26835133028199","58.745278848811985","89.82781785130729","74.81653121987138","13.728182384578009","40.79833669519539","50.9286493654821","6.657934285556009","87.36171465748167","49.62640259898028","81.76997503086416","8.976889181101546","82.1869691486257","3.900197766261432","73.91610522654108","2.1108989522993555","63.53619938432907","8.440660480379297","0.3864960029410974","0.0741154773307594","78.41403830132079","13.897147992680466","76.37577548999806","68.12062725506058","55.79687775912097","15.77661145418588","47.25525040342416","11.914546271762472","49.55982801459841","28.39545696096592","27.41448645981684","22.14677526183912","47.03919479715755","13.4647394829176","65.19923312732607","76.6913928787235","67.77781766728745","23.379627330937616","8","0.006155221527236961","3.102771612372734","0.24249278491875256","0.10972859938420466","0.8616497883283253","0.12694856223425885","3.102771612372734","60.14436644223593","4.619020580291748","27.78600896815056","[58.745278848811985,13.897147992680466,68.12062725506058,15.77661145418588,11.914546271762472,28.39545696096592,22.14677526183912,13.4647394829176,76.6913928787235,23.379627330937616,74.81653121987138,40.79833669519539,6.657934285556009,49.62640259898028,8.976889181101546,3.900197766261432,2.1108989522993555,8.440660480379297,0.0741154773307594]"
"epoch_7","finished","-","","","2025-06-28T14:59:17.000Z","1143","","85.25396689102769","57.60243089779157","90.363928495155","74.45006442380233","8.987507000238962","35.75139652056355","46.798533192498546","6.841753508750214","86.611615402675","52.45424373148403","80.28822559273902","19.479238678316797","82.17408786881028","6.073243545042272","71.62328580815614","0.5970704521249431","56.364948800885465","5.35169044578915","0.2147081120520997","0.3806510190473144","77.15675540791071","15.909155654681632","75.40927449065569","68.25734923909744","53.89728110181821","12.36574101987373","44.40244073667419","8.824854931767701","48.85494147589407","27.7580430959314","35.163015833769926","21.020589990273088","48.22646426879759","8.700487490060043","64.66845243268847","73.7282596800522","66.8395787317928","15.869632510228582","7","0.0066415231198707824","3.1894679191524284","0.25573337283025166","0.11098107197550314","0.8875121378949457","0.13785236715666774","3.1894679191524284","59.12100061285472","4.6053874378204345","26.916626149193583","[57.60243089779157,15.909155654681632,68.25734923909744,12.36574101987373,8.824854931767701,27.7580430959314,21.020589990273088,8.700487490060043,73.7282596800522,15.869632510228582,74.45006442380233,35.75139652056355,6.841753508750214,52.45424373148403,19.479238678316797,6.073243545042272,0.5970704521249431,5.35169044578915,0.3806510190473144]"
"epoch_6","finished","-","","","2025-06-28T14:40:21.000Z","1136","","84.40171930859567","57.15901772692098","90.33523126744748","78.29640941102552","6.774054440542337","33.35738231218796","44.01522139126024","3.053764590845199","85.2539929694342","32.293017737352876","78.94755082798513","13.851000862261593","77.74858767090814","1.4681478299916049","69.48584500260984","2.975163915121216","57.301571981300725","4.662288347751084","0.17369127956743444","2.8964309100031462","76.22942006765565","30.284325713407267","74.68380935792419","67.94155586857528","50.55554239432636","12.575112052183812","41.17955534736442","11.21962241513808","47.68366573015864","28.121493360898015","38.82701619976584","16.633114977258074","45.75144018894955","7.075125753810191","69.11126904062512","76.07259178175325","65.89807464592758","18.12521404664477","6","0.007125956026078564","3.281124000101964","0.2727242923462823","0.11226496350631784","0.9142616975154958","0.1500195661492185","3.281124000101964","58.12406626907098","4.736637916564941","26.21372524279631","[57.15901772692098,30.284325713407267,67.94155586857528,12.575112052183812,11.21962241513808,28.121493360898015,16.633114977258074,7.075125753810191,76.07259178175325,18.12521404664477,78.29640941102552,33.35738231218796,3.053764590845199,32.293017737352876,13.851000862261593,1.4681478299916049,2.975163915121216,4.662288347751084,2.8964309100031462]"
"epoch_5","finished","-","","","2025-06-28T14:21:07.000Z","1153","","83.45275955257645","33.47233701274525","91.19004004806187","73.07954247139705","6.201400493862951","32.17841738567768","28.557946229098867","9.017213949913302","84.9043053393773","19.245545366215797","78.42285645540545","7.780021030226251","76.84187954740621","3.058503412381235","57.71156690942194","15.68754436419251","51.73113304631486","5.920094105283269","0.1545856181335459","0.5464608515200094","74.22301245317053","21.100050107380216","74.04697031990047","63.24604671502003","51.037378390465285","9.260137807084773","36.69057908055648","7.212522076032955","46.162582360860824","27.325088591414552","45.60015379497946","15.81212371834281","44.49302927741065","8.674437499600156","71.68431654746433","72.86185991639881","64.13862397220552","8.161782296374195","5","0.007608660394857152","3.372427413458509","0.28630499969095563","0.1135719426230454","0.9422193263004076","0.1608100716016694","3.372427413458509","56.17079575982489","5.3905242233276365","22.823143614589515","[33.47233701274525,21.100050107380216,63.24604671502003,9.260137807084773,7.212522076032955,27.325088591414552,15.81212371834281,8.674437499600156,72.86185991639881,8.161782296374195,73.07954247139705,32.17841738567768,9.017213949913302,19.245545366215797,7.780021030226251,3.058503412381235,15.68754436419251,5.920094105283269,0.5464608515200094]"
"epoch_4","finished","-","","","2025-06-28T14:01:17.000Z","1190","","83.43926217855626","37.31923767671651","91.80392777161512","67.1492232083655","6.8194573463097115","30.959345810352698","8.80805151176791","8.835469541492442","82.9164843052057","21.77803703496088","73.89095586687448","2.647371511634339","75.2512110634657","1.3522526077967782","36.53367022328745","0","52.06656766682446","0.9593323752615784","0.09826862907720192","1.7290782260214874","71.77881941081307","21.615938371465884","72.96605739833278","63.52318492574561","47.06438465683146","12.349614601678828","33.035702454980644","9.67122259936229","44.346687124033856","23.21200790101649","45.34121001994494","13.621615460834107","41.06264843397459","9.234782675073664","72.59809111702586","65.65995787989945","62.216284049536426","14.682106276528502","4","0.008089757207980266","3.491902524982688","0.310097420393531","0.1151326520960214","0.979534228663963","0.18070319434727175","3.491902524982688","52.7388284857083","5.377701747894287","22.57220992690039","[37.31923767671651,21.615938371465884,63.52318492574561,12.349614601678828,9.67122259936229,23.21200790101649,13.621615460834107,9.234782675073664,65.65995787989945,14.682106276528502,67.1492232083655,30.959345810352698,8.835469541492442,21.77803703496088,2.647371511634339,1.3522526077967782,0,0.9593323752615784,1.7290782260214874]"
"epoch_3","finished","-","","","2025-06-28T13:41:34.000Z","1183","","81.90925522326135","55.84681890200326","92.24074089470096","74.77337144978623","10.885340265119826","31.967302467712965","4.17828716843168","4.234133519939238","80.23765072528475","43.00166902512693","65.89870450798504","12.564764096500385","49.86794201271118","3.0528140218223396","31.875600643166628","0","50.127197767997714","2.244887975736229","0.09880110677257016","0.12779859532353174","70.28969351778612","22.547365817941547","71.2576043535291","56.08074923687649","46.13141138055915","3.7386579973147898","27.423485317101164","2.481923121191225","42.560510836997366","22.522725831491876","42.19763706558983","15.92983751972657","32.97098887736986","5.014204923464768","73.14726410180123","69.05359031899773","60.827072809051295","10.15051469424516","3","0.008569351938492177","3.6241193135409975","0.3331516985572986","0.11675419095260248","1.024385289024951","0.20404289469821876","3.6241193135409975","49.16448360922194","5.091650304794311","24.185173861955622","[55.84681890200326,22.547365817941547,56.08074923687649,3.7386579973147898,2.481923121191225,22.522725831491876,15.92983751972657,5.014204923464768,69.05359031899773,10.15051469424516,74.77337144978623,31.967302467712965,4.234133519939238,43.00166902512693,12.564764096500385,3.0528140218223396,0,2.244887975736229,0.12779859532353174]"
"epoch_2","finished","-","","","2025-06-28T13:22:16.000Z","1158","","79.88974353707945","32.5827603894329","91.86670878144533","66.66790917331615","28.65640824372539","30.64506824944987","2.901548870574467","4.38456591418113","75.58863520839522","19.18010223006755","57.10945069132356","2.6186326597327994","23.984859022274808","0.837710769863999","23.625690938425777","0","36.91573388899278","2.7042125581923457","0.013935619005427497","0.00855700039583822","65.63339604780056","22.735808583236977","68.79510501481772","67.16443489221658","40.527779859128195","14.654761133287453","18.6581903323334","9.015899988309508","38.517450120637655","27.551154109784903","33.97751239142984","13.164823404760469","22.117617511693293","2.5714332369895003","70.761498923637","74.38535919516907","57.10355245771746","16.530017732440935","2","0.009047537336063696","3.853757452863112","0.3869173034294836","0.11994746939809338","1.1000520430012806","0.25001106141154955","3.853757452863112","44.03393776107565","5.477667984008789","22.633511734490444","[32.5827603894329,22.735808583236977,67.16443489221658,14.654761133287453,9.015899988309508,27.551154109784903,13.164823404760469,2.5714332369895003,74.38535919516907,16.530017732440935,66.66790917331615,30.64506824944987,4.38456591418113,19.18010223006755,2.6186326597327994,0.837710769863999,0,2.7042125581923457,0.00855700039583822]"
"epoch_1","finished","-","","","2025-06-28T13:02:17.000Z","1199","","76.26808885694292","68.47764222817864","88.13339131039749","72.0506417395356","9.540785767203593","18.548745374180907","1.328800392554693","5.730190905515384","59.9321082082887","40.39360987223101","30.122532389148464","3.8438370941531694","1.228064099855641","0","6.3989823150039165","0","14.971933148029583","0.11630918944176662","0","0","53.176561389800035","17.525640443187015","59.28950283603026","62.235754597816765","28.34806444264658","14.207092055162644","6.035911345673864","0.12370993895206532","26.55025711476981","25.24595800596786","10.462380692930685","14.55056777227664","3.0448558829195793","0.19769223769938604","60.71803738151792","73.0326625075321","41.20894986137484","20.511804838661664","1","0.009524395584709956","4.585137978291461","0.6100854390719807","0.13079469526277931","1.3332854986572062","0.4193410206673496","4.585137978291461","32.04217819083826","4.7158344421386715","27.299491175030788","[68.47764222817864,17.525640443187015,62.235754597816765,14.207092055162644,0.12370993895206532,25.24595800596786,14.55056777227664,0.19769223769938604,73.0326625075321,20.511804838661664,72.0506417395356,18.548745374180907,5.730190905515384,40.39360987223101,3.8438370941531694,0,0,0.11630918944176662,0]"