"Name","State","Notes","User","Tags","Created","Runtime","Sweep","batch_size","learning_rate","momentum","num_classes","num_epochs","weight_decay","class_0_train","class_0_val","class_10_train","class_10_val","class_11_train","class_11_val","class_12_train","class_12_val","class_13_train","class_13_val","class_14_train","class_14_val","class_15_train","class_15_val","class_16_train","class_16_val","class_17_train","class_17_val","class_18_train","class_18_val","class_1_train","class_1_val","class_2_train","class_2_val","class_3_train","class_3_val","class_4_train","class_4_val","class_5_train","class_5_val","class_6_train","class_6_val","class_7_train","class_7_val","class_8_train","class_8_val","class_9_train","class_9_val","epoch","loss","lr","train_flops","train_fps","train_latency","train_loss","train_mIoU","train_params","val_flops","val_fps","val_latency","val_loss","val_mIoU","val_mIoU_per_class","val_params"
"epoch_50","finished","-","","","2025-06-06T11:36:11.000Z","6276","","4","0.00625","0.9","19","50","0.0001","91.1136315931566","59.510529839699025","84.22963575486895","62.52387098395979","54.74689656923819","38.030103027570505","61.389816219147434","1.0901260336647411","57.01432919981608","53.384872949531314","73.3635073896051","4.934846211346218","64.8360984799964","1.6377216474320686","87.59488790219953","0.04948469933096685","73.60107795957651","5.3875269869712605","51.856652830488855","0.03110316662199941","83.88892612603185","18.67854156691616","73.4112230491775","67.5441231083014","38.69351165505763","10.109730433395594","60.33643275930897","12.806667838126735","51.59063441523227","19.37223827711964","56.27353235027959","16.36825577648037","60.671298967250074","9.367833840371638","74.9560333068841","61.72040093093576","69.38473790724693","7.401092714602227","50","2.1836998064889075","0.005684578600518514","25.779775698","54.20378384151435","19.357046127319336","2.1836998064889075","66.78699286497698","12581672","25.779775698","55.2288405260412","19.039682626724243","1.1803832893371582","23.681530001704072","[59.510529839699025,18.67854156691616,67.5441231083014,10.109730433395594,12.806667838126735,19.37223827711964,16.36825577648037,9.367833840371638,61.72040093093576,7.401092714602227,62.52387098395979,38.030103027570505,1.0901260336647411,53.384872949531314,4.934846211346218,1.6377216474320686,0.04948469933096685,5.3875269869712605,0.03110316662199941]","12581672"
"epoch_49","finished","-","","","2025-06-06T10:49:12.000Z","9031","","4","0.00625","0.9","19","50","0.0001","91.21407099446093","54.23888112522997","85.08802902357291","62.32220519187239","54.52401036279615","33.03107501770634","62.05891227712341","0.0918365710069138","57.1602613964456","48.33040713425952","71.4014053884656","7.14821420969225","63.90914611183578","2.321165820599739","86.06897420367955","0.008007687379884686","73.73810731437545","6.208167794122908","52.68086342258612","0.0011080434722388942","83.53547561259744","15.51548743042366","73.40524070123065","67.86750233755798","36.318604223348174","7.921987096560944","60.05534109271669","10.939224258032828","51.374478751867294","18.743788641618973","55.512215902334816","14.482925793410711","60.94666565986494","7.180850735374937","74.98272747292958","65.02152451715439","70.77444135956208","5.435635406448056","49","2.187229729410428","0.005798144866020802","","","","2.187229729410428","66.56573533009437","","","","","1.2864234523773193","22.463683937469717","[54.23888112522997,15.51548743042366,67.86750233755798,7.921987096560944,10.939224258032828,18.743788641618973,14.482925793410711,7.180850735374937,65.02152451715439,5.435635406448056,62.32220519187239,33.03107501770634,0.0918365710069138,48.33040713425952,7.14821420969225,2.321165820599739,0.008007687379884686,6.208167794122908,0.0011080434722388942]",""
"epoch_48","finished","-","","","2025-06-06T10:02:31.000Z","11787","","4","0.00625","0.9","19","50","0.0001","91.16987364313836","58.7423048797002","84.60132783182637","64.8828823458467","54.45458709182862","34.60810823164693","61.52683744090845","0.5328290128810509","61.178365847903194","50.76477814231162","73.96068068205459","4.390325415345418","57.28999269207146","2.4262803094038774","86.09207413454135","0.0029935190312972404","73.62117645055079","1.561873484428999","52.12316472591704","0.002031558100406989","83.56271112389959","16.32660509227138","72.80252172065215","64.44651013993948","34.899106196427546","7.567062297241706","58.11710487217996","9.455998435934406","51.15824553694836","18.947633347238938","55.54488150449986","14.674981190596831","60.398983352672495","8.104672289229917","76.44792635908667","68.01072030631423","70.57643969558815","8.006077247869676","48","2.1767813771772486","0.005911464496116451","","","","2.1767813771772486","66.29084215277344","","","","","1.1117203736305237","22.81340353922805","[58.7423048797002,16.32660509227138,64.44651013993948,7.567062297241706,9.455998435934406,18.947633347238938,14.674981190596831,8.104672289229917,68.01072030631423,8.006077247869676,64.8828823458467,34.60810823164693,0.5328290128810509,50.76477814231162,4.390325415345418,2.4262803094038774,0.0029935190312972404,1.561873484428999,0.002031558100406989]",""
"epoch_47","finished","-","","","2025-06-06T09:16:00.000Z","14531","","4","0.00625","0.9","19","50","0.0001","90.89406532572193","64.98667658551827","85.48875896204926","64.68151756670223","54.19502287081125","37.15786743068104","60.8484754023434","0.3998371630908379","56.972963753847175","46.73412340806705","74.60816880871349","10.090501345122233","57.94146388014565","3.273899740492811","82.24258015504411","0.02092322890012416","73.10478550906916","1.506070925258158","49.570319388771566","0.0004925049973866454","83.79461943596888","17.57898258679404","73.64695021003254","67.00743503653567","35.080424057388996","9.64353942196839","58.778315866081165","6.324954388982315","51.14040592347175","19.40309677792986","54.905479095212115","14.492756533981924","59.57892513246607","4.705865708747954","75.93178609720617","66.02573466220441","70.44665865817123","7.007476020228724","47","2.1486333128231676","0.006024543257865944","","","","2.1486333128231676","65.74579834381663","","","","","1.0737589440345765","23.212723738747552","[64.98667658551827,17.57898258679404,67.00743503653567,9.64353942196839,6.324954388982315,19.40309677792986,14.492756533981924,4.705865708747954,66.02573466220441,7.007476020228724,64.68151756670223,37.15786743068104,0.3998371630908379,46.73412340806705,10.090501345122233,3.273899740492811,0.02092322890012416,1.506070925258158,0.0004925049973866454]",""
"epoch_46","finished","-","","","2025-06-06T08:28:11.000Z","17355","","4","0.00625","0.9","19","50","0.0001","91.0183160857432","57.36740787060807","85.16239071935964","63.72017642580741","53.99341926814517","37.210518209178865","59.96908874541715","0.4021520569534263","60.00995635761899","54.10168998549671","73.04924861467205","6.819420713986656","58.77537111679311","1.3239579521026743","83.84116793752325","0.8610892426641994","72.39367482639848","1.8245198008062595","50.07391310430373","0.03187488308440568","83.52285970245624","14.884778864802758","73.66475794673522","67.32437477625624","33.45005944657508","6.567202533754086","59.094246386999515","10.727784928042338","51.23766808478306","20.18638595613455","54.94846286408311","17.05201669808979","59.3997861254579","10.231345227093064","76.34681206893887","64.20857459374177","70.3608428201415","4.958969962023312","46","2.1457846778542247","0.006137386666228596","","","","2.1457846778542247","65.80589695906028","","","","","1.2385542793273925","23.147591614769823","[57.36740787060807,14.884778864802758,67.32437477625624,6.567202533754086,10.727784928042338,20.18638595613455,17.05201669808979,10.231345227093064,64.20857459374177,4.958969962023312,63.72017642580741,37.210518209178865,0.4021520569534263,54.10168998549671,6.819420713986656,1.3239579521026743,0.8610892426641994,1.8245198008062595,0.03187488308440568]",""
"epoch_45","finished","-","","","2025-06-06T00:28:51.000Z","46070","","4","0.00625","0.9","19","50","0.0001","91.05879198475633","56.84526616721987","85.11537815101786","64.83930385301382","53.879589459403746","36.62967676931713","60.11334630645201","0.5036280504953915","60.20263793722768","40.58740720166683","71.14852917371131","6.674624352457166","61.47183017133491","2.029902066555763","85.8485720184784","0.003597497580682876","72.43470504034907","2.9241520093472575","50.57007327492713","0.02487111958206669","83.748553611428","12.747525758835303","72.92716948877882","67.62100143837179","34.8636315573058","9.20921994126708","59.65013842614747","9.447264569652356","50.997991560389664","18.076553132125376","55.397527497990914","15.30697789419191","59.6439069877223","5.974202950071161","75.84207632466773","68.13456102223374","70.34930015695993","6.823929479120403","45","2.143493076250243","0.0044171082107721344","","","","2.143493076250243","66.06651311205522","","","","","1.1672717118263245","22.337035014373956","[56.84526616721987,12.747525758835303,67.62100143837179,9.20921994126708,9.447264569652356,18.076553132125376,15.30697789419191,5.974202950071161,68.13456102223374,6.823929479120403,64.83930385301382,36.62967676931713,0.5036280504953915,40.58740720166683,6.674624352457166,2.029902066555763,0.003597497580682876,2.9241520093472575,0.02487111958206669]",""
"epoch_44","finished","-","","","2025-06-05T23:44:28.000Z","48688","","4","0.00625","0.9","19","50","0.0001","90.91830116928207","59.977860117163715","85.75113435221637","64.10595419391007","53.80865583518841","38.0612408098801","59.89830945766093","0.32582265191481136","57.02808843872859","56.726567821079335","72.31551245073543","8.842661799590932","50.44038607309523","1.7897349574404395","82.47352095932008","0.0034348798307291205","72.78803329639906","3.3862137642086507","50.90122071318963","0.006705538282471723","83.93810122069814","15.396554049314089","73.47594367496677","68.28688759646889","35.55049229056167","7.31655673331109","58.705820179170175","11.073277677856392","50.98976165306532","20.083657058321418","55.1192444923756","14.945547154479597","59.791380621503656","8.191012763830546","76.24062031897967","67.52159752506317","69.56590156545303","5.794554108408947","44","2.141326135790933","0.004533861543357625","","","","2.141326135790933","65.24739098750473","","","","","1.142642506122589","23.780833747387124","[59.977860117163715,15.396554049314089,68.28688759646889,7.31655673331109,11.073277677856392,20.083657058321418,14.945547154479597,8.191012763830546,67.52159752506317,5.794554108408947,64.10595419391007,38.0612408098801,0.32582265191481136,56.726567821079335,8.842661799590932,1.7897349574404395,0.0034348798307291205,3.3862137642086507,0.006705538282471723]",""
"epoch_43","finished","-","","","2025-06-05T23:00:13.000Z","51297","","4","0.00625","0.9","19","50","0.0001","90.94459096549863","58.93914836357633","85.68156158681496","65.11821940282962","53.548386108025234","38.50150934578463","59.96886397448854","0.3159595910683913","59.40878013396268","48.302420549783","73.10549956191245","7.251236828546818","60.6722169762788","2.2115802158450193","84.3304214296777","0.006397206302377124","72.56610636979593","1.3810964540723702","47.833296279828055","0","83.67011207867107","16.30542160088126","72.65774552081778","68.78519470873648","35.00703827172852","9.621641337208816","59.5866168168476","7.9315105103355155","50.90007385322891","20.313011448263307","54.400855566729","16.69062962432574","59.74643316856687","6.662080554989687","75.99374867260546","65.67829062562876","69.01642833716915","6.2768597500573255","43","2.122389767596971","0.004650281723548955","","","","2.122389767596971","65.73888293013934","","","","","1.1600173950195312","24.460678228790854","[58.93914836357633,16.30542160088126,68.78519470873648,9.621641337208816,7.9315105103355155,20.313011448263307,16.69062962432574,6.662080554989687,65.67829062562876,6.2768597500573255,65.11821940282962,38.50150934578463,0.3159595910683913,48.302420549783,7.251236828546818,2.2115802158450193,0.006397206302377124,1.3810964540723702,0]",""
"epoch_42","finished","-","","","2025-06-05T22:15:24.000Z","53940","","4","0.00625","0.9","19","50","0.0001","90.91370314803548","58.19013429860435","85.35821601110341","65.35186559871038","53.29581165294013","38.773901122457126","60.08944155874234","0.6266391719553944","59.66829554021293","43.84721700333108","72.44825487999135","7.028388618854402","55.99607977590557","2.24685899624651","79.58165666248019","0.03170272109085856","72.70968302134425","2.3982395155864533","48.88014909547807","0.0018465993027241031","83.4723414344775","15.479027287763843","73.52940133138117","69.53653609532186","35.00072229836421","10.09605093327512","58.36907153174109","11.94167161317471","50.753641148125","19.407144095599723","54.02930765368089","17.434546396622924","59.270524612121655","5.8387551356105325","75.66134505162655","63.39994527272933","68.80748582297281","6.433214385782672","42","2.124417365614031","0.004766378919526803","","","","2.124417365614031","65.1492174858276","","","","","1.1545405263900756","23.05598341379053","[58.19013429860435,15.479027287763843,69.53653609532186,10.09605093327512,11.94167161317471,19.407144095599723,17.434546396622924,5.8387551356105325,63.39994527272933,6.433214385782672,65.35186559871038,38.773901122457126,0.6266391719553944,43.84721700333108,7.028388618854402,2.24685899624651,0.03170272109085856,2.3982395155864533,0.0018465993027241031]",""
"epoch_41","finished","-","","","2025-06-05T21:31:13.000Z","56545","","4","0.00625","0.9","19","50","0.0001","90.81874400415435","52.86912400011362","85.6638085491916","65.74535212718597","53.11218442835021","39.074123253145466","60.006514466934355","0.5310272498706652","57.99367958706982","38.44119488152569","72.385468513579","4.743880393403202","57.71785187031463","1.606911128722628","80.90958925240409","0","71.96896917421357","2.4159388495660683","50.102711585866864","0","83.27068077971299","19.05831340690991","73.16500077719948","67.5782303061848","35.225361034079974","8.585590394742338","59.43161896246747","8.270928699016","50.63880675756218","18.57403577351472","53.887575507905815","15.899183824893337","58.87586508158475","9.730470561795604","75.65389824699878","65.17988752688882","69.87087589561531","6.3670745958531505","41","2.1214489601314197","0.00488216272292538","","","","2.1214489601314197","65.29995813027396","","","","","1.264991490840912","24.98066276313718","[52.86912400011362,19.05831340690991,67.5782303061848,8.585590394742338,8.270928699016,18.57403577351472,15.899183824893337,9.730470561795604,65.17988752688882,6.3670745958531505,65.74535212718597,39.074123253145466,0.5310272498706652,38.44119488152569,4.743880393403202,1.606911128722628,0,2.4159388495660683,0]",""
"epoch_40","finished","-","","","2025-06-05T20:47:01.000Z","59151","","4","0.00625","0.9","19","50","0.0001","90.8282001028858","56.33180644848987","85.46409710309247","65.58135828124885","52.953481653365785","38.57630553025679","59.647762145120986","0.8397536351917945","57.28767853113972","52.27242147650995","69.13598052832765","8.294579932324393","54.76819031385387","3.2291453890609207","77.23025259634846","0.008958293767535857","72.1122427295993","4.0018124904636165","49.87259638814239","0.001477284898085808","83.2191193539277","18.141524245545444","73.38096444723124","68.06571881253157","37.45103111851833","7.724060055903593","58.17573234979032","11.197152683936546","50.473288305010186","19.828105252663597","52.96245695596665","15.55319351522771","58.97524101546797","8.701762690401003","74.97941459192312","67.75686924180611","68.86174150703631","5.489418816321743","40","2.1001863197477135","0.004997642195826683","","","","2.1001863197477135","64.61997219667097","","","","","1.1910433983802795","23.76818021455522","[56.33180644848987,18.141524245545444,68.06571881253157,7.724060055903593,11.197152683936546,19.828105252663597,15.55319351522771,8.701762690401003,67.75686924180611,5.489418816321743,65.58135828124885,38.57630553025679,0.8397536351917945,52.27242147650995,8.294579932324393,3.2291453890609207,0.008958293767535857,4.0018124904636165,0.001477284898085808]",""
"epoch_39","finished","-","","","2025-06-05T20:03:01.000Z","61745","","4","0.00625","0.9","19","50","0.0001","90.53391964481332","59.92234967252264","85.97008334559546","65.35963832459896","52.96173276268997","38.22047589815503","59.00706422161205","0.39776676964384233","55.65853122300987","57.203416537810185","75.91094914616117","9.695305470499202","47.764699258879695","2.6679668429570467","80.2630031757316","0.01759382456757677","71.54928648758062","3.895995589264119","48.44961421447897","0.0065872259529315","83.09507853688449","16.808083156830822","73.68838845045558","69.7159566179731","35.681441558369364","10.907145974729062","57.2314336721785","11.109457937912175","50.20017719859202","20.073896073914916","53.027172847336","12.406854139074545","59.17625309550345","8.612560071294837","76.40463940911775","63.020983067672866","68.9526139692574","5.255011764878387","39","2.098137052964046","0.005112825912817865","","","","2.098137052964046","64.5013727483288","","","","","1.1882969460487365","23.963002366329068","[59.92234967252264,16.808083156830822,69.7159566179731,10.907145974729062,11.109457937912175,20.073896073914916,12.406854139074545,8.612560071294837,63.020983067672866,5.255011764878387,65.35963832459896,38.22047589815503,0.39776676964384233,57.203416537810185,9.695305470499202,2.6679668429570467,0.01759382456757677,3.895995589264119,0.0065872259529315]",""
"epoch_38","finished","-","","","2025-06-05T19:18:41.000Z","64360","","4","0.00625","0.9","19","50","0.0001","90.74305016227264","55.97200258019497","85.24199073405524","68.71587629509834","52.33353934272483","36.6295296082398","59.022270641458455","0.7544546092056609","58.54953211114909","46.552795394640015","71.94778744442792","10.374760199375544","48.7315692413372","2.6204715493015134","83.6427044626869","0.30910737927670534","71.10409106535774","2.967709522319519","48.84431987769808","0.0034472060395049813","82.99349328493697","21.965131584009136","72.5859752408787","62.52199762977283","36.09389351255176","5.757298785672229","56.919492746988766","9.31053957981892","50.16251339370612","19.97408531784636","53.73406162653309","14.595762944517691","57.988961174534005","8.73558565189656","76.56654007842516","68.03094008413048","68.69771432529318","7.275481135974395","38","2.0791575284654904","0.005227721998740838","","","","2.0791575284654904","64.52123686668504","","","","","1.1541123361587524","23.319314581964747","[55.97200258019497,21.965131584009136,62.52199762977283,5.757298785672229,9.31053957981892,19.97408531784636,14.595762944517691,8.73558565189656,68.03094008413048,7.275481135974395,68.71587629509834,36.6295296082398,0.7544546092056609,46.552795394640015,10.374760199375544,2.6204715493015134,0.30910737927670534,2.967709522319519,0.0034472060395049813]",""
"epoch_37","finished","-","","","2025-06-05T18:34:22.000Z","66973","","4","0.00625","0.9","19","50","0.0001","90.68494729005752","54.21509409354861","85.70369064998668","64.30107853380498","52.10862274567256","37.97888461832645","58.02886075528059","0.5343467080354439","59.1192626853229","40.909118770510304","68.73218848471552","6.153110294827776","53.56760603303994","1.7822754445546236","85.13885901768471","0.04375842526131542","70.40613036153512","1.8105849582172695","47.77951465727494","0.005169940244107345","82.85248258335254","21.40456328906177","73.30957528533735","67.51797308924822","34.33413590378648","9.052228220696731","57.110059271272895","12.893227420507102","49.91424920050069","18.435013507329387","53.281103000336586","14.465263108298055","57.50602304758491","8.303303247464022","75.62914788005945","67.88783204568072","67.9634879979327","6.911042229235188","37","2.07106485460867","0.00534233816266959","","","","2.07106485460867","64.37736562372284","","","","","1.1573232097625732","22.873887786571164","[54.21509409354861,21.40456328906177,67.51797308924822,9.052228220696731,12.893227420507102,18.435013507329387,14.465263108298055,8.303303247464022,67.88783204568072,6.911042229235188,64.30107853380498,37.97888461832645,0.5343467080354439,40.909118770510304,6.153110294827776,1.7822754445546236,0.04375842526131542,1.8105849582172695,0.005169940244107345]",""
"epoch_36","finished","-","","","2025-06-05T17:50:09.000Z","69580","","4","0.00625","0.9","19","50","0.0001","90.84707862666622","54.631718811708","85.47680566290691","63.37263579556858","52.13097142019998","35.475644255608486","58.54344023689821","0.590490689729278","58.01944769403903","44.97989425009498","69.5069343133746","7.967932506001735","61.89278283618434","3.27024539553367","84.98173802525952","0","71.42681791052105","3.7924386242073687","46.45905829889259","0.01674083100992756","83.09705217724826","15.30425542492942","74.22810477187491","68.74659559151505","32.39776279698178","9.267467646377389","58.401305308175125","11.58174980864588","49.92947671556573","17.979362473616796","53.059643172431784","15.370336331520145","57.25980443722594","7.327966918259193","75.78723707931933","64.15094374626716","69.40870707441388","4.38939379782869","36","2.0798996952551008","0.0054566817285730375","","","","2.0798996952551008","64.88706150306207","","","","","1.2603307585716248","23.789767383245653","[54.631718811708,15.30425542492942,68.74659559151505,9.267467646377389,11.58174980864588,17.979362473616796,15.370336331520145,7.327966918259193,64.15094374626716,4.38939379782869,63.37263579556858,35.475644255608486,0.590490689729278,44.97989425009498,7.967932506001735,3.27024539553367,0,3.7924386242073687,0.01674083100992756]",""
"epoch_35","finished","-","","","2025-06-05T17:05:17.000Z","72226","","4","0.00625","0.9","19","50","0.0001","90.58201410686571","54.96428613870391","85.77714737660015","64.07726650036419","51.87133590808164","35.72925450703953","58.03172255687804","0.7440378391834701","59.09463901118034","45.09334634704073","67.5868864161734","8.369089367457612","60.20022859393719","2.756165000239486","85.82591544527567","0","70.96810092152211","2.8561429344096125","46.69102065635997","0.02516223179767843","82.95294493041357","17.723973814717787","74.14759754537413","66.40834447217286","32.05721926648908","6.545047887243424","58.666528864392895","9.754492955208962","49.82352536556115","19.234743341157262","52.393576342526714","14.22746190865304","57.84634918108318","7.908726181655528","76.31209388330001","66.26287462152237","69.31962653873452","7.03768565501791","35","2.0708562064526688","0.00557075966305625","","","","2.0708562064526688","64.74465646898682","","","","","1.2113658719062803","23.87322787242141","[54.96428613870391,17.723973814717787,66.40834447217286,6.545047887243424,9.754492955208962,19.234743341157262,14.22746190865304,7.908726181655528,66.26287462152237,7.03768565501791,64.07726650036419,35.72925450703953,0.7440378391834701,45.09334634704073,8.369089367457612,2.756165000239486,0,2.8561429344096125,0.02516223179767843]",""
"epoch_34","finished","-","","","2025-06-05T16:21:02.000Z","74835","","4","0.00625","0.9","19","50","0.0001","90.51697022343596","58.88617241357561","85.16935452711726","61.512964598316","51.799113478095926","37.723715782676415","56.908852370605835","1.2753977592861605","55.27188499937227","52.55199792933719","68.31758888763602","5.235142608234536","58.381637486042784","1.8037519380894669","84.855818120418","0.08250604598960487","70.4885241639164","5.5501718607235935","45.86105192642282","0.05555528242240697","82.83762116874584","18.368128020200096","73.34683237043511","67.99955949988238","37.67794602958168","10.29329549154332","58.66792154200622","11.341554745988883","49.58896129266246","19.669179340782307","52.56349647602465","16.81044161137968","57.13637019522213","8.957279609306106","75.14664519723482","60.00226803689985","68.08664673703136","6.372087927528955","34","2.0546253614588332","0.005684578600518514","","","","2.0546253614588332","64.3485914311583","","","","","1.1927198691368104","23.39427213169276","[58.88617241357561,18.368128020200096,67.99955949988238,10.29329549154332,11.341554745988883,19.669179340782307,16.81044161137968,8.957279609306106,60.00226803689985,6.372087927528955,61.512964598316,37.723715782676415,1.2753977592861605,52.55199792933719,5.235142608234536,1.8037519380894669,0.08250604598960487,5.5501718607235935,0.05555528242240697]",""
"epoch_33","finished","-","","","2025-06-05T15:36:44.000Z","77447","","4","0.00625","0.9","19","50","0.0001","90.6152078175022","52.8683302701499","86.32651375186016","61.74254424683481","51.3407357890281","31.888449118884495","57.25290792157769","0.5012372437102649","55.43651611229387","43.193533866902506","68.42012485576772","6.708495918913535","54.49209711389109","2.0663079886513516","84.85923352744705","0.005309224398161489","69.8243883023135","5.786418344937946","45.94066475020196","0.01149228910420372","82.71388425479041","16.829119950046426","73.5482852254873","68.09816755804856","33.756490212790006","8.106957446406385","58.2510372639006","11.815842349546346","49.38866896112973","18.71986278894391","51.54226209368337","14.752437762051866","57.2886911284493","6.7846051803177625","75.80518949124885","66.01586522905077","69.05113000217501","5.326532166548617","33","2.0526244018886137","0.005798144866020802","","","","2.0526244018886137","63.99231729344937","","","","","1.2623471417427063","22.169553102286724","[52.8683302701499,16.829119950046426,68.09816755804856,8.106957446406385,11.815842349546346,18.71986278894391,14.752437762051866,6.7846051803177625,66.01586522905077,5.326532166548617,61.74254424683481,31.888449118884495,0.5012372437102649,43.193533866902506,6.708495918913535,2.0663079886513516,0.005309224398161489,5.786418344937946,0.01149228910420372]",""
"epoch_32","finished","-","","","2025-06-05T14:52:38.000Z","80047","","4","0.00625","0.9","19","50","0.0001","90.49501405210194","54.168554175121905","85.65790978002096","63.39301688838075","51.15998765968538","34.68988868062961","57.4561559308859","0.7791047803295056","59.95154288254084","48.15973896604223","70.37317300891611","3.59806634021775","50.6007132780876","1.1268611691933796","84.40851027369482","0.15764562608101185","70.8321988735962","1.7462780180239654","44.38766011319629","0.002708037269978391","82.4730893726802","14.754057379858166","73.39761272666941","65.74900379264523","32.62608711978646","7.328309322363475","57.53734041276131","10.469328497058768","49.19676193027356","19.87958843020051","51.568866609755126","14.692444486785588","56.4835013767661","7.854922448041624","76.3553674401624","67.17689587221109","68.98004563544433","7.009554054671961","32","2.047519751703307","0.005911464496116451","","","","2.047519751703307","63.89165991984341","","","","","1.1701834034919738","22.249261419217184","[54.168554175121905,14.754057379858166,65.74900379264523,7.328309322363475,10.469328497058768,19.87958843020051,14.692444486785588,7.854922448041624,67.17689587221109,7.009554054671961,63.39301688838075,34.68988868062961,0.7791047803295056,48.15973896604223,3.59806634021775,1.1268611691933796,0.15764562608101185,1.7462780180239654,0.002708037269978391]",""
"epoch_31","finished","-","","","2025-06-05T14:07:57.000Z","82682","","4","0.00625","0.9","19","50","0.0001","90.32548613638905","57.055743718208085","86.27995507432283","64.29083494028932","50.941420316988186","34.39079657100562","56.393256922775905","0.3175518474469712","54.73998935011512","38.769893458098366","70.1260529348607","11.941772946560128","47.76733025912567","2.5935507136665605","78.25425054477097","0.010127571227570138","69.24327579437855","1.0056685899382525","42.915824819331185","0.02541865384532534","82.43017393764755","16.27573784429365","73.83637639979541","67.41725356787543","34.3872519356386","10.560391927715218","56.62422664695248","8.282535281006016","49.000397990998","18.69560490312888","50.16720634234304","14.376880719948124","56.0589275964191","5.052722870760473","76.22759147179161","67.0703593980189","68.79520205516995","7.07121613358501","31","2.0272784627068527","0.006024543257865944","","","","2.0272784627068527","62.86916823841127","","","","","1.1830500836372375","22.379161139821992","[57.055743718208085,16.27573784429365,67.41725356787543,10.560391927715218,8.282535281006016,18.69560490312888,14.376880719948124,5.052722870760473,67.0703593980189,7.07121613358501,64.29083494028932,34.39079657100562,0.3175518474469712,38.769893458098366,11.941772946560128,2.5935507136665605,0.010127571227570138,1.0056685899382525,0.02541865384532534]",""
"epoch_30","finished","-","","","2025-06-05T13:22:39.000Z","85353","","4","0.00625","0.9","19","50","0.0001","90.49422153830314","54.01097085019712","86.16251124528796","62.57639195353028","50.391492787660255","36.23866040749744","55.65057552206037","0.4618732333752911","58.93108575165565","50.8869510095013","69.89934821625893","9.36552325020292","45.348790686063346","1.7276288195422942","79.31924429598575","0.7026281598322353","68.60126296933956","1.229880755039837","44.9339207048458","0.046457436139460795","82.2622022424528","15.038243386892423","74.00163245602914","67.55637533612807","31.214132143725298","7.884242058238915","56.361612498152226","9.087636611893393","48.88120577842927","20.057885436677378","50.673461078190854","16.676886986190148","55.16632789084526","9.900742715496152","76.35188467984109","61.821930949731005","68.47373564288657","3.984567785820895","30","2.01835551406783","0.006137386666228596","","","","2.01835551406783","62.795718322527016","","","","","1.2869868321418765","22.59239353378561","[54.01097085019712,15.038243386892423,67.55637533612807,7.884242058238915,9.087636611893393,20.057885436677378,16.676886986190148,9.900742715496152,61.821930949731005,3.984567785820895,62.57639195353028,36.23866040749744,0.4618732333752911,50.8869510095013,9.36552325020292,1.7276288195422942,0.7026281598322353,1.229880755039837,0.046457436139460795]",""
"epoch_29","finished","-","","","2025-06-04T21:30:58.000Z","142409","","4","0.00625","0.9","19","50","0.0001","90.14034979915138","49.907885876365064","87.22148520114168","63.197151049610945","50.25130603970147","38.04536706748436","54.73509568210449","0.3909838992469195","58.16517803274611","47.85084621437993","66.12798678046387","9.390812725864397","42.42382154743714","1.5910053921120628","74.1907175745374","0.08105977325471643","68.69967798442269","3.212914009084491","42.36607409243422","0.00043037090594305334","82.64964274137985","14.252197427644022","73.66659083604804","69.44660058826732","32.895899161487094","8.075208751377298","56.32596898374532","11.141129510234537","48.71366667948673","20.542056403963517","50.69175824243894","13.682391518065224","55.53400681948231","9.106695058780613","76.5826794212816","66.91926277844684","67.95726776266577","4.120059875894447","29","2.018855728574399","0.004533861543357625","","","","2.018855728574399","62.070482809587176","","","","","1.3769841709136963","22.681792541630664","[49.907885876365064,14.252197427644022,69.44660058826732,8.075208751377298,11.141129510234537,20.542056403963517,13.682391518065224,9.106695058780613,66.91926277844684,4.120059875894447,63.197151049610945,38.04536706748436,0.3909838992469195,47.85084621437993,9.390812725864397,1.5910053921120628,0.08105977325471643,3.212914009084491,0.00043037090594305334]",""
"epoch_28","finished","-","","","2025-06-04T20:44:01.000Z","145179","","4","0.00625","0.9","19","50","0.0001","90.17943442743189","55.14444248051862","86.85559743484653","65.30692449214145","49.72504832797453","38.30435332401747","54.989137605086334","0.4481305331976929","58.66683089366123","45.01571303978861","67.69117472119362","10.49552030590659","50.71673897256665","3.508919919971131","76.28548664348085","0","68.56969545321854","4.512629838953657","40.46119118230415","0.0007384374540399605","82.20923873409161","18.164199048492","72.97784177069904","68.79913641867327","32.72662950634443","11.45407919434025","56.81375368202053","8.859270177825652","48.4743942803279","19.77812631871657","50.25555566866955","16.222418943476864","54.84238005412506","6.498023955045451","76.10418017320389","66.1813412798716","67.08194015597635","4.574432075613047","28","2.011163278175061","0.004650281723548955","","","","2.011163278175061","62.401381562485405","","","","","1.2343823652267456","24.626022210222445","[55.14444248051862,18.164199048492,68.79913641867327,11.45407919434025,8.859270177825652,19.77812631871657,16.222418943476864,6.498023955045451,66.1813412798716,4.574432075613047,65.30692449214145,38.30435332401747,0.4481305331976929,45.01571303978861,10.49552030590659,3.508919919971131,0,4.512629838953657,0.0007384374540399605]",""
"epoch_27","finished","-","","","2025-06-04T19:57:10.000Z","147944","","4","0.00625","0.9","19","50","0.0001","90.22963293786276","53.08071586974377","87.39180136519481","64.89220816051584","49.49472932178635","36.83301174778727","53.9346198482063","0.955951486445552","57.86983411235857","42.50440285737642","66.69192931602794","8.31320907093838","45.42488269870508","2.167700195372649","70.97547221693311","0.07025925665706453","68.23763877103332","2.180682492445114","41.585577717231345","0.02034557981521788","82.24319601962056","14.052469050421276","73.63501950696988","69.52673948951241","32.46380687520591","8.250603088517547","55.82313306146591","12.150093005205614","48.36783629536429","19.233943310182926","48.80183547919712","15.47743976751649","54.97901830164865","7.208649002928114","75.48125847780155","59.79380161607635","67.7112076783009","6.1951090385605605","27","2.0080477896529727","0.004766378919526803","","","","2.0080477896529727","61.64960157899551","","","","","1.2599118666648863","22.2582807413694","[53.08071586974377,14.052469050421276,69.52673948951241,8.250603088517547,12.150093005205614,19.233943310182926,15.47743976751649,7.208649002928114,59.79380161607635,6.1951090385605605,64.89220816051584,36.83301174778727,0.955951486445552,42.50440285737642,8.31320907093838,2.167700195372649,0.07025925665706453,2.180682492445114,0.02034557981521788]",""
"epoch_26","finished","-","","","2025-06-04T19:10:17.000Z","150711","","4","0.00625","0.9","19","50","0.0001","90.13897406339208","45.6628121233689","87.44778172005299","64.41549317116444","49.521246199913136","37.42037894136895","55.02284957695669","0.7428048121854427","58.57193517572139","33.308374461265025","65.7661484186912","5.835031326533841","49.75617473498705","1.914840115031224","71.47566805215997","0.04602235371466139","68.4253397100129","5.142691644175434","42.75773486901534","0.007860635839463708","81.95909953341773","18.195684832430228","73.265731879101","68.53774680200625","31.676355677968637","9.045982337203554","56.20627245233093","8.865772076648257","48.14352257135045","18.4227961096299","48.23852415451053","14.77422947869534","54.29756367814974","8.38436253304568","76.25954769360894","62.61350431469616","67.83078579240926","4.552882481246239","26","2.004138535146774","0.00488216272292538","","","","2.004138535146774","61.934802944934205","","","","","1.4460946378707886","21.467856344749947","[45.6628121233689,18.195684832430228,68.53774680200625,9.045982337203554,8.865772076648257,18.4227961096299,14.77422947869534,8.38436253304568,62.61350431469616,4.552882481246239,64.41549317116444,37.42037894136895,0.7428048121854427,33.308374461265025,5.835031326533841,1.914840115031224,0.04602235371466139,5.142691644175434,0.007860635839463708]",""
"epoch_25","finished","-","","","2025-06-04T18:23:20.000Z","153482","","4","0.00625","0.9","19","50","0.0001","89.91707360585632","50.97806616430295","87.52848419916748","65.69412448674225","48.87939444221582","37.48313495284846","53.413439906296325","0.9375342114104726","56.73158150461644","47.903766672054445","61.27082130705709","9.46756231727958","46.428204446563456","4.352231274932234","68.4136455985463","0.008853757180397069","67.49623299595385","7.044230280833543","39.06784506400751","0.01632386549134835","81.92787359296788","19.626144271913663","73.76394705785027","68.91970780161132","33.97401183426808","8.908651604739106","55.36294240370292","11.851120198872756","47.840962658504125","20.12342741399414","48.05330448084892","16.421273261283144","53.69923203649728","9.682332036995794","75.88588022484441","66.38346348919724","66.39363014799227","3.910014285545148","25","1.979941978510509","0.004997642195826683","","","","1.979941978510509","60.844658289881934","","","","","1.3483259291648866","23.669050649854107","[50.97806616430295,19.626144271913663,68.91970780161132,8.908651604739106,11.851120198872756,20.12342741399414,16.421273261283144,9.682332036995794,66.38346348919724,3.910014285545148,65.69412448674225,37.48313495284846,0.9375342114104726,47.903766672054445,9.46756231727958,4.352231274932234,0.008853757180397069,7.044230280833543,0.01632386549134835]",""
"epoch_24","finished","-","","","2025-06-04T17:36:24.000Z","156251","","4","0.00625","0.9","19","50","0.0001","89.00888400938562","59.08266395056955","89.2110339537554","64.77724249511786","48.48189518029164","36.74810071718102","52.583548544846835","0.29968973298232415","53.6013094852393","43.89103103408757","69.3460516854274","9.496186000642515","40.31089704130068","6.585587164874516","76.9486652986358","0.7439229193245519","66.16730479972296","5.277893765246246","35.33600268249865","0.046331856531009775","81.46868569738817","17.60184300757426","74.42014201722417","69.54638696765252","31.97097279206204","10.815925405892129","55.11926717797604","11.30451009800259","47.553134639229015","20.201607679432808","48.52596860304425","10.078227046809952","53.534516809574505","8.944809837003145","77.60755961004367","62.12183554189418","65.90732239404296","5.032111479306746","24","1.9688331789807725","0.005112825912817865","","","","1.9688331789807725","60.9001664432468","","","","","1.1675977449417114","23.29452140526976","[59.08266395056955,17.60184300757426,69.54638696765252,10.815925405892129,11.30451009800259,20.201607679432808,10.078227046809952,8.944809837003145,62.12183554189418,5.032111479306746,64.77724249511786,36.74810071718102,0.29968973298232415,43.89103103408757,9.496186000642515,6.585587164874516,0.7439229193245519,5.277893765246246,0.046331856531009775]",""
"epoch_23","finished","-","","","2025-06-04T16:49:02.000Z","159047","","4","0.00625","0.9","19","50","0.0001","89.83601923952557","52.96834657168091","86.41276164492602","70.51693534329809","47.636435184937795","30.69961440447368","52.39161496194073","0.4768192192965859","62.376878393692024","53.80178290979429","67.57169483067563","4.776419802401153","38.47318622745093","4.01798500537777","73.776239303381","0.5690083981326483","65.4957744421205","1.5213296829187777","38.058711682047935","0","79.17024733701867","20.703083124069348","72.52200241511886","62.47796054962584","31.110312438041955","4.2189384346051275","52.73130028709547","7.971261163239293","47.05801154259191","17.635965256886767","47.69859117570868","13.552139965523423","51.95605213971023","5.329201853569062","76.77414886848356","68.18821683223439","66.15875112309261","8.464573737894748","23","1.9486633976385284","0.005227721998740838","","","","1.9486633976385284","60.379407012503165","","","","","1.1843485550880433","23.77164345861233","[52.96834657168091,20.703083124069348,62.47796054962584,4.2189384346051275,7.971261163239293,17.635965256886767,13.552139965523423,5.329201853569062,68.18821683223439,8.464573737894748,70.51693534329809,30.69961440447368,0.4768192192965859,53.80178290979429,4.776419802401153,4.01798500537777,0.5690083981326483,1.5213296829187777,0]",""
"epoch_22","finished","-","","","2025-06-04T16:02:17.000Z","161807","","4","0.00625","0.9","19","50","0.0001","90.12761759801326","49.33467261100907","87.16098598000292","63.22816406890157","48.21179109645352","36.88780703914694","51.94373634377275","1.4443046918066131","59.14667504609999","32.89433257902873","63.00062707146563","7.5405694392887535","37.681541146443486","1.7372241566430728","80.807735419112","0.34462312460695343","65.74188361237874","2.906457653500627","35.723975671413896","0.024957185517947657","81.24493445617685","18.392472855370517","73.18284528660757","69.23251758268792","31.89717130286649","10.634061890428184","54.10694954767246","12.68395580085122","47.253096335035075","18.139164407968845","48.07066697314009","13.986218855345486","52.26217935573268","7.761236341038595","75.97149887310921","66.49947106639405","66.41592997653136","6.609346253740749","22","1.9571952686380985","0.00534233816266959","","","","1.9571952686380985","60.52378111010673","","","","","1.2598068780899048","22.120081979119774","[49.33467261100907,18.392472855370517,69.23251758268792,10.634061890428184,12.68395580085122,18.139164407968845,13.986218855345486,7.761236341038595,66.49947106639405,6.609346253740749,63.22816406890157,36.88780703914694,1.4443046918066131,32.89433257902873,7.5405694392887535,1.7372241566430728,0.34462312460695343,2.906457653500627,0.024957185517947657]",""
"epoch_21","finished","-","","","2025-06-04T15:15:30.000Z","164567","","4","0.00625","0.9","19","50","0.0001","90.06851856234472","51.48929334563223","87.26148350615262","64.29165738886186","47.46052363040173","33.91461966211163","51.523029207404306","0.9429609276943028","57.4651539874002","37.05239746773038","63.215981054184645","9.488508493291771","40.25075218370038","5.417714856215564","80.64410411125819","0","65.62415609978575","7.421509540697545","34.67080340600182","0.002460761618024587","81.25106305530451","15.553167975337876","73.66643653381757","69.21490391693256","30.540597257473117","11.002997758633157","54.981630867253486","10.234940142968163","47.00046750833663","16.73863322637537","47.29887182880393","14.710994564507535","52.053074092149146","6.576581691553588","76.34130187041981","66.62908003182687","66.75937001097648","4.130185017909017","21","1.958392846685991","0.0054566817285730375","","","","1.958392846685991","60.42512204069311","","","","","1.2897472925186158","23.60070037610542","[51.48929334563223,15.553167975337876,69.21490391693256,11.002997758633157,10.234940142968163,16.73863322637537,14.710994564507535,6.576581691553588,66.62908003182687,4.130185017909017,64.29165738886186,33.91461966211163,0.9429609276943028,37.05239746773038,9.488508493291771,5.417714856215564,0,7.421509540697545,0.002460761618024587]",""
"epoch_20","finished","-","","","2025-06-04T14:28:45.000Z","167326","","4","0.00625","0.9","19","50","0.0001","89.92429304148082","50.10303481594144","87.31294204495842","64.06670021141865","46.809211439110605","35.71884148521849","50.49989804119135","1.4994857958001124","59.56216658550528","32.44187172925201","61.56499738665057","6.618057999075383","42.398409622644216","3.412802065505212","78.86918595202344","0.02875759892250008","64.90981704017423","6.314598633421779","33.66805766499058","0.01513040750615826","80.90204092033854","16.504357345191007","73.43616201794063","68.72683355095243","30.360786620499624","7.114995675530546","54.378187375746","11.047207492686828","46.65243487234353","18.808254763312203","46.48817776692711","14.3004656772286","51.64154176663873","8.860848008693209","75.95803203318982","66.66225051973886","66.0947890792242","6.454225556175261","20","1.941156532591594","0.00557075966305625","","","","1.941156532591594","60.07532269850409","","","","","1.2761666226387025","22.03677470166161","[50.10303481594144,16.504357345191007,68.72683355095243,7.114995675530546,11.047207492686828,18.808254763312203,14.3004656772286,8.860848008693209,66.66225051973886,6.454225556175261,64.06670021141865,35.71884148521849,1.4994857958001124,32.44187172925201,6.618057999075383,3.412802065505212,0.02875759892250008,6.314598633421779,0.01513040750615826]",""
"epoch_19","finished","-","","","2025-06-04T13:41:38.000Z","170107","","4","0.00625","0.9","19","50","0.0001","89.65640182395809","57.71028476207213","86.86866605362923","63.220115382272915","46.37925283015427","36.19573002581167","49.03244897326726","1.8075187196803604","57.53985755596901","43.58634022121338","62.528429756032224","6.34344140119651","39.60003360762835","2.5900876054773803","76.21478435211525","0.9845610460998782","63.264889539067546","5.430413379080671","29.074245916524465","0.008370018838696812","80.72483944288716","16.47923154914702","72.76828655973341","68.53138224099445","33.35182816250526","13.176764867484248","53.55732979654707","10.667283625133166","46.13767653764957","18.014851424085727","46.21173330042023","16.439255085647044","50.15957884744844","7.545000584897936","75.17957075390255","60.40760283812288","66.08016283483714","6.810347149665423","19","1.9280371613848184","0.005684578600518514","","","","1.9280371613848184","59.175264033909286","","","","","1.157445702552795","22.94466220668008","[57.71028476207213,16.47923154914702,68.53138224099445,13.176764867484248,10.667283625133166,18.014851424085727,16.439255085647044,7.545000584897936,60.40760283812288,6.810347149665423,63.220115382272915,36.19573002581167,1.8075187196803604,43.58634022121338,6.34344140119651,2.5900876054773803,0.9845610460998782,5.430413379080671,0.008370018838696812]",""
"epoch_18","finished","-","","","2025-06-04T12:54:15.000Z","172905","","4","0.00625","0.9","19","50","0.0001","89.40823889897679","51.12290460091642","87.68133295901059","61.69297900414361","45.888358976013485","27.996266203801152","48.179061833475686","0.7751481537760216","56.50964234327108","34.814903796927176","64.31299954991746","8.26838278360694","40.773792915714886","4.535255152209188","77.93587210297622","0.012382506894804971","61.93334669403172","4.422400622944852","29.586511035138457","0.0004919359401018799","80.24317728572596","11.27476690222526","72.983707186773","67.15210157004049","31.59362218478206","8.155804902795046","53.14068781194724","8.933263609614245","45.90756450412763","17.61591599491184","45.70654922233771","12.484549580827832","49.82701938784392","6.667571574358817","76.08169847236226","68.44354887862937","66.21668524840153","5.622771607830695","18","1.91805512869536","0.005798144866020802","","","","1.91805512869536","59.15315097962251","","","","","1.2697912735939023","21.052179441178627","[51.12290460091642,11.27476690222526,67.15210157004049,8.155804902795046,8.933263609614245,17.61591599491184,12.484549580827832,6.667571574358817,68.44354887862937,5.622771607830695,61.69297900414361,27.996266203801152,0.7751481537760216,34.814903796927176,8.26838278360694,4.535255152209188,0.012382506894804971,4.422400622944852,0.0004919359401018799]",""
"epoch_17","finished","-","","","2025-06-04T12:06:55.000Z","175699","","4","0.00625","0.9","19","50","0.0001","89.60000892676725","50.654202008785674","87.128642766484","63.13926088438589","45.21118428281444","34.459703772804644","48.86954527046161","1.2402814777036886","61.32344802224645","40.67575561124475","66.01381602786107","4.04686248838021","33.40446035773227","1.5154180178133174","76.1501744786747","2.55666870684749","62.11290735447606","3.5407801670770045","25.188832657031252","0.010708937839539492","80.21389044960755","14.414950857700829","73.13674182346273","68.35950479046988","29.26424533816779","8.991175571366314","52.21342454244078","10.50371283735572","45.57812636789194","18.61516924840133","45.05044818413744","12.567156313548326","48.97340406539213","9.088504936530324","76.1188089571993","67.37062814050738","65.45234727746451","6.340054062100224","17","1.914525951912154","0.005911464496116451","","","","1.914525951912154","58.47391879738491","","","","","1.2732203273773193","22.004763096361188","[50.654202008785674,14.414950857700829,68.35950479046988,8.991175571366314,10.50371283735572,18.61516924840133,12.567156313548326,9.088504936530324,67.37062814050738,6.340054062100224,63.13926088438589,34.459703772804644,1.2402814777036886,40.67575561124475,4.04686248838021,1.5154180178133174,2.55666870684749,3.5407801670770045,0.010708937839539492]",""
"epoch_16","finished","-","","","2025-06-04T11:19:39.000Z","178489","","4","0.00625","0.9","19","50","0.0001","89.47818809805878","55.62221418400394","87.50846550236568","64.08873150172047","44.465722918623015","33.185543393886796","47.695574479572734","1.223679273772157","58.02060270608922","35.52778701896091","65.9223058280521","13.823839336524856","34.506908863769375","1.807859714919637","72.02460880727617","0.8341901031906221","60.01113076547926","2.7105048490890953","20.327762505117956","0.016369442312792963","79.88994205103809","16.020113214754016","73.33491871977022","67.92605842969522","29.523119909425223","13.355239107563218","52.06342201742762","7.922481919007586","45.09312848282327","16.730265882912814","44.005333537056416","14.165915009597075","47.60665372114114","5.0543678201367275","75.94671309958093","68.12525351748518","65.26304560144463","7.568237898921218","16","1.898253531089978","0.006024543257865944","","","","1.898253531089978","57.50987092705852","","","","","1.171421586036682","22.405718506234436","[55.62221418400394,16.020113214754016,67.92605842969522,13.355239107563218,7.922481919007586,16.730265882912814,14.165915009597075,5.0543678201367275,68.12525351748518,7.568237898921218,64.08873150172047,33.185543393886796,1.223679273772157,35.52778701896091,13.823839336524856,1.807859714919637,0.8341901031906221,2.7105048490890953,0.016369442312792963]",""
"epoch_15","finished","-","","","2025-06-04T10:31:37.000Z","181326","","4","0.00625","0.9","19","50","0.0001","89.58350072347677","49.69895437652077","87.73997965040886","57.11031504690964","43.713402452629126","34.22652343680576","45.79755289891676","1.378270309943577","60.201448453749286","45.13300433270498","62.317711916236206","13.96359614669037","33.983183626326834","1.7031717391665524","75.69356293180938","5.543335648684108","60.08648998456473","5.238983108568314","14.376284377596074","0","79.47582067655607","15.664868092865095","72.76513611156629","65.65624329006523","28.22448363980311","7.820089828324808","51.00746894507496","8.8210867577689","44.72402258131584","17.74344359096987","43.50330699230776","13.358328328503427","46.97696305522433","8.753422654013436","76.43478307427411","63.947269813375264","64.76166256233964","5.162437205343428","15","1.896638743277552","0.006137386666228596","","","","1.896638743277552","56.91404024495663","","","","","1.336682149887085","23.384630205956867","[49.69895437652077,15.664868092865095,65.65624329006523,7.820089828324808,8.8210867577689,17.74344359096987,13.358328328503427,8.753422654013436,63.947269813375264,5.162437205343428,57.11031504690964,34.22652343680576,1.378270309943577,45.13300433270498,13.96359614669037,1.7031717391665524,5.543335648684108,5.238983108568314,0]",""
"epoch_14","finished","-","","","2025-06-04T09:08:29.000Z","186268","","4","0.00625","0.9","19","50","0.0001","89.51299280689852","51.468701105737814","87.81219127552018","61.82544487392436","42.00544610023768","34.50717237524081","44.44567784624259","1.3379681014700158","61.85873106783819","33.93166734681026","63.43854679407526","9.980609991692258","28.99532020235938","2.2782680357538663","73.56843057709843","0.6208821524780109","58.37820576903575","5.857955546888767","8.96739130434782","0","79.29911298668063","18.215202281725215","72.19975216699389","68.30375780881627","28.200884206208816","9.5956626402555","50.50598020940539","10.144392603958512","44.09523893981768","17.10009441769924","41.8312761863542","14.688043193272412","45.55743551900694","6.723439519127254","76.51642200728116","66.21895357804004","63.4679384425337","6.332956169361911","14","1.881694191554462","0.006137386666228596","","","","1.881694191554462","55.82405128462822","","","","","1.2233727612495422","23.285065096791808","[51.468701105737814,18.215202281725215,68.30375780881627,9.5956626402555,10.144392603958512,17.10009441769924,14.688043193272412,6.723439519127254,66.21895357804004,6.332956169361911,61.82544487392436,34.50717237524081,1.3379681014700158,33.93166734681026,9.980609991692258,2.2782680357538663,0.6208821524780109,5.857955546888767,0]",""
"epoch_13","finished","-","","","2025-06-04T07:22:32.000Z","192579","","4","0.00625","0.9","19","50","0.0001","89.74113305670967","45.43447186322591","88.15458478867612","62.60014830282527","41.72159483269609","35.03979155769903","44.08178785696178","1.8736952924758652","63.808610551449426","28.257183440830463","56.03458360006026","13.817250080678711","27.7845470195884","3.909763721684475","74.67339157088429","7.1531269088004485","56.66209211332131","4.831846086488153","8.317730656440329","0","78.94510847042662","15.855578400357226","72.42993853517041","68.78508418681476","27.52250207974292","12.472103681505686","49.71246696200019","8.642602793110425","43.64945918821225","16.635954947816742","41.60174229278974","16.2688069230645","45.20941618485857","8.348386454678907","76.2456574457769","63.01981853006306","62.50434528842624","4.290185870708978","13","1.877390144984605","0.004766378919526803","","","","1.877390144984605","55.20003644706271","","","","","1.4345916543006898","23.17976661349048","[45.43447186322591,15.855578400357226,68.78508418681476,12.472103681505686,8.642602793110425,16.635954947816742,16.2688069230645,8.348386454678907,63.01981853006306,4.290185870708978,62.60014830282527,35.03979155769903,1.8736952924758652,28.257183440830463,13.817250080678711,3.909763721684475,7.1531269088004485,4.831846086488153,0]",""
"epoch_12","finished","-","","","2025-06-04T06:29:14.000Z","195732","","4","0.00625","0.9","19","50","0.0001","89.60060694646242","47.23463586741271","88.38465227398672","62.62746566383341","39.89926567358915","32.70295964591895","41.09960410953807","2.3051859707386497","67.34509428606441","22.488871326009516","53.48601410806025","10.913639225909188","23.32124761336905","8.541351881953714","73.26358923500106","5.1761971693043956","55.37116491651487","3.1893846363760394","3.3718271209695847","0","77.77548933511862","16.78339884751272","71.60796010339381","66.76091251821474","27.007221933743775","12.016468046422258","48.1667395648921","5.349252135849142","42.784481083829625","17.106984287967524","39.90019846407929","13.078610248447204","44.08267092803805","5.065253227736051","76.20875710651542","69.54835644040024","61.26095718796001","11.47466408898432","12","1.875209599161453","0.00488216272292538","","","","1.875209599161453","53.891449578480334","","","","","1.3369301834106446","22.909088401610592","[47.23463586741271,16.78339884751272,66.76091251821474,12.016468046422258,5.349252135849142,17.106984287967524,13.078610248447204,5.065253227736051,69.54835644040024,11.47466408898432,62.62746566383341,32.70295964591895,2.3051859707386497,22.488871326009516,10.913639225909188,8.541351881953714,5.1761971693043956,3.1893846363760394,0]",""
"epoch_11","finished","-","","","2025-06-04T05:36:13.000Z","198867","","4","0.00625","0.9","19","50","0.0001","88.91041296661386","49.28148855106229","88.47763108146822","61.15814793448935","36.05122395656484","34.00047487942729","36.07412520089747","1.550207319271678","67.4654736573613","31.412951538747336","49.62557195859347","14.391753843913673","23.54572154766767","7.447029757549638","69.1139190161546","0.5238619100005236","50.33621109780968","3.323237386736537","0.6307184078684136","0","73.92439054046392","11.129640131435243","70.71647864185402","65.34520478185378","24.207479240741193","7.403171000455262","43.34398162920149","10.797090702241526","40.65321326145024","16.74316530843684","36.40993777621821","12.60482991574169","39.949889408331394","8.095268769727532","75.18911361565068","67.48600548198289","61.45182213587288","5.769351987536098","11","1.8851468456325249","0.004997642195826683","","","","1.8851468456325249","51.37249027056755","","","","","1.3284754695892331","22.69238228892273","[49.28148855106229,11.129640131435243,65.34520478185378,7.403171000455262,10.797090702241526,16.74316530843684,12.60482991574169,8.095268769727532,67.48600548198289,5.769351987536098,61.15814793448935,34.00047487942729,1.550207319271678,31.412951538747336,14.391753843913673,7.447029757549638,0.5238619100005236,3.323237386736537,0]",""
"epoch_10","finished","-","","","2025-06-04T04:43:06.000Z","202006","","4","0.00625","0.9","19","50","0.0001","89.21026358817915","45.065827858642145","87.40710765091258","63.85133341408468","38.90214574014345","29.684512285583462","40.2486583345791","1.1521144090086393","64.43132884119554","32.23943227622858","59.464696720274624","7.398347214939291","30.57288295071992","5.448062783764667","72.2984165328215","3.1735190751253284","55.271496517448384","2.789930549805757","0.8315817807991658","0","77.83807604744362","6.336200976394241","71.6595949362004","66.33566257178512","28.63721865726206","9.88401188107866","46.8356732866401","10.820152445568434","42.16490493669079","14.074371913550166","36.746054600297526","10.074162929959346","42.84328982821201","11.057742846251616","75.67836228678608","70.52895247964247","59.76992619005878","4.512852004647793","10","1.85006563648232","0.005112825912817865","","","","1.85006563648232","53.726930496140255","","","","","1.4054500207901002","21.912621662003357","[45.065827858642145,6.336200976394241,66.33566257178512,9.88401188107866,10.820152445568434,14.074371913550166,10.074162929959346,11.057742846251616,70.52895247964247,4.512852004647793,63.85133341408468,29.684512285583462,1.1521144090086393,32.23943227622858,7.398347214939291,5.448062783764667,3.1735190751253284,2.789930549805757,0]",""
"epoch_9","finished","-","","","2025-06-04T03:50:04.000Z","205142","","4","0.00625","0.9","19","50","0.0001","89.30172418857023","48.863081784397735","87.74804654250448","62.512176065580896","38.2519591491695","33.021772537328964","39.6989217066136","2.763284838652388","65.8382105320844","29.22973237801814","56.893827555002865","10.054652692595548","31.111388925049305","4.120596010146514","72.19968388975997","2.1705956949070693","53.06741176092752","5.144117775252041","0.8170584741706881","0","77.67118238785542","9.278167316887904","70.32019424049393","68.01773901263006","28.96383987304545","9.456866516194042","46.541459736007376","7.818592451232904","41.25742606793851","15.113091907025831","35.08116689343224","10.749332494086351","39.61644627647598","7.346920922106189","75.30410730539798","67.22360090112976","59.68842778423351","6.79563672686717","9","1.8372777767781256","0.005227721998740838","","","","1.8372777767781256","53.12486754151226","","","","","1.3355522599220275","22.2044421125022","[48.863081784397735,9.278167316887904,68.01773901263006,9.456866516194042,7.818592451232904,15.113091907025831,10.749332494086351,7.346920922106189,67.22360090112976,6.79563672686717,62.512176065580896,33.021772537328964,2.763284838652388,29.22973237801814,10.054652692595548,4.120596010146514,2.1705956949070693,5.144117775252041,0]",""
"epoch_8","finished","-","","","2025-06-04T02:57:31.000Z","208250","","4","0.00625","0.9","19","50","0.0001","89.49600170918454","49.56798919683767","88.47774621657783","63.450079564850526","36.916698580751714","32.271305743521204","37.415127224877345","0.7439360448698598","65.00234629113638","30.99096317418482","52.9064283805846","14.798575815007528","32.8796724248436","6.505484521512493","77.41248811036692","3.689546780962348","50.382782895806066","3.706242728242659","0.08879560865353563","0","76.85385322236364","14.74058224506283","70.68121182480881","65.41180304549272","26.232008587695795","8.945772915194635","45.02264548743888","8.8283997460958","40.58557319932405","12.466208138535183","34.25315249389463","11.213031299375825","39.138563102518546","5.231883716382228","75.85278244206387","72.0645618440234","57.70029125429339","6.237727237186393","8","1.8276209823612464","0.00534233816266959","","","","1.8276209823612464","52.48937731879917","","","","","1.2428802809715271","22.825782986518785","[49.56798919683767,14.74058224506283,65.41180304549272,8.945772915194635,8.8283997460958,12.466208138535183,11.213031299375825,5.231883716382228,72.0645618440234,6.237727237186393,63.450079564850526,32.271305743521204,0.7439360448698598,30.99096317418482,14.798575815007528,6.505484521512493,3.689546780962348,3.706242728242659,0]",""
"epoch_7","finished","-","","","2025-06-04T02:05:33.000Z","211321","","4","0.00625","0.9","19","50","0.0001","89.40080134825145","44.08685818820505","88.21291525885677","58.2339329154289","34.00766359230214","32.79699198418436","32.763223486081294","0.6745439990737245","64.98554948703399","31.870127733956867","55.709525721231856","16.875831376790213","22.827812094102676","6.73266269820678","71.32013324634191","1.6983190672851836","48.0166215588179","1.5412892796244209","0.024796009572412982","0","76.1409081453263","9.189626419231034","68.995135747437","63.894505649300335","28.36953570192342","4.026084358026998","43.48958824334379","8.883440370894249","39.550674617908754","13.958320804727506","32.2830114499178","9.768460330334603","36.565867417769645","6.7475744730667735","75.37765340323752","64.69747594339323","56.81792780917968","4.442440355753032","7","1.8210486326136317","0.0054566817285730375","","","","1.8210486326136317","50.78207075466507","","","","","1.2811822533607482","21.117693663749073","[44.08685818820505,9.189626419231034,63.894505649300335,4.026084358026998,8.883440370894249,13.958320804727506,9.768460330334603,6.7475744730667735,64.69747594339323,4.442440355753032,58.2339329154289,32.79699198418436,0.6745439990737245,31.870127733956867,16.875831376790213,6.73266269820678,1.6983190672851836,1.5412892796244209,0]",""
"epoch_6","finished","-","","","2025-06-04T01:13:41.000Z","214387","","4","0.00625","0.9","19","50","0.0001","89.08958908652532","43.25559118640447","87.31095459807646","61.798088757784086","32.952521118928615","31.90433597113167","30.830696931206504","1.6113337149398967","66.46198862792517","21.949091331270505","53.97497611942243","10.721207840471768","20.61052080813285","4.97462403331196","68.6502860176329","0.7437447712398908","40.89343003190822","7.623089526981651","0","0","74.62028013374511","7.767073005789711","69.07578128822186","66.93346966959382","28.51076962118792","8.974748109700247","41.10776087938734","9.402402983300906","38.2663189725825","12.238327214753577","29.644555634100072","11.29348875949743","35.247746642255635","7.531445184237143","74.63098343085939","61.32111958216853","55.045714559422045","7.103544804766749","6","1.816695611741243","0.00557075966305625","","","","1.816695611741243","52.051381916751126","","","","","1.5187524657249452","20.952595913741337","[43.25559118640447,7.767073005789711,66.93346966959382,8.974748109700247,9.402402983300906,12.238327214753577,11.29348875949743,7.531445184237143,61.32111958216853,7.103544804766749,61.798088757784086,31.90433597113167,1.6113337149398967,21.949091331270505,10.721207840471768,4.97462403331196,0.7437447712398908,7.623089526981651,0]",""
"epoch_5","finished","-","","","2025-06-04T00:21:49.000Z","217453","","4","0.00625","0.9","19","50","0.0001","88.96832495907334","48.226755703874375","87.83272657983183","62.91855013501665","28.975211522040507","32.97651888455452","21.733432188890152","0.7968048364385284","69.76176609784159","23.491922587705208","47.98384277497643","7.8123879360998","23.450788249026875","2.2585121144198954","56.243372068426055","0.9113952713114906","31.9245625820051","3.9406701740694374","0","0","73.76512190263949","13.606678840710805","66.24701384400919","67.27543660660432","32.002521480687705","13.42017854827822","39.21737290982517","13.99715514229166","36.59536009300704","13.461867475128308","24.813459846474935","11.258339176600218","31.825753118653605","4.108052827615877","73.72710285793846","66.19049669295504","51.58995911368757","7.668122930730603","5","1.8016175287110463","0.005684578600518514","","","","1.8016175287110463","49.258760677168624","","","","","1.245683979511261","21.906658104689168","[48.226755703874375,13.606678840710805,67.27543660660432,13.42017854827822,13.99715514229166,13.461867475128308,11.258339176600218,4.108052827615877,66.19049669295504,7.668122930730603,62.91855013501665,32.97651888455452,0.7968048364385284,23.491922587705208,7.8123879360998,2.2585121144198954,0.9113952713114906,3.9406701740694374,0]",""
"epoch_4","finished","-","","","2025-06-03T23:30:06.000Z","220509","","4","0.00625","0.9","19","50","0.0001","89.18774790426137","43.799644850984","86.55921989238556","61.76133084078509","22.013831805558105","29.56753378740918","7.0564358850851105","0.004644316063881556","71.04916510147049","25.35340583092144","47.83364466074137","6.675956209927398","19.851662205129635","4.621222359965505","63.39735581528526","8.485433116807343","12.689830086512726","0.1241710777728418","0","0","71.87253051610482","7.882868208356387","65.3313514408259","66.74427201731818","29.67756560975108","11.893472347706195","36.277536382313144","11.57532404487895","34.21948607264607","13.254867592937178","17.90159068021817","8.567778520882808","25.615737698828216","3.110479543090679","73.07414636576343","62.608203936241544","49.48623262326741","4.876735576020773","4","1.8115355794363692","0.005798144866020802","","","","1.8115355794363692","45.727503930341555","","","","","1.4504581418037414","20.605963565448302","[43.799644850984,7.882868208356387,66.74427201731818,11.893472347706195,11.57532404487895,13.254867592937178,8.567778520882808,3.110479543090679,62.608203936241544,4.876735576020773,61.76133084078509,29.56753378740918,0.004644316063881556,25.35340583092144,6.675956209927398,4.621222359965505,8.485433116807343,0.1241710777728418,0]",""
"epoch_3","finished","-","","","2025-06-03T22:38:19.000Z","223569","","4","0.00625","0.9","19","50","0.0001","88.5598896413143","49.77053761150927","87.11912052362824","63.92296525929242","9.222672176456658","28.117392693473057","0.8398560832247808","0.0198701949103915","70.51013465972571","35.005118398999855","39.91628354171205","4.115072161090053","14.253625304522055","2.481307438211201","56.292665142746024","2.9405217492168303","1.8396303576552488","0","0","0","68.8685035607178","12.139834931820907","61.58590624339294","65.08616172654007","33.67193309075029","10.59693648822279","32.06160071581646","5.561502438064086","30.94196478352023","11.324857708411391","6.570433160749399","4.35989913458157","5.420442936388581","1.4096375769452123","71.63017454546977","64.07854182523239","49.44954682320344","7.979701010183993","3","1.8314217833567783","0.005911464496116451","","","","1.8314217833567783","40.48635462727744","","","","","1.1939838528633118","21.700579902747386","[49.77053761150927,12.139834931820907,65.08616172654007,10.59693648822279,5.561502438064086,11.324857708411391,4.35989913458157,1.4096375769452123,64.07854182523239,7.979701010183993,63.92296525929242,28.117392693473057,0.0198701949103915,35.005118398999855,4.115072161090053,2.481307438211201,2.9405217492168303,0,0]",""
"epoch_2","finished","-","","","2025-06-03T21:46:11.000Z","226650","","4","0.00625","0.9","19","50","0.0001","87.84832758231742","56.72314649384914","85.50681062212784","69.0491348566022","0.06129788990562008","2.7793576310899195","0","0","66.16081473601156","30.749222631184946","39.36201886096393","13.2476890262881","9.150552023858262","1.2208618624823793","43.799376987483946","0.3452246254911468","1.6745621886709872","0","0","0","64.15672655278487","16.87790013608019","58.18437406823678","66.71049192734849","30.7538213355668","9.55519994180866","23.74873056717841","14.649189037940546","26.26667835410711","9.802400583668073","0.0761810392121928","0.6043266797244656","0.06356324473970755","0.0018347169064576135","69.29669062999085","61.25601977696874","47.42861034110346","10.18255881371626","2","1.8867421476825723","0.006024543257865944","","","","1.8867421476825723","38.443478648485865","","","","","0.9991717886924744","22.734659921321857","[56.72314649384914,16.87790013608019,66.71049192734849,9.55519994180866,14.649189037940546,9.802400583668073,0.6043266797244656,0.0018347169064576135,61.25601977696874,10.18255881371626,69.0491348566022,2.7793576310899195,0,30.749222631184946,13.2476890262881,1.2208618624823793,0.3452246254911468,0,0]",""
"epoch_1","finished","-","","","2025-06-03T20:50:59.000Z","229916","","4","0.00625","0.9","19","50","0.0001","86.23573718572439","42.119537624216896","75.02232298705934","53.17336275450361","0.0030133152851607304","0.00047116281636900393","0.03621845004677705","0","54.63924762529341","20.6166450226839","21.18354765063079","6.133235595530065","1.13221089359918","5.627739494574795","17.963426228584567","5.35800632065185","0.1316696630453623","0","0","0","46.67966591078822","14.532820355320286","56.516873127326114","61.43594248024655","20.274114267230885","8.332722452841447","5.726761879721578","10.674055217014429","11.872134142824626","9.863059210701117","0.05813209322356012","0","0.06663149353416681","0","61.661893724658235","49.198218963341006","34.27530565951349","5.912152843380352","1","2.3087779001386437","0.006137386666228596","","","","2.3087779001386437","27.41549479433833","","","","","1.2984941630363465","20.926997821273044","[42.119537624216896,14.532820355320286,61.43594248024655,8.332722452841447,10.674055217014429,9.863059210701117,0,0,49.198218963341006,5.912152843380352,53.17336275450361,0.00047116281636900393,0,20.6166450226839,6.133235595530065,5.627739494574795,5.35800632065185,0,0]",""