"Name","State","Notes","User","Tags","Created","Runtime","Sweep","batch_size","learning_rate","momentum","num_classes","num_epochs","weight_decay","class_0_train","class_0_val","class_10_train","class_10_val","class_11_train","class_11_val","class_12_train","class_12_val","class_13_train","class_13_val","class_14_train","class_14_val","class_15_train","class_15_val","class_16_train","class_16_val","class_17_train","class_17_val","class_18_train","class_18_val","class_1_train","class_1_val","class_2_train","class_2_val","class_3_train","class_3_val","class_4_train","class_4_val","class_5_train","class_5_val","class_6_train","class_6_val","class_7_train","class_7_val","class_8_train","class_8_val","class_9_train","class_9_val","epoch","lambda_adv","loss","lr","train_flops","train_fps","train_latency","train_loss","train_mIoU","train_params","val_flops","val_fps","val_latency","val_loss","val_mIoU","val_mIoU_per_class","val_params"
"epoch_50","finished","-","","","2025-06-25T08:55:22.000Z","11861","","4","0.00625","0.9","19","50","0.0001","98.59360264857932","69.0016187243273","95.69365359810074","66.08990843916175","48.0715340516872","33.29173942424033","53.04909576692437","4.140675434076063","88.73357382179128","62.458550721359906","88.16974764787902","16.556457785713828","91.66106169508804","17.42418788190853","91.4516927492708","3.3279609063946585","64.70074327464107","3.0147379008764226","30.172855040627848","0.0013543887428132749","85.11959463837653","23.150705620442995","89.0597202946384","71.38771089728671","78.63099501202699","19.75601235371749","60.4685988896863","10.94120026219997","50.01864588936627","20.95645393476829","49.34804524306454","13.67771486735797","62.56024704430733","8.091484261599584","80.62908033920972","74.44833296632132","79.89932849737869","19.3449463957383","50","0.002","1.20956560467352","0","25.779775698","59.95785104891492","17.624332904815674","1.20956560467352","72.94904295487602","12581672","25.779775698","56.00784817620111","18.76463294029236","0.8452083673477173","28.266408061380748","[69.0016187243273,23.150705620442995,71.38771089728671,19.75601235371749,10.94120026219997,20.95645393476829,13.67771486735797,8.091484261599584,74.44833296632132,19.3449463957383,66.08990843916175,33.29173942424033,4.140675434076063,62.458550721359906,16.556457785713828,17.42418788190853,3.3279609063946585,3.0147379008764226,0.0013543887428132749]","12581672"
"epoch_49","finished","-","","","2025-06-25T08:31:27.000Z","13233","","4","0.00625","0.9","19","50","0.0001","98.60093046509542","68.49068429876375","95.70177749746236","69.89893023195334","48.01405229262933","35.037736800689075","53.0692920919022","5.026187988818927","88.72984118629135","59.96523682912076","88.31324447222048","16.959061866219134","91.71890060869988","14.238157992514353","91.62827912931829","0","64.40144630118245","3.41372962300899","30.07039236737305","0.0006771927038026833","85.07061238578221","22.9761316358353","89.08054783666105","71.99505163684464","78.71084540803778","20.01080881262173","60.652455937809734","12.057368465658932","50.03784676751629","22.00122893897557","48.67960926101676","16.388933705180502","62.15154576541687","7.017832320335373","80.65592216884751","75.50439836386181","79.92946606931363","18.802614940945713","49","0.002","1.209271495530346","0.00018484470457853937","","","","1.209271495530346","72.9061583164514","","","","","0.8274028835296631","29.98804286911399","[68.49068429876375,22.9761316358353,71.99505163684464,20.01080881262173,12.057368465658932,22.00122893897557,16.388933705180502,7.017832320335373,75.50439836386181,18.802614940945713,69.89893023195334,35.037736800689075,5.026187988818927,59.96523682912076,16.959061866219134,14.238157992514353,0,3.41372962300899,0.0006771927038026833]",""
"epoch_48","finished","-","","","2025-06-25T08:07:32.000Z","14623","","4","0.00625","0.9","19","50","0.0001","98.5897085222366","67.29297282854921","95.69416166160973","68.8206933282917","48.50310797637599","34.04254215720617","52.35583460052118","4.391244845758833","88.88653838375635","54.40108023867244","88.62351015152194","14.674258628993345","92.1660444782866","17.7146217953006","91.64137412464268","0.251064983491363","64.5427100062242","1.8072127541130936","31.572168268116112","0.023086086477401797","84.91466431954446","22.23121532663001","89.08458384107273","71.69704784974962","78.66064754957729","19.44048195150386","60.43671667425999","11.597742641600089","50.1584042846652","19.597125933262227","48.86869301504128","15.00595182499448","61.64342272394578","7.680471807363628","80.65705299513468","74.5695087396554","80.00775343277488","16.88641382038978","48","0.002","1.2086754024410045","0.000344932415365304","","","","1.2086754024410045","73.00037352680567","","","","","0.8583135790824891","27.48024934431596","[67.29297282854921,22.23121532663001,71.69704784974962,19.44048195150386,11.597742641600089,19.597125933262227,15.00595182499448,7.680471807363628,74.5695087396554,16.88641382038978,68.8206933282917,34.04254215720617,4.391244845758833,54.40108023867244,14.674258628993345,17.7146217953006,0.251064983491363,1.8072127541130936,0.023086086477401797]",""
"epoch_47","finished","-","","","2025-06-25T07:43:36.000Z","16013","","4","0.00625","0.9","19","50","0.0001","98.564790624052","69.50031274133188","95.66946577494669","67.20578300518409","47.518582603480056","35.95067909062875","51.69319350366573","5.871404975564901","88.56771509260467","64.06627320304801","88.44186410713371","18.12262855538279","92.7052139975174","16.776457848266205","91.64851530876398","3.810266879001313","64.09854092809046","4.414204239561949","33.81517837483548","0","84.7230657862572","23.529997983424835","88.97448641764049","72.1701132258202","78.69201799557234","20.694204710353542","60.194035975030715","11.458130052263334","49.946420847578786","22.25214960893131","48.81148631625184","16.952539142683882","61.14328297460014","8.984758748664689","80.45613553234453","76.17332200813732","79.68250609404443","20.666810414436927","47","0.002","1.2116633203746414","0.0004968395304717264","","","","1.2116633203746414","72.91297359233741","","","","","0.8182316861152649","31.033335357371445","[69.50031274133188,23.529997983424835,72.1701132258202,20.694204710353542,11.458130052263334,22.25214960893131,16.952539142683882,8.984758748664689,76.17332200813732,20.666810414436927,67.20578300518409,35.95067909062875,5.871404975564901,64.06627320304801,18.12262855538279,16.776457848266205,3.810266879001313,4.414204239561949,0]",""
"epoch_46","finished","-","","","2025-06-25T07:19:44.000Z","17401","","4","0.00625","0.9","19","50","0.0001","98.57325736031952","68.78464931195535","95.6652115105525","65.39492287859444","49.302218904440586","34.675579481999996","52.533323184749136","5.813744871858398","88.6882328195428","60.29462586046927","88.32786334649562","14.198599862298767","91.89616585219264","14.767352754816828","91.53678935958928","3.6834890424881617","64.12834680792585","4.514047662463354","29.054113551956146","0.06402265416993705","84.80306919608289","22.765904682150857","88.94637595405199","71.58901744485134","78.35723999212564","19.490195095684403","60.078637807440835","11.778799533004372","49.803873191234906","21.757518807508728","48.713967143671546","17.336680621943028","61.93118091892208","8.38104140134741","80.52631910298686","73.83320328111809","79.52257576956691","19.92065808469542","46","0.002","1.2128710805225982","0.0006436666467726117","","","","1.2128710805225982","72.75730325125515","","","","","0.848859968662262","28.370739649127273","[68.78464931195535,22.765904682150857,71.58901744485134,19.490195095684403,11.778799533004372,21.757518807508728,17.336680621943028,8.38104140134741,73.83320328111809,19.92065808469542,65.39492287859444,34.675579481999996,5.813744871858398,60.29462586046927,14.198599862298767,14.767352754816828,3.6834890424881617,4.514047662463354,0.06402265416993705]",""
"epoch_45","finished","-","","","2025-06-25T06:55:51.000Z","18789","","4","0.00625","0.9","19","50","0.0001","98.5735019541227","70.21363734053713","95.67613283712842","67.69447172810688","48.645069283202275","34.90790726092165","52.419781331853784","4.796370792746544","88.71397944552275","67.5183031986468","88.1330204317536","17.292398930038136","92.12717631524568","18.13103426943049","91.36405211252644","1.7120056747650287","64.01943398445817","3.28090588051951","30.31604385487717","0.06235734142275692","84.79747410920973","25.673772538283973","88.93574260240513","71.58356846814485","78.489440069887","21.1542577251158","59.77253490572076","10.577352128527124","49.81856620697573","21.86489330732135","48.40841607229247","15.867460709053836","61.20935197175438","7.797204751053961","80.48268719423494","75.26173172984399","79.69079641911404","25.186950172571205","45","0.002","1.212426628639449","0.0007868283823713545","","","","1.212426628639449","72.71543163696238","","","","","0.8055282216072083","29.504030734055313","[70.21363734053713,25.673772538283973,71.58356846814485,21.1542577251158,10.577352128527124,21.86489330732135,15.867460709053836,7.797204751053961,75.26173172984399,25.186950172571205,67.69447172810688,34.90790726092165,4.796370792746544,67.5183031986468,17.292398930038136,18.13103426943049,1.7120056747650287,3.28090588051951,0.06235734142275692]",""
"epoch_44","finished","-","","","2025-06-25T06:31:57.000Z","20178","","4","0.00625","0.9","19","50","0.0001","98.57753936385552","69.52527501634941","95.64381625005026","67.97858282537833","47.70270095957278","35.41788634239958","51.408865572011486","3.950716781576201","88.71015925922053","64.53822369341077","88.59804001409529","17.495584813230657","92.67310898920952","11.785722515727551","91.62676758010548","1.3186636273494636","63.69570031672802","3.156600419668274","31.65884540692013","0.014959434077837076","84.8532170409959","21.316864629201625","88.88469768905154","71.8784944146397","78.10769495118517","21.044424969664284","59.9983938316788","11.704886340798778","49.61724780561718","20.900338708907977","48.54696518100177","16.55943167047301","62.4233657896877","7.5053672725441185","80.47509377828077","75.20235172138852","79.716240500154","16.535060571285474","44","0.002","1.2131920050202147","0.0009271353468595546","","","","1.2131920050202147","72.78518211996958","","","","","0.8348374166488648","28.30681240884587","[69.52527501634941,21.316864629201625,71.8784944146397,21.044424969664284,11.704886340798778,20.900338708907977,16.55943167047301,7.5053672725441185,75.20235172138852,16.535060571285474,67.97858282537833,35.41788634239958,3.950716781576201,64.53822369341077,17.495584813230657,11.785722515727551,1.3186636273494636,3.156600419668274,0.014959434077837076]",""
"epoch_43","finished","-","","","2025-06-25T06:08:02.000Z","21568","","4","0.00625","0.9","19","50","0.0001","98.56413006847276","70.50798537173686","95.65408793350022","70.31318490020884","48.003105675232966","32.491146011947855","51.38104485136294","3.8226790876967542","88.71393236361027","68.14118188340508","88.175744267413","17.19121858312627","91.2155433097284","10.541886940913226","91.56105456291696","0.3001151733506584","64.39146934229211","2.84666581218758","31.20853449618438","0","84.82434062704185","25.344552506827338","88.91989357212785","71.58054057194563","78.32688031423871","19.399340795379583","59.526451386664334","10.21729792704956","49.672301849457625","20.69813357802018","48.56388830824277","13.098736258091026","61.32386297376454","7.505716958171574","80.43449707477285","74.45070322066947","79.54144464612367","19.23605528410167","43","0.002","1.2142171064165357","0.0010651119308332296","","","","1.2142171064165357","72.63169513806044","","","","","0.8133169169425964","29.871507825823837","[70.50798537173686,25.344552506827338,71.58054057194563,19.399340795379583,10.21729792704956,20.69813357802018,13.098736258091026,7.505716958171574,74.45070322066947,19.23605528410167,70.31318490020884,32.491146011947855,3.8226790876967542,68.14118188340508,17.19121858312627,10.541886940913226,0.3001151733506584,2.84666581218758,0]",""
"epoch_42","finished","-","","","2025-06-25T05:44:08.000Z","22957","","4","0.00625","0.9","19","50","0.0001","98.5525983142887","69.76185996175317","95.65287656088496","69.67950768725788","47.23597356298952","34.067851835572185","50.02669038223736","3.3163684737605186","88.49476410306536","64.26379105577303","88.33581900049677","17.557426989294072","92.3980023614746","10.4451495010339","91.31082940193956","0.2170013950089678","62.70778445943551","2.3654899785005887","29.22978428457292","0","84.5517323940151","26.88058447167184","88.84490634032257","72.43338524107065","78.2509988605742","19.71664276945538","59.89808556602536","10.662520903300706","49.61133784591569","21.84179183403354","48.31803304294731","16.68618256044791","61.11606062578539","7.714733348373505","80.3727463084869","75.98957607240331","79.50797046863003","22.099495870221556","42","0.002","1.2152011499984432","0.0012011244339814315","","","","1.2152011499984432","72.33773652021515","","","","","0.8084893488883972","30.31663110827404","[69.76185996175317,26.88058447167184,72.43338524107065,19.71664276945538,10.662520903300706,21.84179183403354,16.68618256044791,7.714733348373505,75.98957607240331,22.099495870221556,69.67950768725788,34.067851835572185,3.3163684737605186,64.26379105577303,17.557426989294072,10.4451495010339,0.2170013950089678,2.3654899785005887,0]",""
"epoch_41","finished","-","","","2025-06-25T05:20:16.000Z","24344","","4","0.00625","0.9","19","50","0.0001","98.5507434925432","70.0087113587642","95.65584348020992","64.58868685651586","47.801078737322214","34.24559965442395","51.93666469774295","4.160930340974482","88.39215166085673","65.86101175134492","87.89164394440886","16.075695552517104","92.062158047198","18.929404044102984","91.0961979144731","2.9710724747748714","64.510581572747","2.5443659086583277","30.22968982727533","0.0004925043909844609","84.59766793142437","23.80696387450142","88.8046478788172","71.05027047961815","78.19394372066112","20.723965674315824","59.087578837226815","10.99938986300972","49.41931155309153","21.2397760667203","48.16608544510501","14.509319083763769","61.18936851502137","7.7419606958247105","80.30502802022264","75.02833726878978","79.48138493761901","20.785690688802852","41","0.002","1.216458086901382","0.0013354427415283657","","","","1.216458086901382","72.49325106389297","","","","","0.8203834509849548","28.69850758641128","[70.0087113587642,23.80696387450142,71.05027047961815,20.723965674315824,10.99938986300972,21.2397760667203,14.509319083763769,7.7419606958247105,75.02833726878978,20.785690688802852,64.58868685651586,34.24559965442395,4.160930340974482,65.86101175134492,16.075695552517104,18.929404044102984,2.9710724747748714,2.5443659086583277,0.0004925043909844609]",""
"epoch_40","finished","-","","","2025-06-25T04:56:19.000Z","25736","","4","0.00625","0.9","19","50","0.0001","98.55679833377197","70.0844961417987","95.62589777561516","68.91415600781346","47.08795407089905","35.37772909067086","50.75871072462817","4.0608902671244635","88.48060499875442","65.24762432981689","88.00712928303854","15.202359765629431","92.50415458535848","10.702197246107708","91.14663413862522","0.03864926345546499","63.27159994291121","3.12686567164179","21.5533031460324","0.002647214360953219","84.5219515547713","23.086912358733557","88.70802966540985","72.20790108796818","77.86384049206825","19.76208094853048","59.34032374132677","11.776022637878183","49.40452371543061","21.678609212296077","48.243693072076454","15.434608673857923","60.49093310426339","8.174270565353","80.30168230516702","75.1002004008016","79.481670579861","19.917186608686983","40","0.002","1.217696796983544","0.0014682736788600235","","","","1.217696796983544","71.86049659105312","","","","","0.8195514631271362","28.415547762764515","[70.0844961417987,23.086912358733557,72.20790108796818,19.76208094853048,11.776022637878183,21.678609212296077,15.434608673857923,8.174270565353,75.1002004008016,19.917186608686983,68.91415600781346,35.37772909067086,4.0608902671244635,65.24762432981689,15.202359765629431,10.702197246107708,0.03864926345546499,3.12686567164179,0.002647214360953219]",""
"epoch_39","finished","-","","","2025-06-25T04:32:24.000Z","27126","","4","0.00625","0.9","19","50","0.0001","98.49475956098132","69.94953461453318","95.61020114114189","68.62148417598924","47.87805172334442","35.396990083306065","51.406745096092585","5.917472350994453","88.32030803065142","67.34458561379931","87.93538293799337","15.561048417911364","92.44487808098988","15.832945982111417","90.68506530625451","2.602122083593034","63.25240491314711","4.2963681402938505","23.843391424380975","0.00923417308903405","84.05826804191051","22.06049712946825","88.60139503969633","71.95358759301605","77.45979862706488","20.2172766410689","58.89945847294942","11.407689575313428","49.10313399742459","21.516887325897898","48.11190939912316","16.486508568355887","60.94554623888698","7.720253914430283","80.19276431421272","75.77075613939427","79.20352882393406","21.499880999693456","39","0.002","1.2226971140040008","0.0015997806152591378","","","","1.2226971140040008","71.91826269316738","","","","","0.7982569208145142","29.16658544853997","[69.94953461453318,22.06049712946825,71.95358759301605,20.2172766410689,11.407689575313428,21.516887325897898,16.486508568355887,7.720253914430283,75.77075613939427,21.499880999693456,68.62148417598924,35.396990083306065,5.917472350994453,67.34458561379931,15.561048417911364,15.832945982111417,2.602122083593034,4.2963681402938505,0.00923417308903405]",""
"epoch_38","finished","-","","","2025-06-25T04:08:30.000Z","28515","","4","0.00625","0.9","19","50","0.0001","98.52991288865884","67.70274986823986","95.62850157973772","67.2905806113427","46.84237492997825","33.816401721965065","50.301847229053735","4.321344532863944","88.46434430595735","54.786013459323776","87.96863701587021","15.966248504890682","91.70452095234712","18.436240714954423","90.20055346826857","2.64621607955503","61.94668122980619","1.0241777934458491","30.352013011702063","0.009480703689840626","84.36637097237013","21.21298640116996","88.62123836538194","71.38147046327849","77.71557689842379","19.89383576778004","58.73705010737503","11.509702561487083","49.11832882770961","20.652186700946096","47.93867454007016","16.51258201582511","60.780986949602855","6.158122105749209","80.1575457622036","75.91572906879908","79.13981810566227","18.575608223845904","38","0.002","1.2216711725507463","0.001730095732479772","","","","1.2216711725507463","72.02710406000944","","","","","0.8418358135223388","27.77956196311327","[67.70274986823986,21.21298640116996,71.38147046327849,19.89383576778004,11.509702561487083,20.652186700946096,16.51258201582511,6.158122105749209,75.91572906879908,18.575608223845904,67.2905806113427,33.816401721965065,4.321344532863944,54.786013459323776,15.966248504890682,18.436240714954423,2.64621607955503,1.0241777934458491,0.009480703689840626]",""
"epoch_37","finished","-","","","2025-06-25T03:44:35.000Z","29904","","4","0.00625","0.9","19","50","0.0001","98.5074618519116","70.39068658441997","95.60076236526128","67.49415056185669","47.44309669996607","34.44878375719809","50.266199513620855","4.264392324093816","87.99972764959769","70.29836271408611","87.80205747631466","16.804607909629908","92.2456378829582","14.155887539563668","90.93017653015434","0.6925984132824828","63.20641318252105","3.132916906826802","24.108711655123116","0.01963802019207092","84.17589335274161","24.916061025186977","88.58975258808478","71.62753345805962","77.23532420972386","19.101709169667036","58.65114679629341","11.364886552717754","49.0078360209037","22.285294436904163","47.37794312337047","15.62718335401355","59.97945195441176","8.1680202781814","79.95489022359088","75.28971875013671","78.66008424201108","24.36024515143822","37","0.002","1.2251104436703582","0.0018593280900972829","","","","1.2251104436703582","71.67066143781898","","","","","0.801625479221344","29.181193521444996","[70.39068658441997,24.916061025186977,71.62753345805962,19.101709169667036,11.364886552717754,22.285294436904163,15.62718335401355,8.1680202781814,75.28971875013671,24.36024515143822,67.49415056185669,34.44878375719809,4.264392324093816,70.29836271408611,16.804607909629908,14.155887539563668,0.6925984132824828,3.132916906826802,0.01963802019207092]",""
"epoch_36","finished","-","","","2025-06-25T03:20:42.000Z","31292","","4","0.00625","0.9","19","50","0.0001","98.51052001471476","69.9801341668687","95.59985075817237","70.76617319576917","47.51171232567332","34.63004575172511","51.24166041283533","4.317803098940845","88.2439026308523","66.76426676884937","87.31897104019805","15.921923082369204","91.71546378807736","6.227092535477201","91.4193112750024","0.2014321520812747","62.8696906359807","3.4777009867993813","25.065573420906713","0","84.25176703943437","28.69000597964489","88.53622369082109","71.6383828199766","77.0385069407283","21.04431625175796","57.75028087697475","9.371973798751036","48.93447565680033","20.513822698187433","47.40203365034867","15.350738265790948","59.84326793893964","7.105737000674435","80.07340964918818","75.81510277520117","78.87094412594278","16.91475517455553","36","0.002","1.2256098151969503","0.001987569142293747","","","","1.2256098151969503","71.69460873008376","","","","","0.7922285585403442","29.929522583523344","[69.9801341668687,28.69000597964489,71.6383828199766,21.04431625175796,9.371973798751036,20.513822698187433,15.350738265790948,7.105737000674435,75.81510277520117,16.91475517455553,70.76617319576917,34.63004575172511,4.317803098940845,66.76426676884937,15.921923082369204,6.227092535477201,0.2014321520812747,3.4777009867993813,0]",""
"epoch_35","finished","-","","","2025-06-25T02:56:45.000Z","32684","","4","0.00625","0.9","19","50","0.0001","98.4832124296644","70.19802410627265","95.58757559427046","65.96977471154707","45.888733325611575","35.17701391450286","49.71875921051951","3.435862417053871","87.92768692734485","66.55504682399817","87.4368670116598","16.811952674569945","91.50860056183076","10.433955841442373","90.67474179092562","4.018014558276746","61.62968584818307","2.6468499054911443","25.657466338983753","0","84.05207329805364","22.722145620613436","88.39053079841082","71.63610767144432","76.70098153530557","22.01957764831307","57.61364876707523","11.294671136258213","48.65995546497183","22.177617382168048","47.18744362498598","16.36317177835729","59.18333078767357","7.52688985752916","79.88887715694794","74.10526579025576","78.77485056470623","20.38692070158321","35","0.002","1.229045929176721","0.0021148966368853116","","","","1.229045929176721","71.31394847563816","","","","","0.8080398259162903","30.193270141093187","[70.19802410627265,22.722145620613436,71.63610767144432,22.01957764831307,11.294671136258213,22.177617382168048,16.36317177835729,7.52688985752916,74.10526579025576,20.38692070158321,65.96977471154707,35.17701391450286,3.435862417053871,66.55504682399817,16.811952674569945,10.433955841442373,4.018014558276746,2.6468499054911443,0]",""
"epoch_34","finished","-","","","2025-06-25T02:32:50.000Z","34074","","4","0.00625","0.9","19","50","0.0001","98.48874391310618","70.37519733320694","95.57850248678128","65.33244711143202","46.258359441553374","34.73477054513332","49.819053078443645","2.9449177188997653","87.79638670008798","68.96828379493314","87.25237959421247","17.26544295354337","91.19580995704068","14.290892994787493","90.430308570055","6.674840787643655","61.06309159883614","4.947253964200975","20.794656163508613","0.004186282168962042","84.01004855561196","19.426531025798567","88.41008590031","71.37375594508913","77.05211862686895","19.78609056833148","57.648192248917006","12.60121077475602","48.73422577939442","21.16217388553037","47.09235335912423","16.30310572102541","59.0591720761903","8.967642093759817","79.91399455050565","73.2254314068785","78.5480268138604","19.389263307188937","34","0.002","1.2288539474452738","0.0022413774476912982","","","","1.2288539474452738","71.00765839023201","","","","","0.8336443853378296","28.83018095864778","[70.37519733320694,19.426531025798567,71.37375594508913,19.78609056833148,12.60121077475602,21.16217388553037,16.30310572102541,8.967642093759817,73.2254314068785,19.389263307188937,65.33244711143202,34.73477054513332,2.9449177188997653,68.96828379493314,17.26544295354337,14.290892994787493,6.674840787643655,4.947253964200975,0.004186282168962042]",""
"epoch_33","finished","-","","","2025-06-25T02:08:55.000Z","35464","","4","0.00625","0.9","19","50","0.0001","98.4571109620597","70.37959967433814","95.56408426279025","69.89763566547659","46.347412364261146","33.50510486912312","49.7287555671142","5.319453663824524","87.57883045918545","67.16485389981166","87.09598466352716","16.83096055831977","91.43626151484966","9.764868370079668","88.28006196456724","0.14301471986611383","62.647732736565295","4.417284727399662","23.78415424896793","0","83.79567964919396","22.582378991528003","88.20333744265805","71.59646269588872","76.5221208164735","21.21780345832239","57.19483970811699","8.954843544740699","48.56085161638288","20.07364722311549","46.60000101593045","15.007898265564751","58.507880077052945","7.193386843152237","79.76923740544092","74.48438536257848","78.46262511791848","17.911967045500038","33","0.002","1.2339800291224077","0.0023670696807283707","","","","1.2339800291224077","70.97562955752927","","","","","0.8062577252388","29.80253053214611","[70.37959967433814,22.582378991528003,71.59646269588872,21.21780345832239,8.954843544740699,20.07364722311549,15.007898265564751,7.193386843152237,74.48438536257848,17.911967045500038,69.89763566547659,33.50510486912312,5.319453663824524,67.16485389981166,16.83096055831977,9.764868370079668,0.14301471986611383,4.417284727399662,0]",""
"epoch_32","finished","-","","","2025-06-25T01:45:02.000Z","36851","","4","0.00625","0.9","19","50","0.0001","98.46310283663946","69.64037823562009","95.56970669950556","68.14471114190609","46.91643840445231","35.6076231258058","50.05699195455169","4.991183077106089","87.85249925042407","65.218038511535","87.54985378017037","16.420498858496053","91.6000760761776","4.910237961624755","90.47013199812294","0.5311094796733044","63.014258666370615","3.124650443872725","20.409805520600983","0","83.6397573331531","21.27063018045778","88.21669827486994","71.8646863261683","76.37987420911124","20.930369312346137","56.86008082640422","10.497754986109706","48.1217472195505","20.825561045393748","46.213718472431474","14.79142061957839","58.38085582103398","6.335398034079019","79.62417706744272","74.87266168625874","78.3762087575878","16.73103359475469","32","0.002","1.233952618865316","0.0024920242723086524","","","","1.233952618865316","70.93242016676844","","","","","0.8275295248031617","29.26155259004369","[69.64037823562009,21.27063018045778,71.8646863261683,20.930369312346137,10.497754986109706,20.825561045393748,14.79142061957839,6.335398034079019,74.87266168625874,16.73103359475469,68.14471114190609,35.6076231258058,4.991183077106089,65.218038511535,16.420498858496053,4.910237961624755,0.5311094796733044,3.124650443872725,0]",""
"epoch_31","finished","-","","","2025-06-25T01:21:07.000Z","38241","","4","0.00625","0.9","19","50","0.0001","98.44310265432354","70.84734594833357","95.55600576355796","64.37154550748672","44.58484426632688","34.89280806806241","49.063584833742496","3.3637454136222136","87.5513658143334","69.64873043533677","87.09049732312035","18.42212292197259","91.06858637922264","8.423183794895102","90.84291999175598","2.9761121107063957","60.15668072491107","2.762360388381394","19.85005742020757","0","83.58437322366606","21.54032929279023","88.13825786918437","71.23253311090227","76.07345463131094","21.29138696543265","55.90962474042179","12.242429829413265","48.1232487378961","20.727275233879464","46.60248103846855","15.19508701373819","58.31652104274361","7.134334149523918","79.6868514680899","73.40018431211504","78.23514345285186","20.505869830980224","31","0.002","1.237119651806634","0.002616286223107676","","","","1.237119651806634","70.4672421776913","","","","","0.8207726902961731","29.943188018198462","[70.84734594833357,21.54032929279023,71.23253311090227,21.29138696543265,12.242429829413265,20.727275233879464,15.19508701373819,7.134334149523918,73.40018431211504,20.505869830980224,64.37154550748672,34.89280806806241,3.3637454136222136,69.64873043533677,18.42212292197259,8.423183794895102,2.9761121107063957,2.762360388381394,0]",""
"epoch_30","finished","-","","","2025-06-25T00:57:14.000Z","39630","","4","0.00625","0.9","19","50","0.0001","98.4088611200216","70.02314243837549","95.53178193743086","62.97025223466054","44.653050173618176","34.80885572069117","48.04947398927104","3.820230957139683","87.40969099334681","70.6793796886655","86.77221867589734","16.43837030106225","91.84680125325816","11.9898590816274","90.96104770102276","0.08160025518625254","61.0482880997744","2.13174163291409","18.413933319742352","0","83.3918770405367","19.580661774627988","87.88765209616129","70.36167551194414","75.33500526988834","19.07093431858468","55.94980081496213","10.343733518400516","47.83689594884411","20.88269861863695","45.67229747282522","12.47314994282072","57.90523460460793","6.794300524347216","79.44439488613698","74.26793640847244","78.00968875158986","21.440271319181885","30","0.002","1.2422693478527354","0.0027398955659630434","","","","1.2422693478527354","70.23831548152297","","","","","0.8271035051345825","29.342155235963276","[70.02314243837549,19.580661774627988,70.36167551194414,19.07093431858468,10.343733518400516,20.88269861863695,12.47314994282072,6.794300524347216,74.26793640847244,21.440271319181885,62.97025223466054,34.80885572069117,3.820230957139683,70.6793796886655,16.43837030106225,11.9898590816274,0.08160025518625254,2.13174163291409,0]",""
"epoch_29","finished","-","","","2025-06-25T00:33:22.000Z","41017","","4","0.00625","0.9","19","50","0.0001","98.38396651998994","70.45733032600145","95.51743405107538","66.29639457320997","43.55409375412261","32.84046878270828","46.62135379977038","4.659431171056592","87.40146796026342","68.85624132208297","86.2820261327461","16.3283295035065","91.76780839546733","11.264284003157202","89.88418708240535","0.6400217879757606","60.559607961928265","2.549794175551634","19.17260735934431","0","83.10466901350361","20.953861862300204","87.87805251692812","70.6027847250469","75.51421631824728","21.900306721168505","55.583787789762106","9.689043906534549","47.64672277443851","19.907258709749463","45.503599546353094","12.900072455261908","57.05448750715883","7.348991609783035","79.44543499977543","74.34107603920211","77.79022822721687","22.9813018453333","29","0.002","1.2444744106294758","0.0028628881353220826","","","","1.2444744106294758","69.92977640581563","","","","","0.8132774600982666","29.69538852886835","[70.45733032600145,20.953861862300204,70.6027847250469,21.900306721168505,9.689043906534549,19.907258709749463,12.900072455261908,7.348991609783035,74.34107603920211,22.9813018453333,66.29639457320997,32.84046878270828,4.659431171056592,68.85624132208297,16.3283295035065,11.264284003157202,0.6400217879757606,2.549794175551634,0]",""
"epoch_28","finished","-","","","2025-06-25T00:09:27.000Z","42408","","4","0.00625","0.9","19","50","0.0001","98.38383929574503","57.33892253388575","95.51737364501383","69.9834694371705","46.10581041180912","35.20654317949157","47.53936268613871","2.0792463880175385","86.99372168212176","31.25923307148943","85.68848575133522","11.92694016390666","91.67535413205572","12.4524281619324","89.9827113795211","10.137295534334562","61.17038990696112","2.7669456392185303","19.786139862572835","0","83.06866819196874","20.43353254733622","87.82376064520014","71.54456342163652","75.28256366891954","19.531054411878625","55.03801409925598","8.459050559031098","47.40545356064605","20.586567673424067","45.197544918212515","16.03813590846191","57.37450442970695","8.850061114404701","79.3306063630956","74.7268110755881","77.36336078514651","15.609316458627958","28","0.002","1.2471440419205215","0.002985296186515655","","","","1.2471440419205215","70.03829817975928","","","","","0.9881360588073732","27.16278429332423","[57.33892253388575,20.43353254733622,71.54456342163652,19.531054411878625,8.459050559031098,20.586567673424067,16.03813590846191,8.850061114404701,74.7268110755881,15.609316458627958,69.9834694371705,35.20654317949157,2.0792463880175385,31.25923307148943,11.92694016390666,12.4524281619324,10.137295534334562,2.7669456392185303,0]",""
"epoch_27","finished","-","","","2025-06-24T23:45:33.000Z","43796","","4","0.00625","0.9","19","50","0.0001","98.37756157685408","69.16607101584714","95.48647967178606","66.40123254445204","45.47936994515175","32.9958597426833","48.645941337005574","2.097478526227134","87.21520469375221","61.72490919699361","86.4788349174064","15.613324768622498","91.26075736871952","7.644818154809609","89.9403069718797","5.777488334812353","59.20146016013326","1.094015801610403","13.099441974016909","0","83.00443113344642","21.995241017818955","87.71452579134923","71.09524276586176","74.61772052786222","22.462681241730493","54.67202422325042","10.853572532176646","47.250464862723945","20.9687209921278","45.40908568510763","15.284016635820604","56.49038407861945","8.45154607558731","79.2163356596294","73.43420680578542","77.2871643477915","14.373743022780422","27","0.002","1.250029352428054","0.003107148899671073","","","","1.250029352428054","69.51828920665714","","","","","0.840488528251648","28.9685649542082","[69.16607101584714,21.995241017818955,71.09524276586176,22.462681241730493,10.853572532176646,20.9687209921278,15.284016635820604,8.45154607558731,73.43420680578542,14.373743022780422,66.40123254445204,32.9958597426833,2.097478526227134,61.72490919699361,15.613324768622498,7.644818154809609,5.777488334812353,1.094015801610403,0]",""
"epoch_26","finished","-","","","2025-06-24T23:21:37.000Z","45187","","4","0.00625","0.9","19","50","0.0001","98.31080246466524","70.84883007519693","95.4583757028775","66.70754944472817","43.21177058527614","34.99628030521617","45.569936924300954","3.621698618205572","87.01534353394858","66.26272471850343","85.67712031078216","18.034651770642483","88.96180569351186","17.169753625720777","88.7713890823803","6.527207189268802","58.788719866842634","1.3503518379034936","13.48548499012968","0","82.31647351254409","25.097644220166472","87.4485765301","70.92941168133352","73.85665851939505","22.649945369038814","53.95740418537576","10.716584749568142","46.95446751158529","20.23337821235999","44.83478424782098","14.940290933367804","55.87726503938705","8.453835885007193","78.93916891823926","75.92047874971409","76.5044633799411","23.38346208695254","26","0.002","1.2585613569979477","0.0032284727938413312","","","","1.2585613569979477","68.7336847894265","","","","","0.7796400747299195","30.991337748494136","[70.84883007519693,25.097644220166472,70.92941168133352,22.649945369038814,10.716584749568142,20.23337821235999,14.940290933367804,8.453835885007193,75.92047874971409,23.38346208695254,66.70754944472817,34.99628030521617,3.621698618205572,66.26272471850343,18.034651770642483,17.169753625720777,6.527207189268802,1.3503518379034936,0]",""
"epoch_25","finished","-","","","2025-06-24T22:57:42.000Z","46577","","4","0.00625","0.9","19","50","0.0001","98.34729539216065","70.76363415432061","95.46299481309664","68.35792749190203","44.40573394609119","35.37886283924317","45.43564488567664","4.105043302904265","86.96350415306112","69.63802793604457","85.49871474914936","18.35150727825898","90.924889225386","15.21605765687612","88.72802299841157","6.4586642723945005","58.6746144802859","3.7732885197896833","9.0260193957687","0.005294428721906438","82.62461547643537","22.39466735668131","87.32323702657054","71.75303309963451","74.24881334155978","24.140961156737692","53.75594532779285","10.69074235474035","46.76257813839579","21.068584517509287","44.09173362700409","14.350850812929943","54.96750707295968","7.981379559444216","78.7749676783794","74.83964293821049","77.13516459360011","21.455746618346694","25","0.002","1.2580973786840053","0.003349292070425916","","","","1.2580973786840053","68.58694717483083","","","","","0.7786215286254883","29.511785068141595","[70.76363415432061,22.39466735668131,71.75303309963451,24.140961156737692,10.69074235474035,21.068584517509287,14.350850812929943,7.981379559444216,74.83964293821049,21.455746618346694,68.35792749190203,35.37886283924317,4.105043302904265,69.63802793604457,18.35150727825898,15.21605765687612,6.4586642723945005,3.7732885197896833,0.005294428721906438]",""
"epoch_24","finished","-","","","2025-06-24T22:33:49.000Z","47965","","4","0.00625","0.9","19","50","0.0001","98.2774710393318","70.4106162776893","95.47116754667128","68.66018276017081","44.223649177239416","33.42494152501914","46.697527741408095","4.420104687647876","86.70905429920596","68.8660257769262","85.37735252301087","15.590704903949684","90.55136467294577","13.16028198466629","88.92901670708903","4.136722407135311","58.30438643120405","3.984243003011825","11.507227273742762","0","82.02044467957815","19.87915434654051","87.31399938609829","71.75063396294664","73.3339116216657","22.6653082583029","52.73932611490427","13.93216787648991","46.58893669937874","18.530732708528173","43.72527672493992","12.05899630147388","54.43549260283681","8.593620940426256","78.7868628699776","74.49374094246804","76.74594573246158","20.86643724438031","24","0.002","1.262747137277111","0.003469628900303773","","","","1.262747137277111","68.51254809703632","","","","","0.7718973188400269","30.30136755043183","[70.4106162776893,19.87915434654051,71.75063396294664,22.6653082583029,13.93216787648991,18.530732708528173,12.05899630147388,8.593620940426256,74.49374094246804,20.86643724438031,68.66018276017081,33.42494152501914,4.420104687647876,68.8660257769262,15.590704903949684,13.16028198466629,4.136722407135311,3.984243003011825,0]",""
"epoch_23","finished","-","","","2025-06-24T22:08:57.000Z","49413","","4","0.00625","0.9","19","50","0.0001","98.26384199236476","68.55899916679367","95.44751492018212","67.26446066386183","42.01826321804593","35.60890868430896","46.19940355491104","4.127896655542982","86.16860919126603","71.09029774923418","84.78198884175796","17.846007056318825","88.27825903932712","21.11010548226105","89.16698199671464","6.760974506733906","58.196006853089635","4.331687260942889","6.071836927808222","0","82.05953140860612","19.09833436068842","87.14038466614765","71.4735634921356","73.11997916744882","19.25277792898789","52.20690027984891","10.98763692848076","46.21825919119851","20.761387659914114","43.091104701562074","13.311617195804937","53.71836081831282","10.187568802941094","78.7339455879974","73.98508719018191","76.64075616431529","10.14125473121888","23","0.002","1.2668086591559942","0.0035895036657158383","","","","1.2668086591559942","67.76431202741604","","","","","0.825517376422882","30.327698084241767","[68.55899916679367,19.09833436068842,71.4735634921356,19.25277792898789,10.98763692848076,20.761387659914114,13.311617195804937,10.187568802941094,73.98508719018191,10.14125473121888,67.26446066386183,35.60890868430896,4.127896655542982,71.09029774923418,17.846007056318825,21.11010548226105,6.760974506733906,4.331687260942889,0]",""
"epoch_22","finished","-","","","2025-06-24T20:04:24.000Z","56840","","4","0.00625","0.9","19","50","0.0001","98.22049654551338","69.4931929323625","95.37668964929232","66.23554105547757","41.63928605153186","36.43009164701677","44.55764668380942","3.3761688404650494","86.1405105333275","62.47058734395328","84.93011727981819","14.830552887697287","89.04538212800648","8.072075657931107","89.09214862238825","6.836885782170032","55.00931820874943","4.632414738797716","3.398141578742589","0","81.6278218305931","18.65441409753329","86.92212450382416","71.78351793926247","72.0721375390775","19.876740684983066","52.549589780058795","13.536195377713977","45.74177624369061","20.50997426887641","42.6044259440928","15.108834583605956","54.08453985311904","7.892306215582086","78.53755410808047","75.80079081843716","76.15935415311935","17.665201614542752","22","0.002","1.2720015456935745","0.0037089351654411625","","","","1.2720015456935745","67.24784532825448","","","","","0.8119635882377625","29.622527027022688","[69.4931929323625,18.65441409753329,71.78351793926247,19.876740684983066,13.536195377713977,20.50997426887641,15.108834583605956,7.892306215582086,75.80079081843716,17.665201614542752,66.23554105547757,36.43009164701677,3.3761688404650494,62.47058734395328,14.830552887697287,8.072075657931107,6.836885782170032,4.632414738797716,0]",""
"epoch_21","finished","-","","","2025-06-24T19:40:18.000Z","58241","","4","0.00625","0.9","19","50","0.0001","98.21910086599446","71.72811365104246","95.36515928204253","66.74946986243167","41.5587948059464","34.124922905306285","42.43219071142516","6.156046581554288","86.17785002343274","71.91220300413755","84.13303605698407","16.43853889359375","89.3527300853003","5.2042866911319","88.56661571320238","5.3178996812615305","55.16510664272217","5.462527281413044","3.7012170489266167","0","81.5763704046691","25.899766423091048","86.78473177088695","71.40652600878383","72.07293649585853","18.694869398486325","51.015899933125105","12.482730065365446","45.55639888925629","19.165437615305144","42.329188587282616","12.770578707112351","53.126605226259635","10.096720065467562","78.37499196181676","73.4370442091273","75.92718467050076","20.64027854767184","21","0.002","1.2761766324673631","0.003827940789949578","","","","1.2761766324673631","66.91768995661222","","","","","0.7733846783638001","30.427108866237965","[71.72811365104246,25.899766423091048,71.40652600878383,18.694869398486325,12.482730065365446,19.165437615305144,12.770578707112351,10.096720065467562,73.4370442091273,20.64027854767184,66.74946986243167,34.124922905306285,6.156046581554288,71.91220300413755,16.43853889359375,5.2042866911319,5.3178996812615305,5.462527281413044,0]",""
"epoch_20","finished","-","","","2025-06-24T19:16:14.000Z","59638","","4","0.00625","0.9","19","50","0.0001","98.2157736283899","68.03484045827028","95.3714437607385","64.61009281106851","40.39353039964851","35.54146343211729","41.89842456868004","3.3204189615523667","85.4834372327745","61.98602977236056","83.357629480808","11.129803371560444","89.23183873213053","7.554431303279317","87.79124369159602","5.403833936909805","54.43671810572436","3.3629150081827137","2.221626951332804","0","81.44106553822624","22.375002576934847","86.67311097874047","70.78411904143998","71.93209940258733","19.6706456809258","50.559424697673485","10.602657893456042","45.36877708955303","19.888231574940853","41.69556816914408","14.254701725627449","52.58000887170829","8.33833835718486","78.39119052159643","71.95901843321464","75.84089489622538","12.14563865945763","20","0.002","1.2788095090435003","0.0039465366718084705","","","","1.2788095090435003","66.46756877459357","","","","","0.8537548909187317","28.386787944360183","[68.03484045827028,22.375002576934847,70.78411904143998,19.6706456809258,10.602657893456042,19.888231574940853,14.254701725627449,8.33833835718486,71.95901843321464,12.14563865945763,64.61009281106851,35.54146343211729,3.3204189615523667,61.98602977236056,11.129803371560444,7.554431303279317,5.403833936909805,3.3629150081827137,0]",""
"epoch_19","finished","-","","","2025-06-24T18:52:09.000Z","61038","","4","0.00625","0.9","19","50","0.0001","98.19847285667652","71.38122990095424","95.31186209345576","64.87163994181722","40.51313778250303","36.34830883064738","44.40760049513449","3.594185189166152","85.3926143798495","71.33900092767004","83.07048244757374","13.522678282295232","89.27156216938903","5.6132509268734","85.87649755681211","5.832248298687053","56.01600542973453","3.47885650751","0.266848023422686","0","81.23910019845637","27.53849522839495","86.3933673652931","71.01143231655232","71.39808117406929","19.016196760647873","49.174560572326385","12.462389429616394","44.93522891852706","19.513869702461108","40.910929638993736","13.56747280446277","51.14866512513036","8.432697065901058","78.14580188220009","75.84469881130967","75.4728994922132","19.44189195959191","19","0.002","1.285917684848883","0.004064737815548387","","","","1.285917684848883","66.16545882114532","","","","","0.7668528423309326","30.156141271364376","[71.38122990095424,27.53849522839495,71.01143231655232,19.016196760647873,12.462389429616394,19.513869702461108,13.56747280446277,8.432697065901058,75.84469881130967,19.44189195959191,64.87163994181722,36.34830883064738,3.594185189166152,71.33900092767004,13.522678282295232,5.6132509268734,5.832248298687053,3.47885650751,0]",""
"epoch_18","finished","-","","","2025-06-24T18:28:03.000Z","62440","","4","0.00625","0.9","19","50","0.0001","98.1252508459138","70.02282380038606","95.2234170365523","62.90904325991802","38.39995097971909","34.34764721100363","39.807161843371425","2.7841750524853968","85.2608366744817","67.61481641590467","83.39509398531287","16.467110974386635","87.35700879222765","10.975340939576672","88.1855541797069","1.450656885672536","54.15594791536814","3.8490809713798098","0.31105990783410126","0","80.89507929974961","21.26733588606423","86.2986178990829","70.43826010931356","70.76798775023802","18.411632962500295","48.71593651269053","13.21301204466514","44.66607180348283","19.374126181772716","40.611487192055","13.394867606536852","50.88216693177203","9.734833323014929","77.94047776807287","73.52496814428274","74.91146336157651","19.958339276469054","18","0.002","1.292211340815782","0.004182558210365093","","","","1.292211340815782","65.5742405620636","","","","","0.8045257406234742","29.42989283585184","[70.02282380038606,21.26733588606423,70.43826010931356,18.411632962500295,13.21301204466514,19.374126181772716,13.394867606536852,9.734833323014929,73.52496814428274,19.958339276469054,62.90904325991802,34.34764721100363,2.7841750524853968,67.61481641590467,16.467110974386635,10.975340939576672,1.450656885672536,3.8490809713798098,0]",""
"epoch_17","finished","-","","","2025-06-24T18:03:56.000Z","63841","","4","0.00625","0.9","19","50","0.0001","98.0484964833698","69.44011662478961","95.26834369907144","70.48130950628683","40.18643293798474","34.11790004065681","40.05452438595402","2.957703041198726","84.84821701276853","69.44685900292382","82.52526344573042","18.81350880497989","87.32610375868893","10.460868094745576","87.25382064224864","2.691408302228875","52.99993707295586","4.1691249295891195","0.3263572316618316","0","79.87640615206415","13.917967923717796","86.09417973280485","71.70486028742475","70.12967442538937","23.530263181760468","48.079335143885984","12.594651152259354","44.00913690788902","18.35970751692278","39.81554535163505","12.507810665488597","49.67709801599634","6.607868512675999","77.67974568180904","74.58005128690259","74.39358113567462","11.493900011684952","17","0.002","1.3015037925004451","0.0043000109283920515","","","","1.3015037925004451","65.18906311671486","","","","","0.8108294172286987","29.326437715902028","[69.44011662478961,13.917967923717796,71.70486028742475,23.530263181760468,12.594651152259354,18.35970751692278,12.507810665488597,6.607868512675999,74.58005128690259,11.493900011684952,70.48130950628683,34.11790004065681,2.957703041198726,69.44685900292382,18.81350880497989,10.460868094745576,2.691408302228875,4.1691249295891195,0]",""
"epoch_16","finished","-","","","2025-06-24T17:39:50.000Z","65242","","4","0.00625","0.9","19","50","0.0001","98.00499580407327","65.66072313764882","95.21149436547744","63.45440479876115","38.676155459072994","33.68237719839406","39.15716912525987","2.52673295406839","84.4668460595579","55.4228505691601","81.51165308108065","11.742039485600436","87.02011485878751","8.195170890518243","86.6786113807389","9.558174614599825","52.04440446352323","1.547506266629799","1.2293381285012788","0","79.64135511254923","16.994781587466047","85.75168129171543","70.31575073069934","69.36298689011342","18.69348262660985","47.23114471993745","12.242074995100197","43.59242878598509","18.806710777701277","39.02486582976484","15.270992533395551","48.873008434864104","5.6281311088458175","77.53189454323257","72.54168535655403","74.21875252976069","8.05941712832552","16","0.002","1.308064145192917","0.0044171082107721344","","","","1.308064145192917","64.69625794021032","","","","","0.8988942995071411","27.24127815333769","[65.66072313764882,16.994781587466047,70.31575073069934,18.69348262660985,12.242074995100197,18.806710777701277,15.270992533395551,5.6281311088458175,72.54168535655403,8.05941712832552,63.45440479876115,33.68237719839406,2.52673295406839,55.4228505691601,11.742039485600436,8.195170890518243,9.558174614599825,1.547506266629799,0]",""
"epoch_15","finished","-","","","2025-06-24T17:15:45.000Z","66641","","4","0.00625","0.9","19","50","0.0001","97.97816947373224","70.18501294474297","95.23890968385945","65.68801531573942","37.81568535462726","34.37273016202646","39.29019904257999","1.9034373137293856","83.9660818449875","67.52708110527378","81.82001698154214","17.635001317374844","88.60618536163454","7.879687106786343","86.25611128610366","7.586804193398473","50.39348987174386","0.3068626364053912","0","0","79.3851019741542","22.528324225986974","85.68402883512454","70.80341188611537","68.46027606036687","19.42214312088121","46.01535703726897","12.718467763637758","43.171743910632614","19.59182689494371","38.23113331433393","13.415166639580349","47.23494868222188","7.821967444029674","77.27496311878696","73.83674045102839","73.63775802165613","15.80302348859957","15","0.002","1.3144284607504986","0.004533861543357625","","","","1.3144284607504986","67.8033422141865","","","","","0.7870662484169006","29.39031688946001","[70.18501294474297,22.528324225986974,70.80341188611537,19.42214312088121,12.718467763637758,19.59182689494371,13.415166639580349,7.821967444029674,73.83674045102839,15.80302348859957,65.68801531573942,34.37273016202646,1.9034373137293856,67.52708110527378,17.635001317374844,7.879687106786343,7.586804193398473,0.3068626364053912,0]",""
"epoch_14","finished","-","","","2025-06-24T16:51:40.000Z","68039","","4","0.00625","0.9","19","50","0.0001","97.97834431674816","61.78099998112303","95.14404280697345","67.21262347967505","36.4909832238991","34.354155830226084","35.67541436175655","2.7359122341025883","84.34855040996253","39.17529062012014","80.26098761797113","12.251743920452682","87.15917841877892","2.634362344575367","86.97685697013581","1.1677245557443952","50.43677074476427","4.992316208668637","0","0","79.284390091378","25.002967705201662","85.38331838612972","70.46614095627551","67.69562094274102","22.01819036981111","44.61200754789296","12.006622187618737","42.76635321340079","18.035736516960156","37.24435635739856","12.23139529145564","46.58839567449262","5.8021744420973835","77.16609172132009","74.98391862607988","73.51675681136905","14.654267647634878","14","0.002","1.321182360272926","0.004650281723548955","","","","1.321182360272926","67.15157886761737","","","","","0.868110966682434","26.750363495434605","[61.78099998112303,25.002967705201662,70.46614095627551,22.01819036981111,12.006622187618737,18.035736516960156,12.23139529145564,5.8021744420973835,74.98391862607988,14.654267647634878,67.21262347967505,34.354155830226084,2.7359122341025883,39.17529062012014,12.251743920452682,2.634362344575367,1.1677245557443952,4.992316208668637,0]",""
"epoch_13","finished","-","","","2025-06-24T16:27:33.000Z","69442","","4","0.00625","0.9","19","50","0.0001","97.88276731867457","70.48673208859465","95.08002966409904","66.65321797131966","34.82187559111629","35.360287034659486","34.790519342547576","2.2928632976540353","83.15631421719408","70.53177308232492","80.38595842041867","18.876152081154306","86.09677646016578","2.8479374392343204","83.8766018826804","12.215999463007329","46.90582690234798","2.871046033174745","0","0","78.76975387864522","22.657759161890382","84.84778446514144","71.37865135630418","66.5713378827711","22.897303207596853","43.938207411991286","13.275431404951476","41.78641017864182","19.607814818692884","36.1034612469472","13.600820502225572","45.492156979331824","9.202572808569652","76.64860305840871","72.81243332200131","72.77436208054085","21.530376639467143","13","0.002","1.3358215028797384","0.004766378919526803","","","","1.3358215028797384","66.10715261009244","","","","","0.7638792824745179","30.505509539601267","[70.48673208859465,22.657759161890382,71.37865135630418,22.897303207596853,13.275431404951476,19.607814818692884,13.600820502225572,9.202572808569652,72.81243332200131,21.530376639467143,66.65321797131966,35.360287034659486,2.2928632976540353,70.53177308232492,18.876152081154306,2.8479374392343204,12.215999463007329,2.871046033174745,0]",""
"epoch_12","finished","-","","","2025-06-24T16:03:24.000Z","70846","","4","0.00625","0.9","19","50","0.0001","97.8289458510199","69.49060326178969","95.02784069509154","65.21624786351852","34.199958950929975","34.00763790606353","33.98696500309997","1.2105899993166185","82.05118828053891","68.46374322813432","78.40253006842143","10.370122990124438","82.06407351489369","4.758913029820354","84.57220526762079","12.224814548935148","46.26168557107064","1.584896998909737","0","0","78.54825151347131","18.015693157167917","84.6758922628803","69.29505462062458","66.0329167244028","20.499527126737796","42.79798359134696","12.716843355926317","41.59408760827104","18.716050687246906","34.91160019966284","10.448555027486195","42.95908495564685","10.183710273042117","76.54628655974601","71.67008915448079","72.40685420131136","15.389710481814816","12","0.002","1.3430444840937534","0.00488216272292538","","","","1.3430444840937534","65.27046393441258","","","","","0.8130363597869873","28.57015576172999","[69.49060326178969,18.015693157167917,69.29505462062458,20.499527126737796,12.716843355926317,18.716050687246906,10.448555027486195,10.183710273042117,71.67008915448079,15.389710481814816,65.21624786351852,34.00763790606353,1.2105899993166185,68.46374322813432,10.370122990124438,4.758913029820354,12.224814548935148,1.584896998909737,0]",""
"epoch_11","finished","-","","","2025-06-24T15:39:17.000Z","72249","","4","0.00625","0.9","19","50","0.0001","97.7586114093124","68.85377884706676","94.93193846879132","67.50234472235931","32.579968868806844","30.80742003007876","32.6851205821162","3.5835265651779404","82.3932380373492","66.33506987906502","78.05645835123948","17.30521403041823","83.03851000894032","13.368891511079816","80.52758836412262","0.6060497711670478","47.95588425995804","7.3211420556576785","0","0","77.66621424319551","23.22623075721042","84.06416789760287","69.8028889676663","64.26041766931587","20.842322622841404","40.97931252303811","9.522268305772586","40.82099524460084","17.634988523277855","33.91756877232311","8.84815489009318","40.705280126065766","5.72032341403348","76.06412120835225","72.6230453597654","71.64612832504751","10.149677006168488","11","0.002","1.358433073136344","0.004997642195826683","","","","1.358433073136344","64.44730690889881","","","","","0.809703766822815","28.558518736605535","[68.85377884706676,23.22623075721042,69.8028889676663,20.842322622841404,9.522268305772586,17.634988523277855,8.84815489009318,5.72032341403348,72.6230453597654,10.149677006168488,67.50234472235931,30.80742003007876,3.5835265651779404,66.33506987906502,17.30521403041823,13.368891511079816,0.6060497711670478,7.3211420556576785,0]",""
"epoch_10","finished","-","","","2025-06-24T15:15:12.000Z","73646","","4","0.00625","0.9","19","50","0.0001","97.69371114866992","67.0038195223669","94.95050138023154","67.2326931962553","32.15369049206217","34.49884493490596","33.28626520692717","2.333844091170273","81.53633113985084","57.873742826031574","77.28382155177972","7.827453432531175","82.11037802593277","1.4660722366768","81.58741879024916","8.10363296911823","44.8238705872465","1.6031880649948915","0","0","77.04267575981515","16.14276837916985","83.71000653724965","69.3605625378655","63.111014759928054","20.55575139490783","38.002050449041704","10.53592609269249","39.72930465696017","17.79746005854361","32.27736953444894","11.29336768690862","39.00698155744999","5.481505007734374","75.68344390115244","74.91363820066789","71.0809214000917","14.71740315146494","10","0.002","1.3700781201502916","0.005112825912817865","","","","1.3700781201502916","63.61498649328265","","","","","0.8304302411079407","27.152315210222568","[67.0038195223669,16.14276837916985,69.3605625378655,20.55575139490783,10.53592609269249,17.79746005854361,11.29336768690862,5.481505007734374,74.91363820066789,14.71740315146494,67.2326931962553,34.49884493490596,2.333844091170273,57.873742826031574,7.827453432531175,1.4660722366768,8.10363296911823,1.6031880649948915,0]",""
"epoch_9","finished","-","","","2025-06-24T14:51:05.000Z","75049","","4","0.00625","0.9","19","50","0.0001","97.55959107444023","67.93571301500887","94.83349274213458","60.64553511994339","29.140140869961193","31.762510682590246","29.43550826728437","2.37510253206283","80.31661542510913","52.16182175966792","74.48387414310817","11.675910385026018","78.37656932552434","3.6384927061571712","82.31171860579272","7.773340005728185","40.27782362878767","1.4922968719917324","0","0","76.37366776119919","21.784142792782944","83.14442076310584","69.47302571433134","61.36055095880341","19.60057844552303","36.90716494078882","11.386055791511676","39.02095012455007","18.03676580543759","30.74892713050338","10.189318711266283","36.78856695935856","6.068360329927804","75.43807548874399","71.26822907548514","70.29623491296863","17.80253083858653","9","0.002","1.3871243695206226","0.005227721998740838","","","","1.3871243695206226","62.04521628456468","","","","","0.8188887419700622","26.948318365723814","[67.93571301500887,21.784142792782944,69.47302571433134,19.60057844552303,11.386055791511676,18.03676580543759,10.189318711266283,6.068360329927804,71.26822907548514,17.80253083858653,60.64553511994339,31.762510682590246,2.37510253206283,52.16182175966792,11.675910385026018,3.6384927061571712,7.773340005728185,1.4922968719917324,0]",""
"epoch_8","finished","-","","","2025-06-24T14:26:57.000Z","76452","","4","0.00625","0.9","19","50","0.0001","97.45918953162315","69.58887962380032","94.70380238935438","57.58940226116398","26.72952933624469","31.307187645146307","23.2010445203284","1.2789255910503068","79.52006492897647","63.986205121574535","73.28336611118064","15.227711436443856","79.57880889855396","7.272205613498403","81.3693628915383","2.8304666838255303","40.899932840832776","0.012331567389644324","0","0","75.31604944373743","14.283748996991456","82.51412203346908","68.44129632659744","59.51277641896651","20.826706367554163","35.9971800813869","10.816345321330187","37.961994332039495","17.43378271213323","28.85810580925654","5.077295180568707","32.30296104427768","5.588095775633985","74.7618066963014","71.98350546097188","69.40952335136986","18.161586004132495","8","0.002","1.4060108071959605","0.00534233816266959","","","","1.4060108071959605","60.743312258857635","","","","","0.8090868091583252","26.76142653832258","[69.58887962380032,14.283748996991456,68.44129632659744,20.826706367554163,10.816345321330187,17.43378271213323,5.077295180568707,5.588095775633985,71.98350546097188,18.161586004132495,57.58940226116398,31.307187645146307,1.2789255910503068,63.986205121574535,15.227711436443856,7.272205613498403,2.8304666838255303,0.012331567389644324,0]",""
"epoch_7","finished","-","","","2025-06-24T14:02:50.000Z","77854","","4","0.00625","0.9","19","50","0.0001","97.31676049310086","69.40699768501173","94.60746331969553","60.17502164720964","23.14044045118819","30.760449140496434","16.744928315961403","1.2920706852589166","79.22551339850388","54.81602544646349","72.49722201873287","12.405382237297566","79.4902310613226","1.000472465002686","81.36015143909354","4.624041703044244","34.07338850509574","0.4140582383042833","0","0","74.2496194760577","18.078948962216916","81.97956269325421","67.9051353996611","58.11850765203479","22.817924763304664","32.336599274923074","11.829390369436004","36.58329431430685","14.725842083770434","26.180378714924313","6.405814908408436","26.012495178339982","2.017510245321698","74.28419165511991","72.05582942733818","68.32020124126575","19.775285895336","7","0.002","1.4266527081603435","0.0054566817285730375","","","","1.4266527081603435","58.69560828905118","","","","","0.8136664628982544","26.13923340571569","[69.40699768501173,18.078948962216916,67.9051353996611,22.817924763304664,11.829390369436004,14.725842083770434,6.405814908408436,2.017510245321698,72.05582942733818,19.775285895336,60.17502164720964,30.760449140496434,1.2920706852589166,54.81602544646349,12.405382237297566,1.000472465002686,4.624041703044244,0.4140582383042833,0]",""
"epoch_6","finished","-","","","2025-06-24T13:38:42.000Z","79258","","4","0.00625","0.9","19","50","0.0001","97.04631597161053","65.27642729303756","94.48603346335804","63.2178198849598","20.387287039270287","30.238963864944736","14.302505637215916","0.42933463238727426","76.03207835024322","43.9916745857864","67.29868608462365","9.628987140969352","74.27765286968986","4.282275182805309","74.69970449736203","0.6020258528071291","28.326886609922656","0.18455322285620676","0","0","73.20485479094192","21.85659049464461","80.9432654625636","67.64500444368218","54.70923940282583","17.952420537638396","30.352642617392817","8.982043917292032","34.815308911189845","15.32911332815114","22.360341309024083","8.261848343650437","14.483540996318176","2.30890761702756","73.53022431457484","70.81200394354819","66.90157548467882","20.13028580573441","6","0.002","1.4609540385732265","0.00557075966305625","","","","1.4609540385732265","55.45323021182256","","","","","0.838411895275116","25.062793338440148","[65.27642729303756,21.85659049464461,67.64500444368218,17.952420537638396,8.982043917292032,15.32911332815114,8.261848343650437,2.30890761702756,70.81200394354819,20.13028580573441,63.2178198849598,30.238963864944736,0.42933463238727426,43.9916745857864,9.628987140969352,4.282275182805309,0.6020258528071291,0.18455322285620676,0]",""
"epoch_5","finished","-","","","2025-06-24T13:14:32.000Z","80662","","4","0.00625","0.9","19","50","0.0001","96.92482929871768","64.93981762105027","94.28242572692577","62.17640117039037","12.512621639962036","25.136041547915976","3.8322677417265063","1.7945726544834124","75.30283195790845","51.542323077613176","65.76532735296124","2.9619028432590735","58.836956858142074","2.7776043257041105","74.30573142539892","1.7334893473745965","11.260697402650278","0.25016415326759955","0","0","71.05952488981221","26.177859196741576","80.22713914942521","66.11132129074393","53.11954538340768","21.13085195617075","27.977899960754826","6.43614921251579","33.403026867186","17.37358693232403","16.954638781855515","5.71285198695308","2.6010125503518724","0.7487226845862007","72.99266704996354","70.96609103198283","65.71876919429138","15.73546829344527","5","0.002","1.4852849850014074","0.005684578600518514","","","","1.4852849850014074","50.94877295730228","","","","","0.8853111033439636","24.650289962584555","[64.93981762105027,26.177859196741576,66.11132129074393,21.13085195617075,6.43614921251579,17.37358693232403,5.71285198695308,0.7487226845862007,70.96609103198283,15.73546829344527,62.17640117039037,25.136041547915976,1.7945726544834124,51.542323077613176,2.9619028432590735,2.7776043257041105,1.7334893473745965,0.25016415326759955,0]",""
"epoch_4","finished","-","","","2025-06-24T12:50:20.000Z","82068","","4","0.00625","0.9","19","50","0.0001","96.54134191654256","70.65490207727292","94.03423071026478","61.39962225000407","1.9106426252167068","3.954152710698118","0.5935357166206665","2.580648923288038","73.55024953725675","68.71440351554526","61.478492566824805","12.796984442526368","54.631015448493955","7.331421667427798","66.78055792912792","0.8032523412652661","3.7478523672376514","0.15834401744523702","0","0","68.6914901319136","25.204563116839022","78.57528404907374","66.67879393018447","49.87435854366954","18.019104351180523","23.34741916587532","8.301891396110737","31.28823968614357","15.862091459221087","9.431817280582443","2.794894933608353","0.07175576363712338","0.00013105240982447494","71.67191806412458","69.98242148821774","62.78348934497424","17.983425804314322","4","0.002","1.533676615528969","0.005798144866020802","","","","1.533676615528969","47.16687171375444","","","","","0.7806297993659973","25.178947193197732","[70.65490207727292,25.204563116839022,66.67879393018447,18.019104351180523,8.301891396110737,15.862091459221087,2.794894933608353,0.00013105240982447494,69.98242148821774,17.983425804314322,61.39962225000407,3.954152710698118,2.580648923288038,68.71440351554526,12.796984442526368,7.331421667427798,0.8032523412652661,0.15834401744523702,0]",""
"epoch_3","finished","-","","","2025-06-24T12:26:11.000Z","83472","","4","0.00625","0.9","19","50","0.0001","96.11870395874485","69.36075533245803","93.64871906518228","59.82355323302024","0.0024299571062979777","0.034793036950945516","0.10390238319661851","0.06771084630448797","70.49167421165991","60.73725570759456","55.396058530700046","15.88352972187147","41.77117517293641","2.500080890188698","56.95553427320373","6.700742250354459","1.8539695181616545","0","0","0","65.98100361656695","22.364475602018633","76.73128591733784","65.83707348740707","44.473314857236375","16.591506841218713","18.510655923818657","5.443043959176585","28.198492750487237","16.0787939052086","1.2749014120340925","0.3505427864561233","0","0","70.13404921136367","71.51555775917296","60.65197477892197","27.00093386922104","3","0.002","1.5958385456091306","0.005911464496116451","","","","1.5958385456091306","46.017520325803446","","","","","0.7827287406921387","27.51814682678891","[69.36075533245803,22.364475602018633,65.83707348740707,16.591506841218713,5.443043959176585,16.0787939052086,0.3505427864561233,0,71.51555775917296,27.00093386922104,59.82355323302024,0.034793036950945516,0.06771084630448797,60.73725570759456,15.88352972187147,2.500080890188698,6.700742250354459,0,0]",""
"epoch_2","finished","-","","","2025-06-24T12:02:04.000Z","84874","","4","0.00625","0.9","19","50","0.0001","95.48920487202284","65.75433687043673","92.854165621758","51.29970761041469","0","0.0007404094262197152","0","0.4897460664649673","65.38243263833884","56.566616075797235","44.55945610771641","2.016082854354929","9.893387836952671","3.624638384618887","40.28104777299898","0.010309805847263662","0.5724903781805146","0.12659129643735917","0","0","62.168325156250745","18.398136887079296","73.37118688055597","55.756046645436385","39.88364915719821","14.163098082920724","11.057664264832598","7.299444265072143","23.15471009348258","11.708290955156428","0","0","0","0","67.64649546973766","67.28596772584422","55.25181504213249","14.316788103885065","2","0.002","1.7107457324131718","0.006024543257865944","","","","1.7107457324131718","48.683287949439894","","","","","0.981358690738678","23.051033877449537","[65.75433687043673,18.398136887079296,55.756046645436385,14.163098082920724,7.299444265072143,11.708290955156428,0,0,67.28596772584422,14.316788103885065,51.29970761041469,0.0007404094262197152,0.4897460664649673,56.566616075797235,2.016082854354929,3.624638384618887,0.010309805847263662,0.12659129643735917,0]",""
"epoch_1","finished","-","","","2025-06-24T11:36:56.000Z","86337","","4","0.00625","0.9","19","50","0.0001","92.23597033524568","70.8178427033267","88.90255206206729","55.937060513034695","0.0075910448483256145","0","0.011181020725546598","0","51.54938231205127","64.91636945507229","23.449935746456323","12.506790146485184","0.008512474172239104","0.006818476506436195","2.897858611965563","6.305469164833495","0.00875115001525744","0","0","0","46.465906621965054","27.29211890188391","63.6650135500004","64.58801033548893","23.877899463593675","13.343055914393526","0.32064379237467194","0.12982417854823622","9.597077987033048","5.623174166701316","0.1193404722521209","0","0.0226607785060538","0","58.85318992595189","69.03423396643421","41.1835994700596","19.041293376175386","1","0.002","2.2233967984408967","0.006137386666228596","","","","2.2233967984408967","27.954281489960223","","","","","0.8114847130775452","31.503235484529565","[70.8178427033267,27.29211890188391,64.58801033548893,13.343055914393526,0.12982417854823622,5.623174166701316,0,0,69.03423396643421,19.041293376175386,55.937060513034695,0,0,64.91636945507229,12.506790146485184,0.006818476506436195,6.305469164833495,0,0]",""