"Name","State","Notes","User","Tags","Created","Runtime","Sweep","class_0_train","class_0_val","class_10_train","class_10_val","class_11_train","class_11_val","class_12_train","class_12_val","class_13_train","class_13_val","class_14_train","class_14_val","class_15_train","class_15_val","class_16_train","class_16_val","class_17_train","class_17_val","class_18_train","class_18_val","class_1_train","class_1_val","class_2_train","class_2_val","class_3_train","class_3_val","class_4_train","class_4_val","class_5_train","class_5_val","class_6_train","class_6_val","class_7_train","class_7_val","class_8_train","class_8_val","class_9_train","class_9_val","epoch","lr","mean_loss","mean_loss_aux","mean_loss_bce","mean_loss_boundary_ce","mean_loss_main","train_flops","train_fps","train_latency","train_loss","train_mIoU","train_params","val_flops","val_fps","val_latency","val_loss","val_mIoU","val_mIoU_per_class","val_params"
"epoch_50","finished","-","","","2025-06-10T11:17:29.000Z","280","","85.06871902785036","82.6591976500974","89.15130888196326","84.78812393127315","66.9346743175354","53.040599991620226","45.40387372499674","20.751059170752605","83.97836144260941","77.79977911357317","81.44506824086307","29.92771450086143","86.5308439237232","32.99761752349622","88.42126918583719","34.84342136013086","60.86164763475288","12.679498930644664","54.29387042340178","50.74575563507846","80.12886094636612","64.59084612153333","88.1191870793941","79.93816997174844","77.13621632088805","32.351485105518144","73.63162250062545","33.143013502577475","42.54904637470359","28.295755842720077","57.19500792259928","27.840998164191323","55.37689590467999","35.893879666724764","90.22837623456743","84.44049698256528","75.88241730785064","43.75347402256984","50","0","2.5754495997920293","0.15911878595654746","0.09316351591033564","0.58778112080261","0.060750641437062554","12.659182592","39.4284728336405","26.658162593841553","2.5754495997920293","72.75459302080043","7720935","12.659182592","36.23395852082862","28.208643198013306","0.5896283541610855","47.92004669408825","[82.6591976500974,64.59084612153333,79.93816997174844,32.351485105518144,33.143013502577475,28.295755842720077,27.840998164191323,35.893879666724764,84.44049698256528,43.75347402256984,84.78812393127315,53.040599991620226,20.751059170752605,77.79977911357317,29.92771450086143,32.99761752349622,34.84342136013086,12.679498930644664,50.74575563507846]","7720935"
"epoch_49","finished","-","","","2025-06-10T11:13:49.000Z","219","","85.02925046561867","81.74116390532751","89.10172975417593","84.73919631960605","67.03883729315488","55.65344165790896","46.44795397507573","23.128326738925903","83.87862747470307","79.31712602359534","81.06943536141756","29.89971571088889","87.77379659630967","35.04670425684385","88.62079171916886","33.865872848117604","62.21878630213191","14.44628522786559","54.06932226901109","50.33739056338275","79.9526851641758","65.09274938419017","88.08271741961191","80.07794586087508","77.1058195560443","32.6240665207157","73.67813796461235","32.56301190741057","42.44084105921128","30.019383843215092","57.65779251444613","29.812383907851377","55.899877538554286","35.000847821099775","90.28023008515754","84.46452109809198","76.1521667898591","43.105881267700966","49","0.00018484470457853937","2.578660761809531","0.15912072060501758","0.09323488915239582","0.5893621760925264","0.06095249501575951","","","","2.578660761809531","72.9736210159179","","","","","0.5870176170043603","48.47031657176912","[81.74116390532751,65.09274938419017,80.07794586087508,32.6240665207157,32.56301190741057,30.019383843215092,29.812383907851377,35.000847821099775,84.46452109809198,43.105881267700966,84.73919631960605,55.65344165790896,23.128326738925903,79.31712602359534,29.89971571088889,35.04670425684385,33.865872848117604,14.44628522786559,50.33739056338275]",""
"epoch_48","finished","-","","","2025-06-10T11:10:17.000Z","212","","85.09242467649129","81.56129575295765","89.06913432665662","84.76444453644146","66.62687325829263","55.14653682299622","44.795307577207474","24.57523189124123","83.90742632249236","80.64318389255789","81.56766734373913","32.21612975830743","86.94683299652787","34.681637122630434","88.6603775509857","33.697900755029885","61.0396739034344","15.38632866283307","54.132803767846696","51.04497649896632","80.10562292678497","64.68142395268968","88.0899914725503","79.96365491598138","77.03643377600925","31.165043762451596","73.61209987545469","31.899207777869705","41.68554101697281","30.052248747348","57.35200743700987","28.14893043585251","54.73664012215597","35.23007861352484","90.29513257368896","84.3280319552267","75.77568935065946","44.11804520971808","48","0.000344932415365304","2.583622333202653","0.16017482620272927","0.09333085795537434","0.5916262330444715","0.06130900016793882","","","","2.583622333202653","72.65935159341899","","","","","0.5874039652104863","48.594964792874954","[81.56129575295765,64.68142395268968,79.96365491598138,31.165043762451596,31.899207777869705,30.052248747348,28.14893043585251,35.23007861352484,84.3280319552267,44.11804520971808,84.76444453644146,55.14653682299622,24.57523189124123,80.64318389255789,32.21612975830743,34.681637122630434,33.697900755029885,15.38632866283307,51.04497649896632]",""
"epoch_47","finished","-","","","2025-06-10T11:06:39.000Z","217","","85.00107763598825","83.01467082093681","89.07450917964005","84.7931992153259","65.47592471652318","53.78436864819713","45.09611108472542","22.592601476270968","83.97500283453104","73.92218416114746","80.30076332209309","29.633623292588307","85.00072444019746","34.02248419927696","88.11075458271293","33.558317438239975","62.18375444414198","14.56964937862025","54.58644673334011","50.58581534360865","79.7662031402741","64.33886667591047","88.09518110420917","79.8546110503081","77.2031678287155","32.35527273804597","74.03281788797162","31.679647167010845","42.524610026265094","30.329775818785382","57.33232944440736","29.328356384322607","55.021782048647424","35.95916130221602","90.25213689321848","84.55016816997045","76.03908035877043","44.07797821707729","47","0.0004968395304717264","2.590283982853853","0.16098191350243474","0.09347109755373184","0.5945524834949552","0.06191677412458958","","","","2.590283982853853","72.58275672138805","","","","","0.5867226045288726","48.05003955251893","[83.01467082093681,64.33886667591047,79.8546110503081,32.35527273804597,31.679647167010845,30.329775818785382,29.328356384322607,35.95916130221602,84.55016816997045,44.07797821707729,84.7931992153259,53.78436864819713,22.592601476270968,73.92218416114746,29.633623292588307,34.02248419927696,33.558317438239975,14.56964937862025,50.58581534360865]",""
"epoch_46","finished","-","","","2025-06-10T11:03:07.000Z","212","","84.8756082547074","81.94441672123688","89.03428223080338","84.47319123903297","67.26071664280582","53.77345654286438","45.25030150297613","23.2289669104632","83.62876877019136","79.36149976527973","80.96906845101549","29.909213779328564","84.41038531514468","34.02743120686985","87.93794592723074","32.31189224078639","61.04754019360201","15.92757375168586","53.886369035538586","49.8752036108358","80.00599675779426","64.8481481340362","88.13764703701588","80.09895062008951","77.23708865744541","34.04809856652056","72.7282668982047","32.763779096277084","42.50897468359297","29.916584770621128","57.38264873326121","30.797410162772476","56.184089463856246","34.65129701100506","90.26673135873486","84.45870345266047","75.35886709943276","44.328503680740575","46","0.0006436666467726117","2.5967277042738353","0.16221984777286763","0.09363701377945546","0.5966081350245549","0.062491349879481635","","","","2.5967277042738353","72.53217352701863","","","","","0.5861376134935253","48.460227434900354","[81.94441672123688,64.8481481340362,80.09895062008951,34.04809856652056,32.763779096277084,29.916584770621128,30.797410162772476,34.65129701100506,84.45870345266047,44.328503680740575,84.47319123903297,53.77345654286438,23.2289669104632,79.36149976527973,29.909213779328564,34.02743120686985,32.31189224078639,15.92757375168586,49.8752036108358]",""
"epoch_45","finished","-","","","2025-06-10T10:59:34.000Z","213","","84.81731940830349","82.18446745522354","89.06843402811468","84.54393014307028","67.26978949760195","55.18602755701312","42.851907379643514","20.934052680579914","84.03080779264978","79.28551814743228","81.9354127586272","31.5926241709844","86.78772600424752","33.716138377352735","85.80449948169108","34.13747578142413","61.78329375579159","12.880371627369165","53.381071411986184","49.359098815353505","79.8686996999867","65.46463272377521","87.97040210109634","80.53071150806055","76.55484008304883","32.53962758297656","73.39158229668381","32.32973772394019","43.16822187870359","27.161914717915653","58.03528552307582","30.66895194856807","55.08962093442008","36.969434506789376","90.23936007419846","84.28545875493036","74.66716114742218","40.51785196659536","45","0.0007868283823713545","2.6039056384381447","0.16366414093049883","0.09379061763636938","0.5993679111240474","0.06325970548880465","","","","2.6039056384381447","72.45870711880487","","","","","0.5836146570251374","48.12042243101865","[82.18446745522354,65.46463272377521,80.53071150806055,32.53962758297656,32.32973772394019,27.161914717915653,30.66895194856807,36.969434506789376,84.28545875493036,40.51785196659536,84.54393014307028,55.18602755701312,20.934052680579914,79.28551814743228,31.5926241709844,33.716138377352735,34.13747578142413,12.880371627369165,49.359098815353505]",""
"epoch_44","finished","-","","","2025-06-10T10:56:06.000Z","208","","84.77248080494176","81.73255813640176","89.06465187154237","84.7151678928789","68.23755859695883","56.47937303654302","45.268728574859715","20.99857456371601","83.52318939597968","78.6513470831094","81.17662624998887","32.40259338665787","86.66984613855465","34.84108459814715","87.3928089459803","37.86819228215611","62.94253153797791","14.425849728570928","54.52580907428983","51.618139472201975","79.40715416338216","65.1239595072776","88.03432860623302","80.14360190572096","75.34577555674727","32.878774635803055","73.64508329452362","33.36386164359251","43.09740165970008","30.469198141033143","58.560019087969096","30.341680069887246","56.455785077183805","33.726547522093","90.16835502074292","84.58841435951452","75.09843126879406","42.99197156766511","44","0.0009271353468595546","2.6094252826603315","0.1638059997575656","0.0939437073108008","0.6013192098218066","0.06370951892196677","","","","2.6094252826603315","72.80981920665","","","","","0.5807254626722393","48.808467870156335","[81.73255813640176,65.1239595072776,80.14360190572096,32.878774635803055,33.36386164359251,30.469198141033143,30.341680069887246,33.726547522093,84.58841435951452,42.99197156766511,84.7151678928789,56.47937303654302,20.99857456371601,78.6513470831094,32.40259338665787,34.84108459814715,37.86819228215611,14.425849728570928,51.618139472201975]",""
"epoch_43","finished","-","","","2025-06-10T10:52:33.000Z","212","","84.85777543819158","82.31670569769042","88.99132757530033","84.52077412913668","66.97413983849358","56.54395267939248","45.86022724701787","23.790513065145095","83.5395261418611","77.44510028494577","82.03362937514868","29.533473509822812","85.08604255935246","32.89053967242278","87.14361748519009","36.75216995084929","61.46760730020525","16.269340898941334","54.180593288837656","51.373586401356654","79.52130225828249","64.53285037038972","87.88230584888103","80.3224522693576","74.92727774429206","32.173801665278354","72.92246008811068","34.5069012379797","42.68416056277255","29.548334300007816","57.99338040882698","30.764575735550732","56.820491469705814","33.909946194457014","90.16306631085722","84.5467326518458","74.97030846309296","44.27432739262754","43","0.0010651119308332296","2.619602530284692","0.16569373271790624","0.09415493105033426","0.6056696081548246","0.06455680426878442","","","","2.619602530284692","72.52732838970633","","","","","0.5763590280524271","48.73768832143145","[82.31670569769042,64.53285037038972,80.3224522693576,32.173801665278354,34.5069012379797,29.548334300007816,30.764575735550732,33.909946194457014,84.5467326518458,44.27432739262754,84.52077412913668,56.54395267939248,23.790513065145095,77.44510028494577,29.533473509822812,32.89053967242278,36.75216995084929,16.269340898941334,51.373586401356654]",""
"epoch_42","finished","-","","","2025-06-10T10:48:55.000Z","218","","84.73838558074362","82.01760203011884","88.903205526119","84.4666179225883","66.18215429454922","53.731652660692234","44.29486949023303","23.661659913563955","83.28067547879596","80.1930646889043","81.25608708978748","28.03299827705133","85.46186972565212","34.451059741469656","86.6615554070169","33.60199540546238","62.41195150473854","14.34504038116897","54.679994296700364","51.55633522912936","79.50597067557491","63.76914460831635","87.96684211872854","80.09250159632685","75.79401508669427","31.149696308351967","73.34559972277835","32.80527106647158","42.92883033747306","29.653296575969794","56.87701406528415","27.19417987536696","57.439285854696074","37.585264556751355","90.10108258537504","84.17809684822866","74.78930965647537","44.21490889560998","42","0.0012011244339814315","2.628872130208343","0.16736941124874216","0.09439099531706052","0.6087083496323978","0.06539610196047156","","","","2.628872130208343","72.45361571039032","","","","","0.5789712799523405","48.247388767449614","[82.01760203011884,63.76914460831635,80.09250159632685,31.149696308351967,32.80527106647158,29.653296575969794,27.19417987536696,37.585264556751355,84.17809684822866,44.21490889560998,84.4666179225883,53.731652660692234,23.661659913563955,80.1930646889043,28.03299827705133,34.451059741469656,33.60199540546238,14.34504038116897,51.55633522912936]",""
"epoch_41","finished","-","","","2025-06-10T10:45:20.000Z","215","","84.69835277845843","82.45559280171857","88.93592879335243","84.51246400634686","65.14401967425465","55.381102987957675","45.55335864832295","22.93078689220439","83.70028177387803","73.85830107270894","81.25177469129524","30.048963904060344","86.77132141699072","32.38649319850578","87.51442820619803","35.62528574280249","64.95373214110896","14.915247795682571","52.94055158105978","51.09684824250965","79.52639127164866","64.86496093695767","87.8891612921666","80.03749043060058","75.47564605954047","31.970540972518407","71.25108430298958","31.808088144736296","43.86633923276912","33.1313006550486","58.195167065363975","30.4651245957641","54.57024119222096","39.33201762377585","90.1118115172365","84.33214987783472","74.74649059097904","41.29427865595739","41","0.0013354427415283657","2.6380620052796284","0.16819479272395144","0.09458540398485334","0.6127963981783117","0.06627960203798446","","","","2.6380620052796284","72.47874116999127","","","","","0.5746955602111931","48.44458097566794","[82.45559280171857,64.86496093695767,80.03749043060058,31.970540972518407,31.808088144736296,33.1313006550486,30.4651245957641,39.33201762377585,84.33214987783472,41.29427865595739,84.51246400634686,55.381102987957675,22.93078689220439,73.85830107270894,30.048963904060344,32.38649319850578,35.62528574280249,14.915247795682571,51.09684824250965]",""
"epoch_40","finished","-","","","2025-06-10T10:41:41.000Z","219","","84.48536252808644","82.53628329628127","88.92250175038937","84.91998518818694","65.65040003564359","52.26577622542632","42.43697825499814","22.308268614911515","83.51472380726045","78.10335661331732","81.60549330020933","30.003055272487455","86.6745568567448","32.171982681769784","87.91940314369346","36.270325665525895","63.2294960892117","16.665679989134933","53.48657945411112","51.11748781491136","79.46357410755293","64.158121142263","87.94340508004765","79.48061853651878","76.50438191039693","34.515069628779365","73.72269947034123","32.43540292044293","44.425001586516856","30.944774588675944","57.03535734526262","27.59945242734949","54.32211943540519","35.216415684657434","90.04084280886771","84.68304018032966","73.9655218710561","45.356035234524064","40","0.0014682736788600235","2.646741006893056","0.17003130702344516","0.09479338578339525","0.6158594661427819","0.06700129126276792","","","","2.646741006893056","72.38675783346294","","","","","0.5731479984200644","48.46058587923649","[82.53628329628127,64.158121142263,79.48061853651878,34.515069628779365,32.43540292044293,30.944774588675944,27.59945242734949,35.216415684657434,84.68304018032966,45.356035234524064,84.91998518818694,52.26577622542632,22.308268614911515,78.10335661331732,30.003055272487455,32.171982681769784,36.270325665525895,16.665679989134933,51.11748781491136]",""
"epoch_39","finished","-","","","2025-06-10T10:38:02.000Z","219","","84.36733698157147","81.92589876861798","88.88881864562732","84.65613346431569","66.81475451809689","51.45272040218033","45.4492767421624","24.23135952690379","83.48968064639031","77.5658210681621","79.36111959093337","29.32621680109403","86.00605282065797","35.40868599585576","88.5750288655444","36.32953527077197","63.63286926358225","16.96299578834354","54.04816537854797","52.63236850550103","79.31257279846979","64.27203206927189","87.79012096009558","79.95097642231616","76.39624486137302","33.54315240254942","72.48020860967807","33.3612174953818","44.76161255078959","33.81811175424282","58.11135182117312","30.454379238967302","54.65654204084098","33.811766510234406","90.13958056998808","84.5460853087901","75.03375017088693","43.974188315664065","39","0.0015997806152591378","2.6558179059101423","0.17004253948462827","0.09501191106347635","0.6198427594117536","0.06771990422244745","","","","2.6558179059101423","72.59553093875839","","","","","0.5726201395074765","48.85387605837706","[81.92589876861798,64.27203206927189,79.95097642231616,33.54315240254942,33.3612174953818,33.81811175424282,30.454379238967302,33.811766510234406,84.5460853087901,43.974188315664065,84.65613346431569,51.45272040218033,24.23135952690379,77.5658210681621,29.32621680109403,35.40868599585576,36.32953527077197,16.96299578834354,52.63236850550103]",""
"epoch_38","finished","-","","","2025-06-10T10:34:26.000Z","216","","84.57669382344743","81.97552594167583","88.88935827951767","84.55985861803077","66.34565876386662","51.953400739334256","47.77871026729606","23.26072632843688","83.03265675500785","80.93969296134783","77.77555084231213","28.7071796067716","84.80532885758007","34.238453004596096","88.1314003154141","38.2721026275005","61.83205724531944","14.678544267162946","51.32520059030566","50.09660807447903","78.85976475534288","64.00260716001162","87.83677060399816","80.38152149048116","75.09568920653987","31.699245420545363","71.41258223954529","34.25308783718457","44.63681448717477","30.390751308937165","58.69264164495532","27.51385683708542","54.05123446284505","34.684508851654115","90.035324952019","84.59824494395338","74.7697306641171","44.005187440068546","38","0.001730095732479772","2.666363456549535","0.1714079449849047","0.09526294132851008","0.6236932163930121","0.06884822218842407","","","","2.666363456549535","72.09911414508446","","","","","0.5663122193898983","48.4321633399609","[81.97552594167583,64.00260716001162,80.38152149048116,31.699245420545363,34.25308783718457,30.390751308937165,27.51385683708542,34.684508851654115,84.59824494395338,44.005187440068546,84.55985861803077,51.953400739334256,23.26072632843688,80.93969296134783,28.7071796067716,34.238453004596096,38.2721026275005,14.678544267162946,50.09660807447903]",""
"epoch_37","finished","-","","","2025-06-10T10:30:52.000Z","214","","84.41393846056448","82.13707087923663","88.8444223766855","84.84210751574277","66.72945376945644","52.73098161777303","46.07478880480243","17.928027919217342","83.62060723857991","78.80538718140905","78.58417317122894","30.178929617973427","85.74788572904181","38.29619356804404","86.90109641483885","36.524384176936294","64.41998803497549","14.816534067852876","51.29374426443368","43.52611167944018","78.85318175771768","64.69160164335598","87.80674017809332","80.17259172649379","75.85739618754867","34.06441917556076","72.28911628816176","31.48249505606125","42.838481458977405","32.19644405292248","56.346371198171305","31.471337612053286","54.93931928569389","37.32273161350002","89.9762743021705","84.42599074777273","75.19618104945992","43.43052592229721","37","0.0018593280900972829","2.677911469044576","0.17427389859755077","0.09551712896191436","0.6279136929234476","0.06994562275807252","","","","2.677911469044576","72.14385052476851","","","","","0.5672107308567641","48.370729777560165","[82.13707087923663,64.69160164335598,80.17259172649379,34.06441917556076,31.48249505606125,32.19644405292248,31.471337612053286,37.32273161350002,84.42599074777273,43.43052592229721,84.84210751574277,52.73098161777303,17.928027919217342,78.80538718140905,30.178929617973427,38.29619356804404,36.524384176936294,14.816534067852876,43.52611167944018]",""
"epoch_36","finished","-","","","2025-06-10T10:27:17.000Z","215","","84.27952786647704","81.27276013187344","88.84606034810729","84.74881074479212","67.39286112867825","58.245871952410646","44.47605414119133","24.16442234249049","82.72273019331377","77.77052415285802","80.96364602727934","27.654116359472507","86.12445300192545","33.891393554565106","86.80019552785826","31.484007970561272","63.8210782474274","16.338628777154433","47.65838117961956","48.22113519293675","79.03062471314551","64.86748093195236","87.90040070616215","80.58008217486612","76.18578894464267","32.07011148978534","72.70170582669645","33.615764929520076","44.428300636362735","30.69313864405804","58.327313087140155","34.58376900184991","54.578415831224405","38.84759492828657","89.94085261349825","84.61353099645545","74.312267060865","42.68776657392594","36","0.001987569142293747","2.6886669941075887","0.17600646135859363","0.09577359944468236","0.6318185061557602","0.0709738969902387","","","","2.6886669941075887","72.13108721482183","","","","","0.5690169309427638","48.755311097358664","[81.27276013187344,64.86748093195236,80.58008217486612,32.07011148978534,33.615764929520076,30.69313864405804,34.58376900184991,38.84759492828657,84.61353099645545,42.68776657392594,84.74881074479212,58.245871952410646,24.16442234249049,77.77052415285802,27.654116359472507,33.891393554565106,31.484007970561272,16.338628777154433,48.22113519293675]",""
"epoch_35","finished","-","","","2025-06-10T10:23:43.000Z","214","","84.06155966059299","81.89966924012292","88.7706197332207","84.54893567216169","67.15689833629393","51.90355722036375","45.68540772315799","19.864438441633087","82.93947137829353","76.47063678701106","79.52028448245808","25.996761191030625","85.37049068813201","36.05968683552415","86.91251287824878","37.04480237382396","61.11359359613523","18.82817532085809","48.525468338943845","46.40241702213978","78.9442132342708","64.65839116468814","87.87504707625095","80.53636208381032","75.3049651182828","32.631980174003985","71.85983631116551","33.50407589092483","45.28838236363935","33.787732320669264","58.71339485717647","33.56257454998915","55.139884264566895","37.02456846646457","89.8656872647884","84.2768273351729","75.0620417731827","44.72833161601469","35","0.0021148966368853116","2.7002923786640167","0.1770049262621248","0.09606238874030933","0.6361860525403314","0.07205657059511611","","","","2.7002923786640167","72.0057767936211","","","","","0.5622734936054595","48.61736440560036","[81.89966924012292,64.65839116468814,80.53636208381032,32.631980174003985,33.50407589092483,33.787732320669264,33.56257454998915,37.02456846646457,84.2768273351729,44.72833161601469,84.54893567216169,51.90355722036375,19.864438441633087,76.47063678701106,25.996761191030625,36.05968683552415,37.04480237382396,18.82817532085809,46.40241702213978]",""
"epoch_34","finished","-","","","2025-06-10T10:20:03.000Z","220","","83.88816966556031","81.47300646203536","88.72512013291247","84.46142984104046","66.09041933368603","53.353932125728","47.094892514424664","25.807856997388555","83.16859046080651","76.87848516588079","79.9758937220538","28.94345516157096","84.23431037012314","37.33415084595554","87.75934995043836","35.46465711093815","63.27254440515976","18.722168052190863","49.86414707274062","50.64896051348175","78.85565657347969","64.03667340667391","87.86567858206944","80.5272011216468","74.83934187235225","32.58257649740647","69.57153265970265","32.11105721026454","46.38768929269543","35.137140239534794","57.522679526038765","33.75895601077875","56.212384139214635","33.35626889791046","89.82547835099001","84.69243870380521","75.34950519489261","46.959377959650475","34","0.0022413774476912982","2.71349251634292","0.1793036629083275","0.09635554027978244","0.6414425690438001","0.0732176667648076","","","","2.71349251634292","72.13175704312323","","","","","0.5596585402231731","49.27630485915167","[81.47300646203536,64.03667340667391,80.5272011216468,32.58257649740647,32.11105721026454,35.137140239534794,33.75895601077875,33.35626889791046,84.69243870380521,46.959377959650475,84.46142984104046,53.353932125728,25.807856997388555,76.87848516588079,28.94345516157096,37.33415084595554,35.46465711093815,18.722168052190863,50.64896051348175]",""
"epoch_33","finished","-","","","2025-06-10T10:16:25.000Z","217","","83.89358943005021","81.4961389173283","88.68290356526055","84.50299222152702","66.10453879076091","52.01407649030494","45.45317733321264","23.33304571947071","82.87198773664626","76.49999722816521","80.23729954783688","27.85033587230137","84.06789025141424","43.41272743190561","86.93939031706454","38.36598951248582","64.55190269992448","17.283716627100507","51.98910262444535","51.66882836518371","78.7461445482461","63.856789180105125","87.73804781603997","80.62416487890984","75.06317133405207","34.64821380423278","69.78791849300492","33.149030525380915","45.89951160346318","34.64568386022556","57.81815141372159","33.63058933150296","53.39980695263925","39.422165451683675","89.79892660269007","84.4987368992082","75.25218221529146","43.25144143385052","33","0.0023670696807283707","2.7239049645780606","0.1803640391791367","0.09663330555985902","0.6446060195906471","0.07448720187659709","","","","2.7239049645780606","72.01556017240868","","","","","0.5578980404816701","49.692350723730144","[81.4961389173283,63.856789180105125,80.62416487890984,34.64821380423278,33.149030525380915,34.64568386022556,33.63058933150296,39.422165451683675,84.4987368992082,43.25144143385052,84.50299222152702,52.01407649030494,23.33304571947071,76.49999722816521,27.85033587230137,43.41272743190561,38.36598951248582,17.283716627100507,51.66882836518371]",""
"epoch_32","finished","-","","","2025-06-10T10:12:49.000Z","216","","83.80856331657402","81.07070780556352","88.64910068269198","84.95055266159932","66.40589427010048","51.91053758957056","45.73045819319138","25.884288924887777","82.3727668511712","80.7846821958279","78.21781035837553","32.67869639062303","84.73494230613635","37.324334194473366","86.07358266332639","32.319779716633164","61.0625027779851","18.426182027823717","48.99492604033842","48.01277484458411","78.63476707411823","63.20890639205097","87.60768168632791","80.3100798409262","74.67680380371405","35.092339869236575","70.21380746466096","30.385492236585844","47.53624528887523","33.81899060181802","58.148680873100545","34.65500814731049","56.05928729673247","38.160085930202634","89.78434724044298","84.44355407112049","74.69238967885187","43.57361451115368","32","0.0024920242723086524","2.738653289907761","0.18358519971939444","0.09694669735511297","0.6503777714403531","0.07590748622075065","","","","2.738653289907761","71.75813462456395","","","","","0.5608778501342156","49.31634778694691","[81.07070780556352,63.20890639205097,80.3100798409262,35.092339869236575,30.385492236585844,33.81899060181802,34.65500814731049,38.160085930202634,84.44355407112049,43.57361451115368,84.95055266159932,51.91053758957056,25.884288924887777,80.7846821958279,32.67869639062303,37.324334194473366,32.319779716633164,18.426182027823717,48.01277484458411]",""
"epoch_31","finished","-","","","2025-06-10T10:09:09.000Z","219","","83.53322360109927","81.17072651509133","88.6472271715651","84.54021539327363","66.47145252016708","52.41857071013036","45.27768999166","17.89407099869212","82.01354504790609","78.84605178627852","74.56441364401381","31.140263175284556","84.9701729767256","32.22660064316496","87.57821575068971","37.32345309472313","62.14399507971965","11.429149534263598","50.19592842121997","50.08383046266225","78.65472182202569","64.50890260710413","87.85535812140034","79.97101239186196","74.7967341240991","30.95195230130964","72.07834785829283","32.96692618388402","47.13233709066187","34.126635340252186","56.71999360609552","32.64347076973132","54.02883004059639","37.83276589649511","89.73844574938693","84.57088873173507","75.41848376696883","46.96120681461646","31","0.002616286223107676","2.752826495024994","0.18573830117478624","0.09730269570785167","0.6552531955806353","0.07722405923658428","","","","2.752826495024994","71.67469033601547","","","","","0.5605958917897619","48.50561543950286","[81.17072651509133,64.50890260710413,79.97101239186196,30.95195230130964,32.96692618388402,34.126635340252186,32.64347076973132,37.83276589649511,84.57088873173507,46.96120681461646,84.54021539327363,52.41857071013036,17.89407099869212,78.84605178627852,31.140263175284556,32.22660064316496,37.32345309472313,11.429149534263598,50.08383046266225]",""
"epoch_30","finished","-","","","2025-06-10T10:05:34.000Z","215","","83.39143927605221","79.98150554947142","88.60577262158154","84.87998081369493","67.13542362242582","53.75066764065773","46.82020045571656","23.267821110123272","82.86732621079791","80.43819580378454","77.50353366656401","29.363194859956852","85.27594895909878","37.24001419323428","87.96160791950814","34.43428094455217","65.10977576841252","17.74730711246921","48.24932749550746","48.574927200398065","78.58830474796645","65.88691004702173","87.58177839284085","80.5041863032929","76.27183246848934","38.16139663650482","71.30860141921386","32.9565163504551","47.32383502493152","35.398197812249435","56.36810997298816","35.72101272213573","53.85807219573648","34.43681062968306","89.65670611769566","84.82801844302293","75.64186725327149","45.58501197068976","30","0.0027398955659630434","2.7659394788833063","0.18805923786384005","0.09765561499440945","0.6593291885752715","0.07827429459181451","","","","2.7659394788833063","72.07997176783151","","","","","0.5570336244777291","49.639787165441994","[79.98150554947142,65.88691004702173,80.5041863032929,38.16139663650482,32.9565163504551,35.398197812249435,35.72101272213573,34.43681062968306,84.82801844302293,45.58501197068976,84.87998081369493,53.75066764065773,23.267821110123272,80.43819580378454,29.363194859956852,37.24001419323428,34.43428094455217,17.74730711246921,48.574927200398065]",""
"epoch_29","finished","-","","","2025-06-10T10:01:56.000Z","218","","83.14600984560137","80.94278157521317","88.51304875835451","84.85043713153763","67.34589204224493","57.60891525461954","47.29307507493709","30.727918697843503","83.2492995750241","77.97336259164777","79.0081566567364","27.85784132715163","85.19350593132518","38.354333431633165","87.25405586598526","38.984136542628235","63.193147724650146","18.882702876694356","53.40187848830219","51.06242693632256","78.2682847642013","63.33198246104704","87.39594044081964","79.69464985340112","74.35034532904378","36.95348809598828","70.73122051718501","31.68082753416886","47.12900011757233","36.364617056719354","56.11492756702555","35.05789906800975","55.35075102510032","37.16644140631769","89.61038757331016","84.54988324186627","75.7314760877809","48.24294169588008","29","0.0028628881353220826","2.782860773892803","0.18996501844802885","0.09804577194154264","0.6656389568598216","0.08032037314909105","","","","2.782860773892803","72.22528438869475","","","","","0.553002646404826","50.54145193572053","[80.94278157521317,63.33198246104704,79.69464985340112,36.95348809598828,31.68082753416886,36.364617056719354,35.05789906800975,37.16644140631769,84.54988324186627,48.24294169588008,84.85043713153763,57.60891525461954,30.727918697843503,77.97336259164777,27.85784132715163,38.354333431633165,38.984136542628235,18.882702876694356,51.06242693632256]",""
"epoch_28","finished","-","","","2025-06-10T09:58:19.000Z","217","","83.06400023165051","80.83508144116067","88.55528595124376","85.00441060747033","68.0473788227489","58.34215752114673","42.23526830633752","27.140125250432508","82.67099103735217","80.15795314772267","76.58314674098212","34.020746217763495","83.84067349091694","37.644709267011315","86.98048853378735","26.315468643323896","59.902618442352505","14.341767190698071","51.371671436398","47.45518275785777","77.35703212262356","64.26100449034648","87.52327205540824","79.89245510166153","74.30298887777616","32.21047216164767","70.29698091720921","30.23076071519216","47.38915392746121","32.32301435438305","55.70263062401947","32.34730875998211","55.35555723591112","37.4437865427952","89.55392716873155","84.4488913570222","74.7309746527982","46.65341780745286","28","0.002985296186515655","2.805980803857323","0.19482972863919407","0.0985449802500146","0.6737267659365676","0.08342253220559076","","","","2.805980803857323","71.3402126618794","","","","","0.5566903504425894","49.00361649131952","[80.83508144116067,64.26100449034648,79.89245510166153,32.21047216164767,30.23076071519216,32.32301435438305,32.34730875998211,37.4437865427952,84.4488913570222,46.65341780745286,85.00441060747033,58.34215752114673,27.140125250432508,80.15795314772267,34.020746217763495,37.644709267011315,26.315468643323896,14.341767190698071,47.45518275785777]",""
"epoch_27","finished","-","","","2025-06-10T09:54:33.000Z","225","","83.2053558641059","80.89172261097822","88.44623437612057","84.32631159532252","67.97507848434336","54.26269282067266","48.66726877011736","18.9639273606828","82.56041249423787","79.03911014764444","77.32677381840246","25.751600597251723","85.0619422858986","33.55578661022134","87.64972053687494","35.034563664570726","62.274232707263856","17.958966923665077","52.55616408550174","50.595569361770565","76.92154836262762","64.02458023093553","87.57049502010345","79.67114331389347","74.01580494592444","33.114948627313204","68.88019884850483","33.60811777777858","47.36974415359627","35.11403402966739","55.87734299575779","35.22346075600583","55.77987010287833","40.69504403507945","89.51556590043427","84.49395161271914","74.94569537513883","46.6510149089519","27","0.003107148899671073","2.8089895011814496","0.194554659900547","0.09863384302620216","0.6757138464742034","0.08277691193351536","","","","2.8089895011814496","71.9262867962017","","","","","0.5525638164874322","49.10402878869076","[80.89172261097822,64.02458023093553,79.67114331389347,33.114948627313204,33.60811777777858,35.11403402966739,35.22346075600583,40.69504403507945,84.49395161271914,46.6510149089519,84.32631159532252,54.26269282067266,18.9639273606828,79.03911014764444,25.751600597251723,33.55578661022134,35.034563664570726,17.958966923665077,50.595569361770565]",""
"epoch_26","finished","-","","","2025-06-10T09:50:45.000Z","228","","83.14706541882656","80.10246332788589","88.4221266348605","84.69324160338012","69.6784725722168","55.6037770131519","44.84541090740848","22.67250339751098","81.65127032957983","76.5455265905013","77.9182609881119","30.509330331951094","85.35540589445067","39.18604518844726","87.55849711008935","33.22681683635874","60.37069510807449","10.723391270481764","47.12444310854546","51.06856341742942","77.43912339026761","63.29173190728381","87.52451573875311","80.31498433278944","72.82376130060561","34.14767656818574","69.56348950922543","32.82676146739258","46.92181819169174","36.96575783785922","55.417625457334665","35.48276143298358","57.347302482870234","38.51626029443879","89.39097700581348","84.95049938601194","74.72452914982452","46.741223141922035","26","0.0032284727938413312","2.827137698654","0.19770074327199055","0.09906506950732406","0.6820523771848387","0.08470362682919239","","","","2.827137698654","71.43288369992369","","","","","0.5581585486491997","49.345753439261344","[80.10246332788589,63.29173190728381,80.31498433278944,34.14767656818574,32.82676146739258,36.96575783785922,35.48276143298358,38.51626029443879,84.95049938601194,46.741223141922035,84.69324160338012,55.6037770131519,22.67250339751098,76.5455265905013,30.509330331951094,39.18604518844726,33.22681683635874,10.723391270481764,51.06856341742942]",""
"epoch_25","finished","-","","","2025-06-10T09:47:03.000Z","222","","82.69538893289374","80.56544185665581","88.37208626951977","83.83446087217426","67.91138750747805","57.04411720668383","46.349607130299106","24.45799643689187","82.61384802591192","75.57640581175536","78.44977992583453","26.553619149445172","83.8744146852114","36.843904488644235","87.34559358840073","34.716018193579266","63.909544039440306","16.753589971467324","53.369751426553","48.2277622618862","77.49401968586388","65.62130768027889","87.47568698942678","81.07955005930411","73.20243548517466","32.59030706312531","70.04629895827344","34.47552369335316","46.118117157746866","35.55219854969197","54.20855699124019","35.1531853043158","57.12660069564617","38.18427302902613","89.37759681287238","84.43034032267303","74.67435010493247","46.1037718448044","25","0.003349292070425916","2.8433746527169497","0.19956181108780943","0.09944861503104672","0.6882281470617265","0.08634947964082693","","","","2.8433746527169497","71.8218454954063","","","","","0.5482716592486033","49.355988094513485","[80.56544185665581,65.62130768027889,81.07955005930411,32.59030706312531,34.47552369335316,35.55219854969197,35.1531853043158,38.18427302902613,84.43034032267303,46.1037718448044,83.83446087217426,57.04411720668383,24.45799643689187,75.57640581175536,26.553619149445172,36.843904488644235,34.716018193579266,16.753589971467324,48.2277622618862]",""
"epoch_24","finished","-","","","2025-06-10T09:43:26.000Z","217","","82.73187853523129","81.24428615975712","88.37396882322679","84.86117048831362","67.98597275947049","57.3375551168868","47.38035112997835","19.188766483666804","81.00895818869544","72.27608074403877","78.13070644934731","24.61033571991997","83.14420525689789","34.836044129219445","85.14017827546785","34.52181263983742","66.70131981673167","20.335108989456703","55.41686691154791","51.94674035280439","77.42017270228477","65.32101661200511","87.4484617217987","80.8377660393367","74.03397073547954","31.71963921068669","69.44192768982693","31.821745172204174","47.08427346690826","32.19158234497062","54.76212622915536","34.00399109517468","54.91846566212693","39.247276493843934","89.27725974676316","84.01720100861748","74.5760598094924","45.52199232990862","24","0.003469628900303773","2.8620075467433637","0.20398462940547757","0.09987522624717414","0.6945307825812856","0.08837837855267616","","","","2.8620075467433637","71.84090125844374","","","","","0.5542768686117526","48.7284269016131","[81.24428615975712,65.32101661200511,80.8377660393367,31.71963921068669,31.821745172204174,32.19158234497062,34.00399109517468,39.247276493843934,84.01720100861748,45.52199232990862,84.86117048831362,57.3375551168868,19.188766483666804,72.27608074403877,24.61033571991997,34.836044129219445,34.52181263983742,20.335108989456703,51.94674035280439]",""
"epoch_23","finished","-","","","2025-06-10T09:39:46.000Z","220","","82.13551421926553","78.25298175119289","88.2394527556543","84.45588861696778","69.23149112265969","59.53369723124845","44.47976837843747","31.722551358005692","82.8934781134341","81.56300203392458","75.68529160619227","34.173506688499636","84.61594803356533","32.673540647009666","86.2617938531167","33.91401509888378","62.40536189610928","21.370669824618393","55.31217605456138","53.31326196206761","77.33061705816716","65.07938526531363","87.41761225230573","80.66382201655344","74.57283584469472","32.366814945081","70.4310364173163","37.89116841658247","47.4997694411211","37.259542785070806","53.838614186443465","37.104670947003946","56.81416719313136","43.539075886364834","89.29427123663287","84.79413581826557","74.87795909615774","49.21718586643548","23","0.0035895036657158383","2.8793182495896144","0.20705648470414048","0.1003096079923042","0.7003740596634741","0.08992942845633695","","","","2.8793182495896144","71.7545873031035","","","","","0.5445731141253146","51.52046932416261","[78.25298175119289,65.07938526531363,80.66382201655344,32.366814945081,37.89116841658247,37.259542785070806,37.104670947003946,43.539075886364834,84.79413581826557,49.21718586643548,84.45588861696778,59.53369723124845,31.722551358005692,81.56300203392458,34.173506688499636,32.673540647009666,33.91401509888378,21.370669824618393,53.31326196206761]",""
"epoch_22","finished","-","","","2025-06-10T09:36:05.000Z","221","","82.15843286888082","78.26901118702439","88.21464743949781","84.84693083491864","68.94079929854821","57.66026128784091","43.10096673241655","29.975997154829503","82.4165299881171","82.23557956121216","74.84131410204492","26.116607401433363","81.9602875763084","38.09761429775811","86.4826896518882","40.04813145352287","62.18152809785499","21.139313338198885","52.74205970528366","52.28179394527876","76.97625507510398","64.85373195172114","87.32026291187276","81.17348624823674","73.65214532690352","35.26398812893133","69.15777397869512","34.53187058706658","47.81503755523668","37.32366202658405","54.05168890491646","35.89806685641323","57.40984691372809","44.79116665683906","89.03847306894772","84.66921234839832","74.82057655724684","47.14533164819789","22","0.0037089351654411625","2.9015251425386386","0.21045064155495805","0.1007442174493584","0.7095850604863567","0.09287547084097644","","","","2.9015251425386386","71.22533240807851","","","","","0.545179588887506","51.385355627074","[78.26901118702439,64.85373195172114,81.17348624823674,35.26398812893133,34.53187058706658,37.32366202658405,35.89806685641323,44.79116665683906,84.66921234839832,47.14533164819789,84.84693083491864,57.66026128784091,29.975997154829503,82.23557956121216,26.116607401433363,38.09761429775811,40.04813145352287,21.139313338198885,52.28179394527876]",""
"epoch_21","finished","-","","","2025-06-10T09:32:21.000Z","223","","81.86253840574224","79.00239584783259","88.0072753410172","84.21567929324355","69.56870414667753","58.5184547850497","47.43847368258648","24.649293400751972","82.83127660102951","80.24991793583004","73.75137065842497","32.81409454851102","81.24659218101287","32.67161516773117","85.69902597973861","40.485890351473266","62.88223397564959","16.2495477289374","56.17556818971905","54.23394941422555","76.55958287584721","63.4867943495505","87.19302770769484","80.2154944572443","72.69462398032003","29.559811582123924","69.4586616801615","30.662118099669406","47.808028308285735","37.27974574813893","52.6658797297288","35.666859480962835","57.78493655980858","43.496595815518695","89.0069249801934","84.72432155773959","74.69779680864215","48.32967284102145","21","0.003827940789949578","2.921859329893389","0.2129140043673852","0.1012274415182476","0.7169026729032284","0.09524221094111904","","","","2.921859329893389","71.43855377854106","","","","","0.5480610408825789","50.3427501266082","[79.00239584783259,63.4867943495505,80.2154944572443,29.559811582123924,30.662118099669406,37.27974574813893,35.666859480962835,43.496595815518695,84.72432155773959,48.32967284102145,84.21567929324355,58.5184547850497,24.649293400751972,80.24991793583004,32.81409454851102,32.67161516773117,40.485890351473266,16.2495477289374,54.23394941422555]",""
"epoch_20","finished","-","","","2025-06-10T09:28:45.000Z","216","","81.60730546996345","78.55014546013459","88.07766742876409","84.39581415373905","71.15181010813727","60.01770045960421","49.171820049221026","31.5656669352315","82.03137799874142","80.27625714072477","75.31831873081045","28.975803540708434","83.27184569291045","34.44645629650939","85.8995456374011","30.658898100758552","63.10898268686426","18.66437733562266","56.07938602704523","54.57070089740114","76.69499038377734","64.38843121593372","87.22083355531298","80.34923834149211","73.46168369270501","36.59489672781322","70.52195803668513","34.324324029047986","47.49167507248342","35.713661171051434","52.56984599237137","34.51451222136604","53.668229417053894","44.44378075884113","88.90219783981175","84.58731097224337","73.7917708949283","46.62494372925388","20","0.0039465366718084705","2.9481628036681022","0.217591080985224","0.1018130392234289","0.7265876099353529","0.09827796350595833","","","","2.9481628036681022","71.5811181428941","","","","","0.5510754763723134","50.71910102565669","[78.55014546013459,64.38843121593372,80.34923834149211,36.59489672781322,34.324324029047986,35.713661171051434,34.51451222136604,44.44378075884113,84.58731097224337,46.62494372925388,84.39581415373905,60.01770045960421,31.5656669352315,80.27625714072477,28.975803540708434,34.44645629650939,30.658898100758552,18.66437733562266,54.57070089740114]",""
"epoch_19","finished","-","","","2025-06-10T09:25:11.000Z","214","","81.7166675911848","79.37925192907474","87.98003572256317","83.72313056873612","70.80289081535945","58.880444115269626","49.28093544937228","26.614960029009115","81.20606235432645","76.91900474707299","77.300188218869","31.18695892174557","82.94862340108541","35.60528950354995","85.5687874707819","27.543207737281545","64.00595824918851","22.526175815223898","57.28116729168039","54.39150377823661","76.59033359654582","64.67773555709613","87.06543428627722","80.61063085012907","71.66690867396584","36.40928547530281","69.41399312810329","34.80062412006224","47.02067567501223","37.41890575626411","52.10221242550412","38.09198346923103","55.009511226207174","43.36964592205881","88.74521798367441","84.60727476171289","73.75744556969775","49.43081192461338","19","0.004064737815548387","2.964566668481317","0.2208132415242095","0.10220080531621709","0.7322645104340925","0.09996074450891893","","","","2.964566668481317","71.55068679628417","","","","","0.5342631969980137","50.85193815693003","[79.37925192907474,64.67773555709613,80.61063085012907,36.40928547530281,34.80062412006224,37.41890575626411,38.09198346923103,43.36964592205881,84.60727476171289,49.43081192461338,83.72313056873612,58.880444115269626,26.614960029009115,76.91900474707299,31.18695892174557,35.60528950354995,27.543207737281545,22.526175815223898,54.39150377823661]",""
"epoch_18","finished","-","","","2025-06-10T09:21:37.000Z","214","","81.5717316637047","78.16168404227834","88.06484191275852","84.37167235839809","70.22722527189259","60.55051615343151","51.853027726892385","30.485477421632968","81.93849039038501","81.03640316332942","76.52732990501747","29.875231013358277","80.85353150740089","36.57372362513713","84.87105197104732","22.301075657162112","64.2164828430794","12.983576991624728","56.76088555023027","53.50307135036718","76.36010394987133","65.37151257427078","86.7629088915363","80.71381329052713","71.85379427289647","35.282084226595316","68.85253984218987","34.26353961094409","46.23495110034679","35.61558128039759","50.81653229251755","36.791721619870366","54.3898763678603","42.67217818743393","88.58414342246292","84.56022544359544","73.08490033191973","48.62785499822537","18","0.004182558210365093","2.9932569715812916","0.22552326506444517","0.10282864442934062","0.7430504617345242","0.10342431099701474","","","","2.9932569715812916","71.25391311652685","","","","","0.5437455823321542","50.19689173729367","[78.16168404227834,65.37151257427078,80.71381329052713,35.282084226595316,34.26353961094409,35.61558128039759,36.791721619870366,42.67217818743393,84.56022544359544,48.62785499822537,84.37167235839809,60.55051615343151,30.485477421632968,81.03640316332942,29.875231013358277,36.57372362513713,22.301075657162112,12.983576991624728,53.50307135036718]",""
"epoch_17","finished","-","","","2025-06-10T09:18:01.000Z","216","","81.31307422172014","77.75587740532707","87.90103773831551","83.96850490696973","70.56488053642883","56.95589301425865","51.11903086510375","31.29001158591761","82.22546038281489","82.18875191923158","75.90524895406105","28.3386750950099","79.17429409401713","35.14991900573435","85.63887299224427","35.777934207815385","63.90406491870447","24.754355075579923","58.33744157865591","54.03210191223417","76.11643441964159","65.9908224453441","86.70218845043009","80.71699374308936","70.18872957633646","34.83685737889359","68.17536187280973","35.62953482404805","46.395597834236646","37.0694639855825","50.07749002063894","37.38559789505306","55.03590439695722","44.90186730116389","88.49847081444922","84.40233076193624","72.80076225658694","49.88082664434424","17","0.0043000109283920515","3.016430944431829","0.2294517898263822","0.10332635416158738","0.7518039246779362","0.10631921421025546","","","","3.016430944431829","71.05654452232383","","","","","0.5404375793334253","51.63296416355439","[77.75587740532707,65.9908224453441,80.71699374308936,34.83685737889359,35.62953482404805,37.0694639855825,37.38559789505306,44.90186730116389,84.40233076193624,49.88082664434424,83.96850490696973,56.95589301425865,31.29001158591761,82.18875191923158,28.3386750950099,35.14991900573435,35.777934207815385,24.754355075579923,54.03210191223417]",""
"epoch_16","finished","-","","","2025-06-10T09:14:26.000Z","215","","81.12669254186926","78.2062356192352","87.77600533786955","84.55102633964911","70.69729019591225","59.5792514683649","51.37958897603132","25.657672576141305","82.24629888115713","81.94006422119669","77.07377465851138","30.716838828400867","80.85454133161227","31.097661938464014","85.52907727503086","30.417495487001407","64.07673366702276","18.55871327148212","59.22801826317319","54.532868046513315","75.48078783878962","62.52584679794184","86.43829878424485","79.84982701239066","69.53989296128911","35.10216505002123","67.74484497886807","33.302541308479924","45.78700725354937","36.94971802761328","49.01166140760049","33.6049071975879","55.12662234519213","40.03199976037621","88.23328986878576","84.6514722720043","71.63070360444573","47.642012131162495","16","0.0044171082107721344","3.0483224200838395","0.23491633808567325","0.10401700835191569","0.7630208847859433","0.11099481934553566","","","","3.0483224200838395","70.99900685110292","","","","","0.5567325376821849","49.94306933442246","[78.2062356192352,62.52584679794184,79.84982701239066,35.10216505002123,33.302541308479924,36.94971802761328,33.6049071975879,40.03199976037621,84.6514722720043,47.642012131162495,84.55102633964911,59.5792514683649,25.657672576141305,81.94006422119669,30.716838828400867,31.097661938464014,30.417495487001407,18.55871327148212,54.532868046513315]",""
"epoch_15","finished","-","","","2025-06-10T09:10:45.000Z","221","","80.89740239467031","78.08938720336192","87.72203741313801","84.75357403741299","70.17841053351084","59.576876295020995","51.523717823014735","24.430966085744966","83.15389160797638","83.41539331865879","76.11465922575053","33.10602634132387","81.38421436065579","39.34160449977673","86.6627364705024","22.49896801248773","63.51453910910577","20.248369532972166","58.65262047949199","53.95398732984445","75.35853903045428","62.57761642442349","86.37008613427311","80.20000319460581","69.20904419357268","34.19219344980405","66.75325054802941","35.43805011474455","45.629061528260216","37.996413132991904","48.770462332461065","35.12102075964369","55.46861427680111","45.57746977840888","88.16002759919706","84.4206862358948","70.9016704688855","46.342587847668305","15","0.004533861543357625","3.0750748446879497","0.23884978563389703","0.10456258979917482","0.7747884531512516","0.11349466879574852","","","","3.0750748446879497","70.86447292261849","","","","","0.5446859735571695","50.593747031304744","[78.08938720336192,62.57761642442349,80.20000319460581,34.19219344980405,35.43805011474455,37.996413132991904,35.12102075964369,45.57746977840888,84.4206862358948,46.342587847668305,84.75357403741299,59.576876295020995,24.430966085744966,83.41539331865879,33.10602634132387,39.34160449977673,22.49896801248773,20.248369532972166,53.95398732984445]",""
"epoch_14","finished","-","","","2025-06-10T09:07:07.000Z","218","","80.91802766194675","78.37144528851574","87.48274349639034","84.71921490661526","69.91534762554562","58.69363811045838","50.867668401442366","24.578278778522325","81.47086490653501","78.95981211616963","75.02968577626078","31.255598259378075","78.49490833602178","35.63052749165283","84.77140255580306","28.734251775254418","62.55516585724339","23.76379317864619","57.82374799427964","54.589763085549336","74.63460747357882","64.35439752317136","86.2481037921719","80.37054494529335","67.90454243778305","33.10366528947573","66.40886483406193","33.1247499388691","45.02157156983532","37.9453450593113","47.40444458468438","37.46198962692475","54.605269437515645","43.73533719165294","87.8931214903625","84.55535550873202","69.86846717893451","46.48182723425442","14","0.004650281723548955","3.1101817861768124","0.24554749121818376","0.10523890456511774","0.7878200971443234","0.11936459784886536","","","","3.1101817861768124","69.96413449528403","","","","","0.5483187338906134","50.5489229109709","[78.37144528851574,64.35439752317136,80.37054494529335,33.10366528947573,33.1247499388691,37.9453450593113,37.46198962692475,43.73533719165294,84.55535550873202,46.48182723425442,84.71921490661526,58.69363811045838,24.578278778522325,78.95981211616963,31.255598259378075,35.63052749165283,28.734251775254418,23.76379317864619,54.589763085549336]",""
"epoch_13","finished","-","","","2025-06-10T09:03:26.000Z","221","","80.33157690935481","78.7512609582262","87.58832492537671","84.10035999356813","69.74063752093363","58.8851053096229","48.23692461821331","30.771710170298455","83.29771411346468","73.38979828140573","74.7651223385695","29.9527884417284","77.421759221954","30.216284510896596","82.85223943409794","18.353598895303115","58.61735721544375","16.520973700351625","58.60055051130612","55.23139052091865","74.67648805562293","64.05608207626078","85.98068792256221","79.88141168137932","66.35577473248118","31.37042657874901","64.85609825973829","31.802815857107507","44.57368083645397","37.19382233201261","46.11017231358549","34.46627681778011","55.73531236281523","43.41889604532794","87.67836322229302","84.18912932720522","68.87308944258616","45.99627019696861","13","0.004766378919526803","3.145079853425499","0.2520180965652903","0.10593729095092712","0.8008531391165639","0.1246736574605221","","","","3.145079853425499","69.27851968193964","","","","","0.5646680741609927","48.870968510269","[78.7512609582262,64.05608207626078,79.88141168137932,31.37042657874901,31.802815857107507,37.19382233201261,34.46627681778011,43.41889604532794,84.18912932720522,45.99627019696861,84.10035999356813,58.8851053096229,30.771710170298455,73.38979828140573,29.9527884417284,30.216284510896596,18.353598895303115,16.520973700351625,55.23139052091865]",""
"epoch_12","finished","-","","","2025-06-10T08:59:46.000Z","220","","79.95108845713752","77.73877356463986","87.27219019041452","84.44620121217739","69.49813414421014","59.52615726837038","48.901082920492115","31.68367057715424","84.96733229235932","82.98917757714513","72.26241633230434","33.40061544966973","71.78035017484709","36.510292437513776","84.04963235503577","32.74341749217628","61.775111760852695","26.382995352836","57.29528322022054","53.63096149269973","74.18394081476461","63.152676532876974","85.84255800036789","80.01093930594607","65.86236343639885","33.99948124968624","64.6677828861828","34.258114349469324","43.48714766110873","36.45600982132297","44.63618061547311","34.28587144372956","53.79152050753918","41.50083531572382","87.49261970196727","84.56382703462228","67.99427777269051","49.7480186779122","12","0.00488216272292538","3.182497627862537","0.2577353827797502","0.10670294058118156","0.815549059337332","0.12979559718368164","","","","3.182497627862537","68.72163227601932","","","","","0.5437198627494766","51.42252821871957","[77.73877356463986,63.152676532876974,80.01093930594607,33.99948124968624,34.258114349469324,36.45600982132297,34.28587144372956,41.50083531572382,84.56382703462228,49.7480186779122,84.44620121217739,59.52615726837038,31.68367057715424,82.98917757714513,33.40061544966973,36.510292437513776,32.74341749217628,26.382995352836,53.63096149269973]",""
"epoch_11","finished","-","","","2025-06-10T08:56:08.000Z","218","","79.64365492146062","78.26307732492003","87.22329406346138","84.03152262079871","69.15666330102583","59.57540846461653","48.74210902990416","25.97226364938525","85.19208588709098","81.51248261650605","71.62210558260348","24.409885262300545","71.05660713459888","18.07586956521739","76.98623412514169","16.74325388978345","59.10844015864613","14.20601693093529","58.32146229508908","54.618009783514765","73.87985309604987","63.02989209193221","85.6238521967123","79.56697952870103","64.22951803943934","33.804526931085604","63.20275457816624","32.33843052303044","42.76733726086336","35.81564964000954","44.26971376079318","29.004367470170425","55.38843633946019","42.2496961133679","87.2399578545987","83.88807653242229","66.57532925758551","47.65750631003425","11","0.004997642195826683","3.220430574799312","0.26422943874397353","0.10745429506397428","0.829950500876849","0.135702382090665","","","","3.220430574799312","67.90681099382584","","","","","0.5588506601170865","47.61910080256482","[78.26307732492003,63.02989209193221,79.56697952870103,33.804526931085604,32.33843052303044,35.81564964000954,29.004367470170425,42.2496961133679,83.88807653242229,47.65750631003425,84.03152262079871,59.57540846461653,25.97226364938525,81.51248261650605,24.409885262300545,18.07586956521739,16.74325388978345,14.20601693093529,54.618009783514765]",""
"epoch_10","finished","-","","","2025-06-10T08:52:27.000Z","221","","79.4895427426785","78.10070335964308","87.12973941167003","83.80330268625995","68.18742341088735","58.91421857593879","46.72988209624802","31.446717331767243","85.15703795237386","80.51004263763375","68.43486535418197","30.577000469062156","68.60396794533249","31.27834396461128","78.96118934478585","22.386580728097265","56.952294056056154","20.294557223345222","58.91558667304896","54.563375941854375","73.2475662003796","63.71382623559773","85.40620998758087","79.70562087201829","62.539852616418145","39.450541580490516","60.47360960893301","32.587465503965454","41.9688737016555","37.05425848247643","42.933608071229706","35.47340638361625","54.659720465220474","44.83817908779808","86.88280676372409","84.40642432742051","64.81863483139207","45.16839999585888","10","0.005112825912817865","3.2655703448157274","0.27369862169254827","0.10829825062333172","0.846879871405718","0.14324599222941253","","","","3.2655703448157274","66.92065322283139","","","","","0.5472197418441316","50.224892915129224","[78.10070335964308,63.71382623559773,79.70562087201829,39.450541580490516,32.587465503965454,37.05425848247643,35.47340638361625,44.83817908779808,84.40642432742051,45.16839999585888,83.80330268625995,58.91421857593879,31.446717331767243,80.51004263763375,30.577000469062156,31.27834396461128,22.386580728097265,20.294557223345222,54.563375941854375]",""
"epoch_9","finished","-","","","2025-06-10T08:48:46.000Z","221","","79.13581922796214","78.20709311365285","86.89237503229988","84.07938457192697","67.2729293702573","58.150791235352585","43.512976457525774","31.133165697000877","85.9308010403355","79.16829436655213","62.572110999524774","27.457696664793456","58.22494731534513","33.811212068375404","76.4614904944413","17.77059595026092","54.55019678982026","20.002603017595757","57.82117066247772","53.39888586849892","72.72604931725411","63.378864983411866","85.04643509983495","79.7471056176403","58.16651567760803","35.50825835667575","58.08144638837069","34.52330514426994","40.68199702367197","35.61596327724246","41.44485539737312","35.10004556089573","54.221969687653136","44.944147313913824","86.6599186643116","84.37774488835265","63.49513692578633","47.12994761033322","9","0.005227721998740838","3.3176321687589163","0.282260081581487","0.10922970902885644","0.8675774586109715","0.1525564910772875","","","","3.3176321687589163","64.88942850378177","","","","","0.5517017786017435","49.65816343719714","[78.20709311365285,63.378864983411866,79.7471056176403,35.50825835667575,34.52330514426994,35.61596327724246,35.10004556089573,44.944147313913824,84.37774488835265,47.12994761033322,84.07938457192697,58.150791235352585,31.133165697000877,79.16829436655213,27.457696664793456,33.811212068375404,17.77059595026092,20.002603017595757,53.39888586849892]",""
"epoch_8","finished","-","","","2025-06-10T08:45:08.000Z","218","","78.70576475785545","77.91970094916465","86.43640416360772","82.81195518067351","66.26562279618165","55.53441660715781","41.78927086714766","30.400084917884666","86.7845741199968","80.76246603018596","55.2421647690897","28.044004235373553","40.09762410499514","29.51709409614953","62.07497712476622","18.199177464134937","53.541294819951446","24.16659955869799","56.07345091894914","52.353680875290856","71.48396108360856","63.1965241512239","84.48744209148764","79.138888010186","52.530596718345514","38.24708905252787","54.00954911746278","30.85795640215791","39.58028018641774","36.42764872807776","38.8678860696908","33.079290949561","52.49112612146587","42.94315015259796","86.03950894874342","84.28195329067469","60.43997307944454","47.89585439439358","8","0.00534233816266959","3.383665133978574","0.29696991027311515","0.11028784804956147","0.8916864623777739","0.1674337293810517","","","","3.383665133978574","61.41797220311621","","","","","0.5658913527777095","49.25144921295337","[77.91970094916465,63.1965241512239,79.138888010186,38.24708905252787,30.85795640215791,36.42764872807776,33.079290949561,42.94315015259796,84.28195329067469,47.89585439439358,82.81195518067351,55.53441660715781,30.400084917884666,80.76246603018596,28.044004235373553,29.51709409614953,18.199177464134937,24.16659955869799,52.353680875290856]",""
"epoch_7","finished","-","","","2025-06-10T08:41:34.000Z","214","","78.44337409473646","77.83166102524291","86.25465114851657","82.93648955791089","65.74674942313855","57.56000631868271","37.35060189896801","23.38755362647244","86.90537346757871","76.55255338578574","47.66666581154264","9.744469432715256","39.38881105195166","11.358790568269969","60.22808124653831","15.391530163803433","51.7293329362427","15.603404247626017","54.779465892718285","53.70477507020799","70.42212737456511","60.81122704629698","84.02983660114582","79.11652450493149","50.78119090698845","33.837948475550206","51.21608387556128","33.097739917692294","38.8729872455054","34.75875676906332","36.41120064547495","28.591882876346865","51.008023794442266","39.70923082958245","85.87154405970385","83.32417619485456","59.74930142060696","48.10011016149819","7","0.0054566817285730375","3.439678631211055","0.30804992600820447","0.1113393829268126","0.9122167880298528","0.1774542121543684","","","","3.439678631211055","59.83449488925925","","","","","0.5912261442866867","45.54835948276493","[77.83166102524291,60.81122704629698,79.11652450493149,33.837948475550206,33.097739917692294,34.75875676906332,28.591882876346865,39.70923082958245,83.32417619485456,48.10011016149819,82.93648955791089,57.56000631868271,23.38755362647244,76.55255338578574,9.744469432715256,11.358790568269969,15.391530163803433,15.603404247626017,53.70477507020799]",""
"epoch_6","finished","-","","","2025-06-10T08:38:03.000Z","211","","77.96891572362924","75.83752121717998","85.62899392622298","83.00986839809843","63.293896606476984","50.56645878181272","33.616982252590525","15.948375241019717","86.93884516973564","83.01523870517876","49.305225411227774","23.27871739357627","37.75130225149598","26.362971261578345","56.270871661176216","10.045749055773944","45.28550953470332","13.619206539003796","53.17394631603442","51.57784706412889","69.07035831880751","60.614659376650295","83.34844974530384","77.84690617248809","44.0011975202004","30.10382516984873","47.44099018035763","27.52575932281193","37.54838990359555","35.76576896970974","33.64618327247435","31.637361329692997","49.379316680394794","41.81801348619748","85.37655099498011","83.95233239858663","57.304776453029824","42.11508027455607","6","0.00557075966305625","3.5183820374139394","0.3233916538817282","0.11267145862447396","0.941776673074897","0.19381951823659985","","","","3.5183820374139394","57.70266852223353","","","","","0.6244397632733076","45.507455797783834","[75.83752121717998,60.614659376650295,77.84690617248809,30.10382516984873,27.52575932281193,35.76576896970974,31.637361329692997,41.81801348619748,83.95233239858663,42.11508027455607,83.00986839809843,50.56645878181272,15.948375241019717,83.01523870517876,23.27871739357627,26.362971261578345,10.045749055773944,13.619206539003796,51.57784706412889]",""
"epoch_5","finished","-","","","2025-06-10T08:34:31.000Z","211","","77.76481224418652","77.3138430447492","84.84942020436264","83.4276217018674","61.293510672547","55.34498693438338","27.45435930928877","17.843168673017377","85.96497775772104","84.17070047902126","33.928760376338396","26.072208963977832","26.45801523334227","12.885026265482177","37.16830576318736","3.738786776237374","39.74810835977044","13.04556946414256","51.38495255224451","50.84303413315182","67.98051122234872","59.755319907472106","82.60324766328438","77.63617436742389","41.89796723610541","34.194514418430174","44.351911615002095","30.835583448249658","35.85695792670266","33.16862123957169","31.51997699256614","20.15317828701842","46.75623574008689","39.62858056301847","84.7116735999111","82.84950275575356","54.85723319952754","47.14732557391596","5","0.005684578600518514","3.6025137924056017","0.3436660831438676","0.11402392550904789","0.9715890739937776","0.2129797724338661","","","","3.6025137924056017","53.50268092992231","","","","","0.6069449259492452","44.73967089457286","[77.3138430447492,59.755319907472106,77.63617436742389,34.194514418430174,30.835583448249658,33.16862123957169,20.15317828701842,39.62858056301847,82.84950275575356,47.14732557391596,83.4276217018674,55.34498693438338,17.843168673017377,84.17070047902126,26.072208963977832,12.885026265482177,3.738786776237374,13.04556946414256,50.84303413315182]",""
"epoch_4","finished","-","","","2025-06-10T08:30:50.000Z","221","","77.40668510696662","76.19509217730247","84.64682768892555","81.53532069483872","58.9629436524119","54.02040949843977","23.15100174376643","20.10891482148933","84.87542436295332","82.24696365893276","26.121134974638665","19.601860869090356","21.67636382359756","22.680459954646704","20.829540031201997","11.12443685901871","26.103218204984177","15.298556157980276","48.371320635595275","49.78744602369862","66.26562445573218","60.43322706005518","81.48610423588181","77.82359640022499","37.31963484997027","28.12241736494324","39.87569059119277","29.16936281036781","34.200423234247765","33.17912777939212","26.082207932014555","20.94988769385267","43.87758479755208","38.17546656405464","84.04934468766945","83.30459172591323","51.14830364359951","43.06188309109091","4","0.005798144866020802","3.7101823437304895","0.3718546902234773","0.11589510084791038","1.0074057987400593","0.2361326377326978","","","","3.7101823437304895","49.28680940278431","","","","","0.6292971806254929","44.56942216870171","[76.19509217730247,60.43322706005518,77.82359640022499,28.12241736494324,29.16936281036781,33.17912777939212,20.94988769385267,38.17546656405464,83.30459172591323,43.06188309109091,81.53532069483872,54.02040949843977,20.10891482148933,82.24696365893276,19.601860869090356,22.680459954646704,11.12443685901871,15.298556157980276,49.78744602369862]",""
"epoch_3","finished","-","","","2025-06-10T08:27:18.000Z","212","","76.71749547178909","76.43785297624083","82.94314338588829","74.59383233320983","54.35674089453022","53.04394783457298","15.71981142558785","9.664140896989554","83.4271425954521","81.93516101286346","16.76861761641122","15.62435556902924","17.84952217109832","14.171745510329991","9.473170213566824","6.3198603810998355","13.659112278179766","3.73730782281851","43.80743740152911","48.6680140279922","63.22285325970171","62.72885559789573","79.77326948284549","76.00323713513541","28.871018322469222","28.072398768882984","31.61867516037562","28.628660588582132","31.780470123858834","31.04275802525728","17.86463005049468","15.534136833446585","38.7914944399011","37.79265896807237","83.09295671748083","80.600589767026","48.47300308328393","38.17560220175215","3","0.005911464496116451","3.87641775562563","0.41689186398195854","0.11846679786063788","1.064816913986934","0.2755081238409945","","","","3.87641775562563","44.11634547865496","","","","","0.6625115282521277","41.19869032901037","[76.43785297624083,62.72885559789573,76.00323713513541,28.072398768882984,28.628660588582132,31.04275802525728,15.534136833446585,37.79265896807237,80.600589767026,38.17560220175215,74.59383233320983,53.04394783457298,9.664140896989554,81.93516101286346,15.62435556902924,14.171745510329991,6.3198603810998355,3.73730782281851,48.6680140279922]",""
"epoch_2","finished","-","","","2025-06-10T08:23:44.000Z","214","","75.83255096026991","76.10670411808336","81.1733119840389","78.13761110156491","45.48299963924602","47.19223597894426","4.375302709345597","12.424962776061696","79.81527500760507","79.77415014839713","5.861124448047604","0.7052892388873186","8.794668485993128","7.673585369194344","0.21179957603143007","10.898733054230684","4.000488689243818","0.8191645675902599","32.84000303799634","44.21059048051348","58.02366249962659","58.53989148609515","77.48329920938123","75.96153807535212","19.437447950241303","25.742685064738453","24.646621515473115","25.13103851910935","27.957244075778863","30.261237020228513","3.9220942169499255","9.537483609476345","31.075151076056713","30.48438706710871","81.32499648335354","81.10568840730417","44.46921211278846","42.41427131388334","2","0.006024543257865944","4.124102770827199","0.483180662460682","0.12242743697102744","1.1474085574159183","0.3348732081647138","","","","4.124102770827199","37.19617124618251","","","","","0.7198151812225044","38.795855126145455","[76.10670411808336,58.53989148609515,75.96153807535212,25.742685064738453,25.13103851910935,30.261237020228513,9.537483609476345,30.48438706710871,81.10568840730417,42.41427131388334,78.13761110156491,47.19223597894426,12.424962776061696,79.77415014839713,0.7052892388873186,7.673585369194344,10.898733054230684,0.8191645675902599,44.21059048051348]",""
"epoch_1","finished","-","","","2025-06-10T08:19:53.000Z","231","","71.42964669605858","74.6720983926946","72.53964013065655","79.10889709004474","22.917419388825937","39.92190163072373","0.1141050611785518","3.22240170343992","65.06748629780864","74.26120972342922","0.13894604196719135","0.0004347133065743142","0.0007001173396661281","0.03703770213606529","0","0","0.06761981671831434","0.09804190058879908","8.652847477186887","33.34211449046156","42.36820710540236","50.33304930717186","68.28503087210838","74.12291954131935","5.769275542033675","9.58668485651224","8.503779311380349","14.280424778825948","16.34940031090439","25.921276896992985","0.07449355175183736","0.3952586548015792","10.615005255446825","21.79600750999099","70.3530578845758","79.3689837618913","26.734155316585916","37.29974729261753","1","0.006137386666228596","5.35006914475492","0.7806142475882559","0.15141597176894886","1.4299971462433574","0.5795068614298605","","","","5.35006914475492","27.22115645432944","","","","","0.8278324819967419","34.32047166371939","[74.6720983926946,50.33304930717186,74.12291954131935,9.58668485651224,14.280424778825948,25.921276896992985,0.3952586548015792,21.79600750999099,79.3689837618913,37.29974729261753,79.10889709004474,39.92190163072373,3.22240170343992,74.26120972342922,0.0004347133065743142,0.03703770213606529,0,0.09804190058879908,33.34211449046156]",""