"Name","State","Notes","User","Tags","Created","Runtime","Sweep","class_0_train","class_0_val","class_10_train","class_10_val","class_11_train","class_11_val","class_12_train","class_12_val","class_13_train","class_13_val","class_14_train","class_14_val","class_15_train","class_15_val","class_16_train","class_16_val","class_17_train","class_17_val","class_18_train","class_18_val","class_1_train","class_1_val","class_2_train","class_2_val","class_3_train","class_3_val","class_4_train","class_4_val","class_5_train","class_5_val","class_6_train","class_6_val","class_7_train","class_7_val","class_8_train","class_8_val","class_9_train","class_9_val","epoch","lr","mean_loss","mean_loss_aux","mean_loss_bce","mean_loss_main","train_flops","train_fps","train_latency","train_loss","train_mIoU","train_params","val_flops","val_fps","val_latency","val_loss","val_mIoU","val_mIoU_per_class","val_params"
"epoch_50","finished","-","","","2025-06-07T07:56:31.000Z","326","","84.19768278650682","81.176402967983","89.47631328245271","85.04664337903512","76.61120120550306","61.280706035564805","65.26502717616445","30.099905041357385","92.94915464523176","86.44441267473648","75.55452925206646","32.084526336372775","90.50814202328542","37.286897789034875","65.77866116114346","20.86327417531479","81.34704958914274","28.693854851352462","73.82716100618453","57.938456152634345","81.43104508350679","66.88176499715736","88.98951020344454","81.13711906911412","84.0733774623925","35.590790723119035","81.35575953677862","35.705736141440944","57.06436910459025","38.910958557922875","66.68877615399302","36.53354481117844","60.17298379524705","42.9170557722174","86.61775007878103","81.27049245512504","80.0485927736435","47.1874906769295","50","0","2.356189167833207","0.111706501550726","0.08821251389331186","0.044202974867123074","46.330886144","36.78958306146176","28.761223316192627","2.356189167833207","77.99774138526624","28763111","46.330886144","36.11364306667253","27.697803497314453","0.5773650314807892","51.950001716188986","[81.176402967983,66.88176499715736,81.13711906911412,35.590790723119035,35.705736141440944,38.910958557922875,36.53354481117844,42.9170557722174,81.27049245512504,47.1874906769295,85.04664337903512,61.280706035564805,30.099905041357385,86.44441267473648,32.084526336372775,37.286897789034875,20.86327417531479,28.693854851352462,57.938456152634345]","28763111"
"epoch_49","finished","-","","","2025-06-07T07:52:03.000Z","268","","84.12089355693794","81.3315505342993","89.48216780151824","85.18579817275605","76.756256698466","61.065435899967305","65.09663377808195","28.930385264942043","92.94312079117128","86.20829520094847","76.34412039107016","31.604986888589423","90.92738950215508","36.988948639946514","65.98936871978471","22.291925891612635","80.87036490383522","28.821165210579185","73.73609394953871","57.86596868140374","81.57246069885493","66.83996298788225","89.02599878929261","81.1878624692827","83.78706175676423","35.453869425689184","81.18306509906662","35.22713251997707","57.10871988628834","38.84455727810228","67.14188915568435","36.484014302079345","59.57164626582227","43.84162731188167","86.59388842657712","80.87196490514114","80.07775785832642","46.4299953191051","49","0.00018484470457853937","2.3601331434783743","0.11195570228588186","0.0882972030504666","0.04442285106970002","","","","2.3601331434783743","78.0173104225914","","","","","0.58018190574646","51.86712878443082","[81.3315505342993,66.83996298788225,81.1878624692827,35.453869425689184,35.22713251997707,38.84455727810228,36.484014302079345,43.84162731188167,80.87196490514114,46.4299953191051,85.18579817275605,61.065435899967305,28.930385264942043,86.20829520094847,31.604986888589423,36.988948639946514,22.291925891612635,28.821165210579185,57.86596868140374]",""
"epoch_48","finished","-","","","2025-06-07T07:47:33.000Z","269","","84.08868988433571","81.27009123837563","89.48788519010992","85.30264521107725","76.80360045449343","60.38246776093412","64.94909832040146","29.934838248374845","93.06263880540264","86.52132875017477","76.50821477755913","34.99155773390287","90.54664580656376","38.34602870251299","64.77524203851446","20.4142752666974","81.02690204577979","28.567182694544226","73.45086673167694","57.57919267902787","81.41827350776659","67.01849179293458","89.0021013462326","80.85818624673303","83.62735033232312","36.245976841818035","81.08459903374717","35.43388206448903","57.10070234836542","39.32519822369536","66.96742627319009","37.33913724597098","59.76243398280337","43.01892745410916","86.6855358151695","81.4071416495055","80.09775333944292","46.18287090096253","48","0.000344932415365304","2.363075738038119","0.11228586464134488","0.08834926031397196","0.04457608032639851","","","","2.363075738038119","77.91820842283569","","","","","0.5753089635372162","52.112601089781066","[81.27009123837563,67.01849179293458,80.85818624673303,36.245976841818035,35.43388206448903,39.32519822369536,37.33913724597098,43.01892745410916,81.4071416495055,46.18287090096253,85.30264521107725,60.38246776093412,29.934838248374845,86.52132875017477,34.99155773390287,38.34602870251299,20.4142752666974,28.567182694544226,57.57919267902787]",""
"epoch_47","finished","-","","","2025-06-07T07:43:05.000Z","268","","84.1211605561845","81.24968816145879","89.57677303725286","85.11840163999676","76.88115988204154","61.26103223568473","64.35435308581192","29.75923909997138","93.02600518372032","86.31916559650203","76.31745867124201","32.593358239372705","91.23230035230225","36.80039307523945","64.50278798830642","22.46694465980763","80.74491146841444","28.4680795395081","73.07158338263602","57.566866192368714","81.63441433108109","66.99434679220253","88.89226695368222","81.44242224967613","83.92736201377659","34.955852696782856","81.02152327980824","35.23454638108337","57.528775843994","39.56722930268817","66.7682134484624","36.74002191377962","60.10207487522331","44.5822478469473","86.38055081365346","80.39697459049758","79.84181338567127","47.12653913063956","47","0.0004968395304717264","2.3689229000009044","0.11314979832590992","0.08846142188510822","0.04509141504688724","","","","2.3689229000009044","77.89081518701394","","","","","0.5780418615341186","52.0338604918004","[81.24968816145879,66.99434679220253,81.44242224967613,34.955852696782856,35.23454638108337,39.56722930268817,36.74002191377962,44.5822478469473,80.39697459049758,47.12653913063956,85.11840163999676,61.26103223568473,29.75923909997138,86.31916559650203,32.593358239372705,36.80039307523945,22.46694465980763,28.4680795395081,57.566866192368714]",""
"epoch_46","finished","-","","","2025-06-07T07:38:19.000Z","286","","84.03029226853253","81.44324244840212","89.5408287384103","85.28000150824604","77.03847853566946","60.91623913654307","64.42703452466951","29.489102992835747","93.00555594723868","86.21127165429724","76.29800900901917","34.13159192103994","90.47587975497632","36.67052072173369","63.14804336047267","21.828945639068092","80.16127623949006","26.996955314766712","73.23669041602614","57.8308242028712","81.55158990597592","67.06791027615044","88.86905854097417","81.28693050308313","83.62918238228495","35.70684224393198","81.02331791201166","35.99343693430663","57.01235712673197","39.85795508814969","66.88535166698614","37.55040139959315","59.98822073430462","45.11587182720419","86.71222515538601","80.17529167107318","79.41233072635121","46.836103517804275","46","0.0006436666467726117","2.373870463468343","0.11372107299608736","0.08855584121614922","0.04543513347307083","","","","2.373870463468343","77.70766962871113","","","","","0.5723787333965301","52.125759947426346","[81.44324244840212,67.06791027615044,81.28693050308313,35.70684224393198,35.99343693430663,39.85795508814969,37.55040139959315,45.11587182720419,80.17529167107318,46.836103517804275,85.28000150824604,60.91623913654307,29.489102992835747,86.21127165429724,34.13159192103994,36.67052072173369,21.828945639068092,26.996955314766712,57.8308242028712]",""
"epoch_45","finished","-","","","2025-06-06T21:30:20.000Z","252","","83.89765597839039","80.99095703485366","89.51271028523303","85.37230465876485","76.57582785023165","61.55879539998597","64.79132827019039","30.147412895910023","93.04639368928048","86.15780841699082","76.76320117630117","34.38394684161232","90.14735463097982","35.77614489092358","65.25911557715098","22.109841934407328","80.00436062805385","29.490091872317585","73.50512362920966","57.84630073450212","81.29397336121312","66.64845566197438","88.90179468661769","80.979006563439","83.48958201244695","36.42012398813222","81.35809480193385","35.81882033572675","56.75856783646877","39.35602127206637","65.99781844176488","37.61873051585072","61.29030037594544","43.97006407347862","86.77983920273765","81.89530492757953","79.4433760685074","46.903296590826194","45","0.0007868283823713545","2.3816984224562123","0.11461555461088815","0.0887118749149883","0.04604115061765257","","","","2.3816984224562123","77.83244307908721","","","","","0.5727709701061249","52.286496242596954","[80.99095703485366,66.64845566197438,80.979006563439,36.42012398813222,35.81882033572675,39.35602127206637,37.61873051585072,43.97006407347862,81.89530492757953,46.903296590826194,85.37230465876485,61.55879539998597,30.147412895910023,86.15780841699082,34.38394684161232,35.77614489092358,22.109841934407328,29.490091872317585,57.84630073450212]",""
"epoch_44","finished","-","","","2025-06-06T21:26:07.000Z","252","","83.84776555908283","81.4325327980978","89.46596461603478","85.27485735807635","76.83749022933507","59.61213496595328","64.36645119751826","28.415299729800815","93.01182059728534","85.4796814802962","77.40117843865461","31.027362359344295","90.72758162010776","37.66341582129586","64.63154305675481","20.407890962219714","79.84690554080073","27.694010587196495","73.32041758867332","57.610850204900125","81.19538822982474","66.71801129933635","88.89581783972498","80.87405130310633","82.18848483519243","37.62023132787052","81.02056602066816","35.91131861628262","56.17403133804131","38.06899684304393","66.35384695140351","35.02458606421606","60.90004593669088","42.98874416095039","86.9377255184434","82.05193140904376","79.20013926643293","46.841159221710534","44","0.0009271353468595546","2.3888219555522348","0.11598333203572656","0.08886237561930227","0.046611355679256616","","","","2.3888219555522348","77.70121917792999","","","","","0.5689997789859772","51.61668771119693","[81.4325327980978,66.71801129933635,80.87405130310633,37.62023132787052,35.91131861628262,38.06899684304393,35.02458606421606,42.98874416095039,82.05193140904376,46.841159221710534,85.27485735807635,59.61213496595328,28.415299729800815,85.4796814802962,31.027362359344295,37.66341582129586,20.407890962219714,27.694010587196495,57.610850204900125]",""
"epoch_43","finished","-","","","2025-06-06T21:21:53.000Z","253","","83.81006572220406","81.08509295590831","89.46658980928474","85.14881172924522","76.94343429500296","61.38019842547339","64.63939988811772","29.311600324769017","92.85636080829936","86.59822843329063","76.84041804077796","32.85520150217375","90.11516091785558","38.72988390280949","64.87495712786473","20.498104576547572","80.45874058096922","28.487052331977143","72.98157573766379","58.03266004712613","81.09263204947753","66.40836993127311","89.04898744283749","81.23598053479087","83.49462780617135","35.782233042233706","80.41046183877367","35.55095847059739","57.115793236188935","39.88106077384322","66.5497310770388","36.21019841059133","59.52740109384021","43.36561085124532","86.7171519784932","81.40694593678303","79.55712762804966","46.68395706234891","43","0.0010651119308332296","2.394026885505851","0.11594937159739074","0.08899369883249128","0.04684202167805066","","","","2.394026885505851","77.71055879362692","","","","","0.5640536720752716","52.03432364436986","[81.08509295590831,66.40836993127311,81.23598053479087,35.782233042233706,35.55095847059739,39.88106077384322,36.21019841059133,43.36561085124532,81.40694593678303,46.68395706234891,85.14881172924522,61.38019842547339,29.311600324769017,86.59822843329063,32.85520150217375,38.72988390280949,20.498104576547572,28.487052331977143,58.03266004712613]",""
"epoch_42","finished","-","","","2025-06-06T21:17:41.000Z","252","","83.79119281567357","80.48173777022501","89.41412052190533","85.3899209626385","76.667559225752","61.996180760422014","64.0091134406513","31.45483544830649","92.96100948997652","86.6768868308036","79.14328913991527","36.054191147714725","90.18232103539016","38.15951779909852","68.1812699531176","22.66437910984371","80.13945105309233","27.579920934240317","73.03459660528951","57.84450810331146","81.04432498425712","66.8633054589136","89.03977087179646","80.73229258250053","83.1930516085962","37.26333631900078","80.48696901341008","36.42650264370291","56.07394142147829","39.67395170749415","66.51798383116193","38.0246602566794","60.514142954674895","45.72578227519069","86.54082301268731","82.75616924579636","79.36104994313611","46.76491114039905","42","0.0012011244339814315","2.4021846019584716","0.11678268017280496","0.08914843932476663","0.047441052434060715","","","","2.4021846019584716","77.91031478536642","","","","","0.5685367572307587","52.764894236646406","[80.48173777022501,66.8633054589136,80.73229258250053,37.26333631900078,36.42650264370291,39.67395170749415,38.0246602566794,45.72578227519069,82.75616924579636,46.76491114039905,85.3899209626385,61.996180760422014,31.45483544830649,86.6768868308036,36.054191147714725,38.15951779909852,22.66437910984371,27.579920934240317,57.84450810331146]",""
"epoch_41","finished","-","","","2025-06-06T21:13:27.000Z","254","","83.51481579721921","81.3697707258547","89.49852360222127","85.19202265947902","76.76473350170284","60.858302428275245","64.663493899796","31.053384211392594","92.93494923413284","86.12075647780591","77.37158491237801","32.357633349517926","89.87746993913692","35.39261196538774","65.97071637955267","19.60187177348028","79.31331587612956","29.60856775293143","73.6529534410067","58.040087433419416","81.36696843788567","66.287854203009","88.9367705929964","81.11732929011946","83.24062685721856","35.73021389048297","80.68770208465897","36.42338516723875","56.97997994575446","37.98594503775322","66.60259022138311","36.439868396880264","60.51499859267946","41.69493119127415","86.98690495743557","82.02866993396795","79.22164731999244","46.027053691397384","41","0.0013354427415283657","2.409330591900658","0.1172502084656526","0.08931324752308334","0.047880689412090005","","","","2.409330591900658","77.79477608385687","","","","","0.5597678971290588","51.75422418840355","[81.3697707258547,66.287854203009,81.11732929011946,35.73021389048297,36.42338516723875,37.98594503775322,36.439868396880264,41.69493119127415,82.02866993396795,46.027053691397384,85.19202265947902,60.858302428275245,31.053384211392594,86.12075647780591,32.357633349517926,35.39261196538774,19.60187177348028,29.60856775293143,58.040087433419416]",""
"epoch_40","finished","-","","","2025-06-06T21:09:14.000Z","253","","83.33629116743879","81.05511420733376","89.55311703011066","85.36907422325159","76.49197654270648","61.110209584201925","65.12128661839168","30.788618504549405","92.85698729893154","86.3065436589625","77.33912580414145","38.43885826354288","90.26309318908288","38.95541123864184","66.06210074963046","22.486997288157895","79.24279666452854","27.72008486797393","73.14101710063383","58.19417307251916","81.22122332989217","67.12514685774916","89.0394301862546","81.44497747856721","83.16570535508855","35.70586490863882","80.41563423722015","35.566727830252574","56.27606381087224","39.400613556259984","65.42794616377576","36.172688336670895","61.020638904209335","44.19054872377351","87.24470129973984","81.21091117334704","79.44053170037664","46.2560304233842","40","0.0014682736788600235","2.417572093677278","0.11829114113827698","0.08950188773051473","0.04855357122823179","","","","2.417572093677278","77.71892985015924","","","","","0.5585595741271973","52.49992601040939","[81.05511420733376,67.12514685774916,81.44497747856721,35.70586490863882,35.566727830252574,39.400613556259984,36.172688336670895,44.19054872377351,81.21091117334704,46.2560304233842,85.36907422325159,61.110209584201925,30.788618504549405,86.3065436589625,38.43885826354288,38.95541123864184,22.486997288157895,27.72008486797393,58.19417307251916]",""
"epoch_39","finished","-","","","2025-06-06T21:05:01.000Z","253","","83.37955418164853","80.9362930865171","89.44110731115725","85.27710123584038","76.72844281621448","62.08553098051005","64.7998975124555","31.99348383171855","92.93309445048126","86.06219004478167","78.65660528852551","30.751846576136423","89.37356242156643","35.390056016401736","62.33629139015223","25.439929753405178","79.60819536875759","25.800313258743635","72.56045277779577","58.36908778527338","81.22088452129384","65.9201759189358","88.88535164278466","81.191233684827","82.52219707376005","35.73506920405388","79.78033373683557","36.322900898506646","56.77259435504932","40.04047330366967","65.77090056028484","38.998943498288455","62.90527536240573","46.03749381648121","87.03037335382322","81.47784194157501","79.16588348435383","46.83568537960993","39","0.0015997806152591378","2.427816646699687","0.1202134149428694","0.08971787208060879","0.04931307168862291","","","","2.427816646699687","77.57215776891292","","","","","0.5537275805473327","52.35082369554082","[80.9362930865171,65.9201759189358,81.191233684827,35.73506920405388,36.322900898506646,40.04047330366967,38.998943498288455,46.03749381648121,81.47784194157501,46.83568537960993,85.27710123584038,62.08553098051005,31.99348383171855,86.06219004478167,30.751846576136423,35.390056016401736,25.439929753405178,25.800313258743635,58.36908778527338]",""
"epoch_38","finished","-","","","2025-06-06T21:00:48.000Z","253","","83.44012312636737","80.48923913026708","89.48243011831468","85.39201581050442","76.66658587340909","61.77483552258053","65.054088401794","32.227312367520405","92.9774813790082","86.77821604797253","78.28081733223806","34.604946223754645","90.12894388646052","38.732599583062466","63.89147283668659","20.523200086283826","78.69624999489989","28.183881420669618","72.80512028249835","57.674315389718835","81.0271734739743","66.77765986075532","88.84278979530342","80.86772215091534","82.38011399386401","35.897618377204246","79.88065908004917","36.31588289021999","56.5633447358154","39.549855383156135","65.49967880149933","37.74279306655861","61.84008701693011","47.204859799129025","86.82663149970821","82.78946200105827","78.38790951027602","46.4288558791658","38","0.001730095732479772","2.4369288655637784","0.12053778960959602","0.08992590569433669","0.05000060719956879","","","","2.4369288655637784","77.50903690205772","","","","","0.5536463408470154","52.629224788973545","[80.48923913026708,66.77765986075532,80.86772215091534,35.897618377204246,36.31588289021999,39.549855383156135,37.74279306655861,47.204859799129025,82.78946200105827,46.4288558791658,85.39201581050442,61.77483552258053,32.227312367520405,86.77821604797253,34.604946223754645,38.732599583062466,20.523200086283826,28.183881420669618,57.674315389718835]",""
"epoch_37","finished","-","","","2025-06-06T20:56:35.000Z","253","","83.24019936099816","81.03121235689704","89.58858737787979","85.1443559585228","76.55169663620387","60.89762984883503","66.04843417737217","32.60424021925152","92.9255531040682","86.03639327122448","79.63221939702143","32.46916299559471","89.36565822954451","36.966204784420654","67.79487982557316","22.300795805413376","78.49072072590387","29.42552001926223","72.70380130531305","57.86330373781995","81.24865026518478","66.83962392479962","89.02318296337577","81.20529293486919","82.0407769652333","36.60995905071599","80.56294211033814","36.56433938448016","56.66455810511848","39.347411208492666","66.03832283667204","38.132729660679615","62.17131888845467","46.443270301581954","86.42117710199416","81.6112059793311","79.02943352705401","45.0170055105899","37","0.0018593280900972829","2.446481924323938","0.12214519515747332","0.0901479809604225","0.05068017762751525","","","","2.446481924323938","77.8706375212265","","","","","0.5507424168586731","52.44787668172537","[81.03121235689704,66.83962392479962,81.20529293486919,36.60995905071599,36.56433938448016,39.347411208492666,38.132729660679615,46.443270301581954,81.6112059793311,45.0170055105899,85.1443559585228,60.89762984883503,32.60424021925152,86.03639327122448,32.46916299559471,36.966204784420654,22.300795805413376,29.42552001926223,57.86330373781995]",""
"epoch_36","finished","-","","","2025-06-06T20:52:23.000Z","252","","83.18309333256185","80.78939003529355","89.44388174596729","85.27511149971306","76.48093188068873","61.57967946839927","66.04459475186725","33.59714477183342","92.97164174870412","86.43517599255868","79.91632396392224","33.272774937454756","88.84263121476941","38.751903823470926","63.776569699964256","20.38243851416383","78.45365667448888","30.810065720919916","72.75597957139354","57.73006569875532","80.64618789970272","67.51019769585076","88.87156667742244","80.97446233823332","82.60691097769275","36.63533942435905","79.82092281741731","36.96860650404786","56.18204443313056","39.54612862918216","65.11504209801335","37.12691276951806","61.42299587655962","43.02197755771115","87.11029934188694","82.35613060164832","79.15193536584013","46.8350468275715","36","0.001987569142293747","2.456948964953726","0.12324676260769216","0.09039014657490126","0.051440931084084755","","","","2.456948964953726","77.51564263536807","","","","","0.5511219594478607","52.610450147930784","[80.78939003529355,67.51019769585076,80.97446233823332,36.63533942435905,36.96860650404786,39.54612862918216,37.12691276951806,43.02197755771115,82.35613060164832,46.8350468275715,85.27511149971306,61.57967946839927,33.59714477183342,86.43517599255868,33.272774937454756,38.751903823470926,20.38243851416383,30.810065720919916,57.73006569875532]",""
"epoch_35","finished","-","","","2025-06-06T20:48:11.000Z","252","","83.14601050037713","80.59938090785212","89.444493355043","85.59479218564167","76.82823866653511","61.406760319029665","65.26771454609437","29.54810436694992","92.7424577602259","86.74968267804945","78.95938914102565","35.226259867738676","90.66090735350116","36.41879502153411","61.0945003736928","27.008083037551817","78.76854663197052","27.455143540669845","72.69193229996786","58.37124588457754","81.04281653840685","66.82635505968932","88.91613253751244","81.07500096004735","82.93031782235202","36.043886050569434","79.69522123313058","36.84406937259174","56.30468280103338","39.44956808799339","66.20894220402074","35.23380906760374","60.68021025744868","45.62824594932754","86.87962325468132","81.61634327966419","78.52651414593272","47.27138013032523","35","0.0021148966368853116","2.466681776459284","0.12487986551137978","0.09062878868089984","0.05211864720849894","","","","2.466681776459284","77.40992902226066","","","","","0.5530603561401367","52.5456266193372","[80.59938090785212,66.82635505968932,81.07500096004735,36.043886050569434,36.84406937259174,39.44956808799339,35.23380906760374,45.62824594932754,81.61634327966419,47.27138013032523,85.59479218564167,61.406760319029665,29.54810436694992,86.74968267804945,35.226259867738676,36.41879502153411,27.008083037551817,27.455143540669845,58.37124588457754]",""
"epoch_34","finished","-","","","2025-06-06T20:43:59.000Z","252","","82.84100954024449","80.75661939227359","89.4886517085002","85.20927893734232","76.97523447407404","62.52376571603803","63.73564962154349","35.25210608139559","92.84913857281272","86.30706882351208","79.51819066401191","32.20451098176003","89.9446082252425","36.56273858494122","66.4269630122089","22.70226717048232","78.83858287993374","27.0457821870015","72.15847750905901","58.03036304846481","80.69952182519289","65.80386868409505","88.96181798974922","80.6180421717496","81.95030666206488","36.57573449381883","78.7762649422463","37.21736808775445","56.93058137693923","39.71660985200272","65.84648994850431","37.61371648109862","61.84387641514848","47.274021649041195","87.23002258423645","82.83283131369986","78.23250271904978","45.84477232312851","34","0.0022413774476912982","2.4773909805991874","0.12601688286199522","0.0908741111139608","0.052993241702289376","","","","2.4773909805991874","77.53936266688224","","","","","0.53765784573555","52.63639294629474","[80.75661939227359,65.80386868409505,80.6180421717496,36.57573449381883,37.21736808775445,39.71660985200272,37.61371648109862,47.274021649041195,82.83283131369986,45.84477232312851,85.20927893734232,62.52376571603803,35.25210608139559,86.30706882351208,32.20451098176003,36.56273858494122,22.70226717048232,27.0457821870015,58.03036304846481]",""
"epoch_33","finished","-","","","2025-06-06T20:39:47.000Z","251","","82.80766727698865","79.74050002849509","89.41332934315392","85.35165404417032","76.85629912940092","62.3519224435534","62.45012775121628","28.010074937811915","92.84832423831428","86.40815889457876","79.80495346454425","34.32784786919468","90.31087666805324","39.84619241969161","63.94504962833727","19.08420061348021","78.83654955713973","23.1034872420729","71.7603612181013","57.97688111126643","80.94666038695364","67.38564748373996","88.88380825834537","80.98892278745492","81.87230495477877","37.26679317651232","78.81449348611721","36.94281032740863","57.43034726188241","41.11844722616886","64.42011684158359","38.214507979705274","61.968690185454","45.71829107680133","87.11091879897407","83.98249259966693","78.26534670600995","47.45323749344925","33","0.0023670696807283707","2.4871325774957205","0.12745005025056785","0.09113031377394994","0.05363631816272821","","","","2.4871325774957205","77.3024329029131","","","","","0.5376051013469696","52.38274051343277","[79.74050002849509,67.38564748373996,80.98892278745492,37.26679317651232,36.94281032740863,41.11844722616886,38.214507979705274,45.71829107680133,83.98249259966693,47.45323749344925,85.35165404417032,62.3519224435534,28.010074937811915,86.40815889457876,34.32784786919468,39.84619241969161,19.08420061348021,23.1034872420729,57.97688111126643]",""
"epoch_32","finished","-","","","2025-06-06T20:35:31.000Z","255","","82.48128028733143","79.5747236553671","89.37089100351766","85.6152163332318","77.15171579242825","62.82167549919162","63.29185360970002","30.13809769868676","92.8363053622128","86.76083245325815","78.05913963828802","36.266036402961774","89.51784375058801","39.64072537571925","61.23010943057616","25.12490431547496","77.69026687837021","24.260786348025174","71.87703461313123","57.40799531898262","81.19293401762762","67.09564068313773","89.0222192649161","81.45817786853125","82.32841497362674","36.26337146495605","78.95023237804457","36.5632038934438","57.51556495747453","41.15255478857151","64.34367267461712","37.709521140437616","63.59853636360503","46.172448061218766","87.224494451886","83.26815982940926","79.0962444828756","47.833475946909374","32","0.0024920242723086524","2.499302219191883","0.12853311897082487","0.0914251872790982","0.05455662387852147","","","","2.499302219191883","77.19888178583248","","","","","0.539328620672226","52.90144984618498","[79.5747236553671,67.09564068313773,81.45817786853125,36.26337146495605,36.5632038934438,41.15255478857151,37.709521140437616,46.172448061218766,83.26815982940926,47.833475946909374,85.6152163332318,62.82167549919162,30.13809769868676,86.76083245325815,36.266036402961774,39.64072537571925,25.12490431547496,24.260786348025174,57.40799531898262]",""
"epoch_31","finished","-","","","2025-06-06T20:31:15.000Z","256","","82.45217163378975","80.02406067325923","89.33769144478","85.37025660044289","77.40594051279449","63.78910323045258","64.66025785216102","31.46675008938147","92.87672443636174","86.79402111425193","78.84013199355856","35.39699471902861","89.1427891365254","37.769985596452514","63.73805497508177","16.385263386239558","77.55667153559239","28.47316749472537","72.0653321903535","57.85689979470573","80.8117540652432","67.02931305045747","89.18694979156106","81.34321959366602","81.73604206862633","36.86308172049553","79.0371812671015","36.09807999599076","57.8063190737011","41.05125902282599","65.96605387040583","38.15283015527345","61.71568550669833","45.06256729151749","86.8159696014805","83.01007507484182","78.2198845475982","46.702168323348495","31","0.002616286223107676","2.5122272610361036","0.1308583250937571","0.09171053951099022","0.055656771149495785","","","","2.5122272610361036","77.33534765807444","","","","","0.5392307188510895","52.55995246986089","[80.02406067325923,67.02931305045747,81.34321959366602,36.86308172049553,36.09807999599076,41.05125902282599,38.15283015527345,45.06256729151749,83.01007507484182,46.702168323348495,85.37025660044289,63.78910323045258,31.46675008938147,86.79402111425193,35.39699471902861,37.769985596452514,16.385263386239558,28.47316749472537,57.85689979470573]",""
"epoch_30","finished","-","","","2025-06-06T20:26:59.000Z","255","","82.35019604323362","79.40189602386862","89.3715463875608","85.36168243567148","77.11958014939869","62.602010523052286","64.5510207004365","29.827978414279777","92.8305873031766","86.33784111815247","79.93154623498316","33.73647324584776","89.2415402984221","36.678057215142445","61.45694110177915","18.77879135199635","77.15199519486143","28.049750138811756","71.80189605917809","58.42582461658093","81.0089257088887","67.42215547037308","89.1023954940703","81.3873020838559","81.7642725849998","36.13596630903364","78.15565768917045","37.07529616234435","57.949488447517126","39.99123813772123","64.81826527674414","38.69166176372688","62.54573328104692","46.25159846184505","86.9595226066714","84.02005639064019","77.65907285297253","47.33965965092637","30","0.0027398955659630434","2.523913065592448","0.13264473313442016","0.0920326501586055","0.05641597549196418","","","","2.523913065592448","77.14579912711115","","","","","0.5339319050312042","52.5008020796774","[79.40189602386862,67.42215547037308,81.3873020838559,36.13596630903364,37.07529616234435,39.99123813772123,38.69166176372688,46.25159846184505,84.02005639064019,47.33965965092637,85.36168243567148,62.602010523052286,29.827978414279777,86.33784111815247,33.73647324584776,36.678057215142445,18.77879135199635,28.049750138811756,58.42582461658093]",""
"epoch_29","finished","-","","","2025-06-06T20:22:44.000Z","255","","81.91558430297842","79.77153482174374","89.30619437493054","85.21420459774367","76.74105388066896","63.97172526299101","65.87185531781317","34.761414065207454","92.80328651015562","86.7218591883286","77.97570525844179","38.08342273046824","89.31393610472493","43.78207833401564","67.38749791321295","28.244810842537746","76.72974829677565","25.119127153026948","71.40976621774648","58.720318591157714","80.72546804743233","67.45265473318437","89.1090454353642","82.00668376922943","81.80582787877022","36.40126061375775","78.96515305380328","36.409698254573655","58.20377111256542","41.11163956644412","64.650037776387","37.792499297410025","65.15496031793052","47.38466587695362","87.51008339849115","81.49252929180135","78.38008690368208","45.93453847974309","29","0.0028628881353220826","2.537507668099634","0.13499769314403146","0.09235283529561288","0.0575495487785218","","","","2.537507668099634","77.57679274220393","","","","","0.5255765359401703","53.70403502475359","[79.77153482174374,67.45265473318437,82.00668376922943,36.40126061375775,36.409698254573655,41.11163956644412,37.792499297410025,47.38466587695362,81.49252929180135,45.93453847974309,85.21420459774367,63.97172526299101,34.761414065207454,86.7218591883286,38.08342273046824,43.78207833401564,28.244810842537746,25.119127153026948,58.720318591157714]",""
"epoch_28","finished","-","","","2025-06-06T20:18:29.000Z","254","","82.08395668780646","79.33605060548764","89.23671714502403","85.43515068992251","76.74674885685312","62.66200242403581","64.97370818959483","31.51878561718518","92.73207485597894","86.82491579093565","78.68113421180448","34.64407022060138","88.86183821022982","39.924571848199534","64.3485764652946","25.416760890868073","77.29241773787076","30.144889814332803","70.43753008830974","58.203607525632336","80.59092995695329","66.75459371166903","88.90315816048593","81.68256201001275","81.2864455968165","36.695535504219045","78.17859585226334","36.175144947570296","57.71775526794114","42.073634121700984","63.88681928786725","40.32982827483709","64.67108453462505","49.83477660825534","87.32795713432121","83.3191345670944","77.78959555259377","47.52501212297546","28","0.002985296186515655","2.5525197703723084","0.13730737468365192","0.09269450108210246","0.05877800119457809","","","","2.5525197703723084","77.14458125224391","","","","","0.5297970278263092","53.605317226080814","[79.33605060548764,66.75459371166903,81.68256201001275,36.695535504219045,36.175144947570296,42.073634121700984,40.32982827483709,49.83477660825534,83.3191345670944,47.52501212297546,85.43515068992251,62.66200242403581,31.51878561718518,86.82491579093565,34.64407022060138,39.924571848199534,25.416760890868073,30.144889814332803,58.203607525632336]",""
"epoch_27","finished","-","","","2025-06-06T20:14:14.000Z","254","","81.93705676156492","79.25816498578487","89.21532100338479","85.68682391144294","76.8229098821002","62.739828301702346","65.9247490239058","31.942405650908356","92.66572554251628","86.96606620050747","80.78837356241041","37.302933496581616","87.45337237377892","40.488533782247075","61.33815917530598","17.75997744554176","76.52277432081308","26.85326166108381","70.87599827536343","58.30194290020816","80.77214011039273","67.72398924983979","88.85861099656537","81.59581249288397","81.09039011935177","37.021639537574046","77.63539109674524","37.20443291364507","57.61511988961697","41.63539824539405","63.86592746385655","39.04349629789958","63.83015738557451","49.15418143969301","87.42055060064115","83.64863821147499","77.07860588206553","47.04268065683016","27","0.003107148899671073","2.5662989052197407","0.139724491529034","0.09301787684967804","0.06009274170409329","","","","2.5662989052197407","76.9321754455765","","","","","0.5235364093780518","53.230010914802264","[79.25816498578487,67.72398924983979,81.59581249288397,37.021639537574046,37.20443291364507,41.63539824539405,39.04349629789958,49.15418143969301,83.64863821147499,47.04268065683016,85.68682391144294,62.739828301702346,31.942405650908356,86.96606620050747,37.302933496581616,40.488533782247075,17.75997744554176,26.85326166108381,58.30194290020816]",""
"epoch_26","finished","-","","","2025-06-06T20:09:58.000Z","255","","81.89201406687994","79.17231395320482","89.26678824430923","85.67031540615196","76.30071482202284","62.29155562987037","66.66504816501713","32.20903129110901","92.72564304723431","86.73365666325279","79.00917796479435","35.56197903738519","88.79004853387805","37.12138596916398","60.44007382182377","27.54950288996532","75.24435164018513","31.290942095709124","70.45373900625127","58.45693815033049","80.63562847223534","67.11587776759532","88.77885765173023","81.69808258298006","80.75110215650864","36.00559463955466","76.70428233475506","36.673394920989125","57.84688912027601","41.79097884854225","63.47197094349693","37.09235559807381","65.80339550461066","49.7182546090016","87.40822173633492","83.03346976125759","77.59187764969246","47.670790348608286","26","0.0032284727938413312","2.580566790571043","0.14145998946810498","0.09340148553745134","0.06095076536252602","","","","2.580566790571043","76.83051709905455","","","","","0.5293336341381073","53.51875895593399","[79.17231395320482,67.11587776759532,81.69808258298006,36.00559463955466,36.673394920989125,41.79097884854225,37.09235559807381,49.7182546090016,83.03346976125759,47.670790348608286,85.67031540615196,62.29155562987037,32.20903129110901,86.73365666325279,35.56197903738519,37.12138596916398,27.54950288996532,31.290942095709124,58.45693815033049]",""
"epoch_25","finished","-","","","2025-06-06T20:05:43.000Z","255","","81.61279538070703","79.88688109471562","89.13898949349195","85.11752911174398","75.78304714719208","62.09651796842475","65.05280180143653","34.31098199218165","92.69305542947636","86.54996770645204","80.45091800869419","35.810278508835346","88.36676258684585","41.58769326320935","61.098568193135414","18.019867668417938","75.06068108695123","31.27432461039912","70.55513351525336","57.82386378507508","80.35447947952453","65.90083672509155","88.93138017937528","81.0912590278434","80.53893871422821","38.38217572549475","77.4216231062192","35.62216925921528","57.29080964117007","41.145938166478075","63.34046692739307","37.567139904324485","65.67047797638934","48.67310219110652","87.52916298077452","83.90325489881127","77.81819689176275","43.23806147968728","25","0.003349292070425916","2.5978077462004645","0.14490518341689315","0.09379918782310633","0.0625850795069117","","","","2.5978077462004645","76.77412044947478","","","","","0.5236244010925293","53.052728583553034","[79.88688109471562,65.90083672509155,81.0912590278434,38.38217572549475,35.62216925921528,41.145938166478075,37.567139904324485,48.67310219110652,83.90325489881127,43.23806147968728,85.11752911174398,62.09651796842475,34.31098199218165,86.54996770645204,35.810278508835346,41.58769326320935,18.019867668417938,31.27432461039912,57.82386378507508]",""
"epoch_24","finished","-","","","2025-06-06T20:01:27.000Z","256","","81.54284905465447","78.84193796205886","89.08916596750139","85.15084185667635","76.15696839356315","62.303310137441734","64.60392612035393","32.28963493854244","92.66140219958744","86.86625478741517","80.66712203545796","38.56728707436315","89.0823782633927","35.5514115758663","58.72261228355743","31.877811882437022","75.15083130849305","30.431920418388607","70.28658060994256","57.788783073675134","80.20827934442427","66.43602752140785","88.85916165082705","82.12631262541736","80.12801133779398","36.91189697018612","76.74379508800033","37.745487445884926","57.11505227782167","41.986856898352734","63.06334417741139","40.53602036910684","64.03071367887797","48.79792394627584","87.78013447148837","83.36855221658158","77.68890255209722","48.24552365672905","24","0.003469628900303773","2.614067214135906","0.1468686935972925","0.09419627646908506","0.0637413672439318","","","","2.614067214135906","76.5042753060656","","","","","0.5214447884559631","53.9907260714109","[78.84193796205886,66.43602752140785,82.12631262541736,36.91189697018612,37.745487445884926,41.986856898352734,40.53602036910684,48.79792394627584,83.36855221658158,48.24552365672905,85.15084185667635,62.303310137441734,32.28963493854244,86.86625478741517,38.56728707436315,35.5514115758663,31.877811882437022,30.431920418388607,57.788783073675134]",""
"epoch_23","finished","-","","","2025-06-06T19:57:13.000Z","253","","81.30430192615596","78.7770390537264","89.10036656378524","85.38331923433003","75.88309980857456","62.156427881269806","64.44485443169953","31.741918235219945","92.68868694600692","86.72280407540971","78.03826668919478","39.391124523499606","87.81367055387868","42.365945770390226","60.96951402994792","23.03350373256996","74.18213836325921","31.215763388646977","70.71068257030952","57.85967507535128","80.47933842170745","67.73483746706106","88.9096915970446","81.5842194883917","79.50313599354763","37.10762398453601","77.0517367540603","36.36014898098679","56.82390271759963","41.26079822602836","63.194672252090754","39.41439371942501","65.75268395687355","48.14414572483591","87.70738117253697","83.32096646982514","77.65459368092064","47.21913677175034","23","0.0035895036657158383","2.6288026604640273","0.14922170278452734","0.09458685460626018","0.065057061005943","","","","2.6288026604640273","76.43224833837861","","","","","0.5210588488578797","53.72598904227654","[78.7770390537264,67.73483746706106,81.5842194883917,37.10762398453601,36.36014898098679,41.26079822602836,39.41439371942501,48.14414572483591,83.32096646982514,47.21913677175034,85.38331923433003,62.156427881269806,31.741918235219945,86.72280407540971,39.391124523499606,42.365945770390226,23.03350373256996,31.215763388646977,57.85967507535128]",""
"epoch_22","finished","-","","","2025-06-06T19:52:58.000Z","255","","81.08435489030416","78.74980200432714","88.95316699372356","85.39183490238177","75.81012009341329","62.88116917339583","64.94304279717367","32.09328285769753","92.67468484259702","86.27230721783607","77.17471703960801","36.08648470634513","88.51417285828576","34.70313695975233","55.78288828587229","16.02499110122501","75.4997546779155","26.17675479450861","70.15999416947645","58.06927941567744","80.496628477249","67.29528098694108","88.76159432726506","81.55157049531189","79.88806062855598","39.949061743878154","76.11784948017278","37.10010182746198","56.69048743553009","41.88459277636885","62.45264811505473","40.28300604802772","66.02941402059453","51.142872924712655","88.31470675626856","84.39937402324047","76.50316709299634","47.02762008104522","22","0.0037089351654411625","2.6487036940402353","0.15259008822398634","0.095055850369633","0.06664595626882318","","","","2.6487036940402353","76.09744489379246","","","","","0.5160936450958252","53.00434337053342","[78.74980200432714,67.29528098694108,81.55157049531189,39.949061743878154,37.10010182746198,41.88459277636885,40.28300604802772,51.142872924712655,84.39937402324047,47.02762008104522,85.39183490238177,62.88116917339583,32.09328285769753,86.27230721783607,36.08648470634513,34.70313695975233,16.02499110122501,26.17675479450861,58.06927941567744]",""
"epoch_21","finished","-","","","2025-06-06T19:48:45.000Z","253","","80.77886908501887","78.26521628307397","88.93139166973916","85.40416919120565","76.22853003036178","63.62299397138964","65.43332093228229","33.680107472481964","92.51245771222077","86.93797026949724","79.31056074638812","39.99276554713878","88.9548766301353","39.32362332725269","61.01645527232565","19.301366839690743","73.90763462849351","31.381694788763586","70.02547269304206","58.349136739905205","80.11603764633735","67.92930365679626","88.72178645666288","81.73924917831377","79.33150825776215","37.57630034958102","76.1232840288048","36.45697327713536","56.07822347001415","41.72240267602029","61.71023545355895","39.92279752966345","66.73609111034187","50.72702509579371","88.65040876245214","84.43102185554251","77.46963227896518","47.13752603166972","21","0.003827940789949578","2.6691263013213646","0.15669048374694117","0.095566765497659","0.06850257785114017","","","","2.6691263013213646","76.42298825604774","","","","","0.5144918706417084","53.889560214785035","[78.26521628307397,67.92930365679626,81.73924917831377,37.57630034958102,36.45697327713536,41.72240267602029,39.92279752966345,50.72702509579371,84.43102185554251,47.13752603166972,85.40416919120565,63.62299397138964,33.680107472481964,86.93797026949724,39.99276554713878,39.32362332725269,19.301366839690743,31.381694788763586,58.349136739905205]",""
"epoch_20","finished","-","","","2025-06-06T19:44:32.000Z","253","","80.82493606191285","78.5842264746797","88.78118661737346","85.29110429158295","75.44798212449855","62.14748351121684","65.03572469816724","27.33598145429666","92.5686820317267","87.70129430575493","77.38322328389306","37.37877272447352","87.89646832367916","43.29474904822009","58.48377397412099","20.57452326626923","74.02738876460603","28.561022719832373","69.13285789612289","57.270378862094674","79.74951515360262","66.86300747978069","88.70337740193177","81.13738773587038","78.95151787087113","38.13384470061399","75.4617393785306","36.57994373576624","55.706570763682485","42.13408311301258","61.50455025733665","40.08020494871897","67.10428558806814","51.03931573397153","88.49331115925723","84.4596183397152","76.69471892483104","46.59132251553755","20","0.0039465366718084705","2.6890979516900524","0.16103585162993908","0.09602938459726389","0.07014655465918947","","","","2.6890979516900524","75.89220054074804","","","","","0.5125942203998566","53.4293823663899","[78.5842264746797,66.86300747978069,81.13738773587038,38.13384470061399,36.57994373576624,42.13408311301258,40.08020494871897,51.03931573397153,84.4596183397152,46.59132251553755,85.29110429158295,62.14748351121684,27.33598145429666,87.70129430575493,37.37877272447352,43.29474904822009,20.57452326626923,28.561022719832373,57.270378862094674]",""
"epoch_19","finished","-","","","2025-06-06T19:40:17.000Z","254","","80.72062322594648","77.93987948858131","88.67154327355126","85.36633815426396","75.48862842778713","62.81006803504429","65.16802095305985","32.16258788777872","92.384176955402","86.74881983634239","78.43883217853707","42.09236966921396","88.3533155010025","41.02264889318616","57.88591196565848","26.17299629235902","72.60237594680775","28.427754572367075","68.94638034674561","58.49271759869515","79.88025102344835","66.07862854793744","88.64751049066942","81.62974334179583","78.61502662569876","39.48871441434008","75.29808328215722","37.53508414850267","55.190127974239175","41.3871152024413","60.61039267812791","41.38966231641176","66.9838570682725","51.77268250931946","88.3074424140477","85.35553555273133","76.52244268028919","47.664373922644664","19","0.004064737815548387","2.709334112609009","0.16387448823861497","0.09653311126104748","0.07211472413505003","","","","2.709334112609009","75.72183910586571","","","","","0.513246390581131","54.3967221254714","[77.93987948858131,66.07862854793744,81.62974334179583,39.48871441434008,37.53508414850267,41.3871152024413,41.38966231641176,51.77268250931946,85.35553555273133,47.664373922644664,85.36633815426396,62.81006803504429,32.16258788777872,86.74881983634239,42.09236966921396,41.02264889318616,26.17299629235902,28.427754572367075,58.49271759869515]",""
"epoch_18","finished","-","","","2025-06-06T19:36:03.000Z","254","","80.69792409694415","78.25921168540044","88.7158678664072","85.05822865886773","75.86984832812614","62.98609923615989","65.6176031764644","34.84501725213582","92.3598126136321","86.58490539107227","78.2334853381597","37.6090614336084","88.17175708758937","40.97465258511393","58.565095646224265","24.977554481395153","73.2243405757079","29.36534989710764","68.76942191022852","58.170708531806795","79.52072106403705","66.91917542774888","88.53106710448672","82.32401519467686","78.59400476664824","36.937742311007966","73.7951637620228","36.52840210218265","54.73322216004315","41.58098833159779","59.965583187078984","39.994788156535016","67.18118314796865","51.48175381856544","88.23936739289202","83.73761048284017","76.10084656768818","47.54866882218055","18","0.004182558210365093","2.732567071914673","0.16817003008897674","0.09711628360792274","0.07410892247016193","","","","2.732567071914673","75.62559556801841","","","","","0.5090894267559052","53.99389125263176","[78.25921168540044,66.91917542774888,82.32401519467686,36.937742311007966,36.52840210218265,41.58098833159779,39.994788156535016,51.48175381856544,83.73761048284017,47.54866882218055,85.05822865886773,62.98609923615989,34.84501725213582,86.58490539107227,37.6090614336084,40.97465258511393,24.977554481395153,29.36534989710764,58.170708531806795]",""
"epoch_17","finished","-","","","2025-06-06T19:31:50.000Z","252","","80.46679398842788","78.4356211452799","88.58477103868351","85.01072461235638","75.18818290280078","62.5216429141816","64.02563022536783","34.869753201146445","92.34399984603142","87.44159323497296","77.97938123054612","40.893328826629606","87.75817015247227","40.67703041282013","57.284059119844024","21.423797629092483","72.76909615959639","27.198659628833884","68.81923060999719","58.688607476372","79.19288986765422","67.08270150254624","88.38933349672993","81.80921807659163","76.94235431941685","38.164596083648064","74.32558281370055","38.957516276142485","54.23484131509172","40.60812083962461","59.43711604083959","37.728792186182545","66.69950693219143","51.39712349293851","88.52449012972737","83.79510798590728","76.54460917762965","48.32308992372791","17","0.0043000109283920515","2.7586251664101016","0.1734992637282413","0.09768254573411918","0.07701648638107395","","","","2.7586251664101016","75.23737049298677","","","","","0.5053081860542298","53.948790813104985","[78.4356211452799,67.08270150254624,81.80921807659163,38.164596083648064,38.957516276142485,40.60812083962461,37.728792186182545,51.39712349293851,83.79510798590728,48.32308992372791,85.01072461235638,62.5216429141816,34.869753201146445,87.44159323497296,40.893328826629606,40.67703041282013,21.423797629092483,27.198659628833884,58.688607476372]",""
"epoch_16","finished","-","","","2025-06-06T19:27:35.000Z","254","","80.21181645228528","77.7820467451501","88.54124050934604","85.38765020072988","75.03508450535735","63.778066685771115","63.830742095793894","32.69257714762301","92.19810236350146","86.54993455892259","79.34308809075438","43.96694813394088","87.28708702700901","43.67926981957188","58.62418275476197","15.71555707267119","72.59654078938895","30.306780034794528","68.21663799729166","57.144381234348415","79.18127889007246","67.0559586429125","88.32944413042591","81.71240021121663","76.56473318100467","38.99329488959617","74.07928223059353","37.18726718564381","53.56673081982194","41.300245400577786","59.05903906315738","40.81821337443922","66.48997807075908","51.51311644354142","88.81766935372794","85.1407556427717","76.26834899959508","48.118430011267264","16","0.0044171082107721344","2.7825668009789544","0.17804669774594806","0.09830262320490588","0.07896133337842902","","","","2.7825668009789544","75.17058038550778","","","","","0.5037979784011841","54.14962597028896","[77.7820467451501,67.0559586429125,81.71240021121663,38.99329488959617,37.18726718564381,41.300245400577786,40.81821337443922,51.51311644354142,85.1407556427717,48.118430011267264,85.38765020072988,63.778066685771115,32.69257714762301,86.54993455892259,43.96694813394088,43.67926981957188,15.71555707267119,30.306780034794528,57.144381234348415]",""
"epoch_15","finished","-","","","2025-06-06T19:23:22.000Z","253","","80.19011008603083","77.6093392801874","88.261053906883","85.32954619643408","74.83466388133108","61.90340781429159","62.82358557975449","29.224684429125546","92.11371805079108","87.33668718249257","79.24170179382986","45.186635266111544","86.6879369424324","39.59847073978843","58.98658825353934","27.599847769338375","70.2239151624923","31.532743892122017","67.58307961806437","57.77241313344877","78.87462736034927","67.571601777717","88.16290380570308","82.25583973899695","74.81226490348047","36.16970146904468","73.52887999443418","38.67845208237382","53.11210682517073","41.48523856267318","57.863979629470855","38.22502988981161","65.3802632612818","51.867366045536414","88.51243426759568","84.59910679003069","75.31469405159599","45.87062780460505","15","0.004533861543357625","2.815824338194675","0.18532283405083735","0.09899004787661649","0.08275430999298132","","","","2.815824338194675","74.55307933548583","","","","","0.5027856156826019","54.20088104548051","[77.6093392801874,67.571601777717,82.25583973899695,36.16970146904468,38.67845208237382,41.48523856267318,38.22502988981161,51.867366045536414,84.59910679003069,45.87062780460505,85.32954619643408,61.90340781429159,29.224684429125546,87.33668718249257,45.186635266111544,39.59847073978843,27.599847769338375,31.532743892122017,57.77241313344877]",""
"epoch_14","finished","-","","","2025-06-06T19:19:08.000Z","254","","79.98949232265403","78.05222212640254","88.37944453292134","85.16861083432255","74.88316336780086","63.48844090660304","62.21011760553211","37.53815456979158","91.95969187994922","87.42376080110175","78.73482105194518","44.50813923516965","86.20555309548953","43.072435441251386","59.54803105299131","15.596053742077864","68.57900952774817","30.761163788327284","67.34172240376708","57.57651152314336","78.7056593318405","66.2257232978475","88.13670532094761","82.04177547647181","76.10707200309406","36.65724941838786","73.30860452032184","38.98881059674689","52.41851381195241","41.900104843238786","56.91039347875122","40.46898428869734","65.22711334713416","51.6659481873794","88.69966801937295","84.58035011995418","74.71830088865994","48.129336549594335","14","0.004650281723548955","2.8404735724131265","0.1876865587465029","0.0996223114070698","0.08468086434570887","","","","2.8404735724131265","74.3191093454144","","","","","0.503927734375","54.41283030244784","[78.05222212640254,66.2257232978475,82.04177547647181,36.65724941838786,38.98881059674689,41.900104843238786,40.46898428869734,51.6659481873794,84.58035011995418,48.129336549594335,85.16861083432255,63.48844090660304,37.53815456979158,87.42376080110175,44.50813923516965,43.072435441251386,15.596053742077864,30.761163788327284,57.57651152314336]",""
"epoch_13","finished","-","","","2025-06-06T19:14:52.000Z","256","","79.8475423266068","77.50102479495786","88.2477484286286","85.00768809358298","74.73616638420474","63.39683499012639","61.34252353770334","33.222385048595996","91.86044489415656","87.75772198158637","77.02903614248697","45.34335983692775","86.28377205487534","35.48021204996618","62.71132836489919","24.16812474615942","70.87903008024892","32.50770209842669","66.03260398651061","58.16064231987893","78.1824384297002","66.52604440228961","87.91848187669211","81.53536339064341","75.92757818704719","38.450132334875185","73.27886576716764","38.53071937694914","51.55099836030467","40.1502924072152","56.489085675366915","38.768114621783816","64.29617097640154","50.72710295178637","88.74901572108843","84.90939348377304","74.91190674274011","46.7899584676951","13","0.004766378919526803","2.873169550155562","0.19515778306331344","0.10034792716721544","0.08821826686006769","","","","2.873169550155562","74.22498620720157","","","","","0.5075406196117401","54.15435881037997","[77.50102479495786,66.52604440228961,81.53536339064341,38.450132334875185,38.53071937694914,40.1502924072152,38.768114621783816,50.72710295178637,84.90939348377304,46.7899584676951,85.00768809358298,63.39683499012639,33.222385048595996,87.75772198158637,45.34335983692775,35.48021204996618,24.16812474615942,32.50770209842669,58.16064231987893]",""
"epoch_12","finished","-","","","2025-06-06T19:10:34.000Z","258","","79.64883770176213","77.63910450829806","88.19533585203393","84.83522123336925","74.14874867361632","61.5414917174425","61.16862639891468","23.4542281922793","91.74061947826488","87.065193045541","77.79932588873424","41.37788843152468","84.04920253160033","39.69781445138269","67.20267584863933","29.248246088759387","69.90662933698665","27.93266368576386","66.52148660129743","57.8942515091146","78.02736299321188","65.89560937546531","87.72157777062495","81.80686772518978","74.57066366386503","38.35918125447128","72.07147713074626","39.53318199712866","50.831554470437155","40.58193491733069","55.092157767583274","39.749283550315226","63.80618534121503","50.78452068382321","88.63716824162651","85.28048360831195","74.5268678358859","47.395573273065054","12","0.00488216272292538","2.9103501207045928","0.20327632931125073","0.10115158483954786","0.09234386014233108","","","","2.9103501207045928","73.98244755405506","","","","","0.5012271664142609","53.688038907819816","[77.63910450829806,65.89560937546531,81.80686772518978,38.35918125447128,39.53318199712866,40.58193491733069,39.749283550315226,50.78452068382321,85.28048360831195,47.395573273065054,84.83522123336925,61.5414917174425,23.4542281922793,87.065193045541,41.37788843152468,39.69781445138269,29.248246088759387,27.93266368576386,57.8942515091146]",""
"epoch_11","finished","-","","","2025-06-06T19:06:18.000Z","256","","79.63835409661979","77.8336468181433","88.11616092065965","85.11329309255082","73.85935600432178","62.29145332210667","58.838279133697505","31.574462875275877","91.54062357347983","87.13820961580171","76.54541185249994","38.99712762759102","84.25583163048735","38.35391425432954","65.9319844803565","21.07842556033784","67.83471725830577","31.577756097560965","65.30618911812618","57.024544046098235","77.56534344643153","67.47415196888872","87.52048093671438","81.72751355922114","73.07926910122788","38.85782497293787","71.39629934818376","38.49633550318529","50.10855639441776","40.80519508782661","53.57454142808285","40.62521936094698","62.63861643365081","51.39270029892607","88.26726390914081","84.05313908420658","73.0337547567702","46.166491579022775","11","0.004997642195826683","2.949055690498449","0.21017161752962277","0.1020080273539662","0.09683451784476069","","","","2.949055690498449","73.10794914858812","","","","","0.500156952381134","53.71481077499779","[77.8336468181433,67.47415196888872,81.72751355922114,38.85782497293787,38.49633550318529,40.80519508782661,40.62521936094698,51.39270029892607,84.05313908420658,46.166491579022775,85.11329309255082,62.29145332210667,31.574462875275877,87.13820961580171,38.99712762759102,38.35391425432954,21.07842556033784,31.577756097560965,57.024544046098235]",""
"epoch_10","finished","-","","","2025-06-06T19:02:05.000Z","253","","79.3380191959642","77.42623788661925","87.91646453784831","84.01930654907567","72.93486737125635","63.832809673939536","58.59007104479622","32.44604781629058","91.41126309418402","86.74939479975819","77.1877706674893","42.60699292662631","83.05109447282729","41.58053012668202","72.64445072554722","23.6082053059658","68.51521304245883","29.72975113973485","64.7291030556257","57.32289757753411","77.37183037969629","67.47838514654269","87.31453159412946","81.39636403776774","71.64004006400897","31.57796211935701","70.30738115195342","37.9311713816024","49.061433372505114","40.695435067625944","52.72232013881639","39.26034143314658","61.817074513488414","50.20005234630216","88.37195352027337","84.98109422333174","72.07013148709125","48.537889835756424","10","0.005112825912817865","2.9926586478721093","0.21828866776543415","0.10283361373436056","0.10214509049065544","","","","2.9926586478721093","72.99973754894526","","","","","0.5041722688674927","53.75688786282416","[77.42623788661925,67.47838514654269,81.39636403776774,31.57796211935701,37.9311713816024,40.695435067625944,39.26034143314658,50.20005234630216,84.98109422333174,48.537889835756424,84.01930654907567,63.832809673939536,32.44604781629058,86.74939479975819,42.60699292662631,41.58053012668202,23.6082053059658,29.72975113973485,57.32289757753411]",""
"epoch_9","finished","-","","","2025-06-06T18:57:47.000Z","257","","79.1453183326051","77.06504490188823","87.7531202708349","84.94020049606512","72.54959275566301","61.15546073231201","55.77275923921203","30.28089822893016","91.28249298772724","87.35922981624859","76.61478640638381","44.49219157209962","81.76769492262562","36.295572916666664","80.19156298612764","25.183111463604867","64.900472434719","26.38986720367144","63.32806509805532","56.775381557066815","76.47045274568245","67.20695508519047","87.08153231871172","81.14455305194885","71.32854959071705","37.510570277030865","68.33332650010713","36.586607514079446","47.91128909981845","40.95445346875688","51.59488506886633","39.92542540748873","60.84826400696331","50.41073399392823","88.20561200813566","84.96377405794773","70.95669142409118","45.62325382156818","9","0.005227721998740838","3.0398692332454615","0.22738115493274524","0.1038417098403887","0.10839612191452933","","","","3.0398692332454615","72.42297201037088","","","","","0.5151079552173614","53.38227818771015","[77.06504490188823,67.20695508519047,81.14455305194885,37.510570277030865,36.586607514079446,40.95445346875688,39.92542540748873,50.41073399392823,84.96377405794773,45.62325382156818,84.94020049606512,61.15546073231201,30.28089822893016,87.35922981624859,44.49219157209962,36.295572916666664,25.183111463604867,26.38986720367144,56.775381557066815]",""
"epoch_8","finished","-","","","2025-06-06T18:53:34.000Z","253","","79.02941974037739","77.18292795879746","87.56813828503613","83.1607202627273","72.11650046605278","61.914596444668845","54.03247280097487","29.06870203893636","90.8469203958356","87.16080116032708","76.15200968869902","39.81127556841652","79.39713157178122","36.515920904494905","80.40537557335543","29.518349076415245","65.07418195394703","32.518880985693656","62.93004431046805","57.01372386814274","75.73278353323508","66.69407146213587","86.68396404816261","81.57614349366554","68.7066048940755","34.28991372196604","66.39470126886235","36.82071292847587","46.52201952131897","39.7312466359606","49.19007763567898","38.46230044941242","58.801129956467015","49.47340499660403","87.82979855944726","84.7079112852619","69.07222279899334","46.032421082671725","8","0.00534233816266959","3.097855953163166","0.2391642519194661","0.10499512085705312","0.11663280057770606","","","","3.097855953163166","71.39397352646151","","","","","0.5129809417724609","53.24494864867232","[77.18292795879746,66.69407146213587,81.57614349366554,34.28991372196604,36.82071292847587,39.7312466359606,38.46230044941242,49.47340499660403,84.7079112852619,46.032421082671725,83.1607202627273,61.914596444668845,29.06870203893636,87.16080116032708,39.81127556841652,36.515920904494905,29.518349076415245,32.518880985693656,57.01372386814274]",""
"epoch_7","finished","-","","","2025-06-06T18:49:20.000Z","254","","78.90995115415376","77.34105038751358","87.32260683554114","84.78943319205308","71.2910854098154","61.8190782033574","52.177974423053264","30.396454613655894","90.49719681635229","85.60395418103046","72.69040172514745","30.461325845654365","75.39212873404598","36.94989692982658","82.83312652875546","22.997524990038876","63.792953275126216","27.19247572711673","61.47074412209837","56.34745029632754","75.22838026580527","65.600872632023","86.44484915418161","80.98173894239073","67.46223961147979","41.27846331185396","64.86263977562152","38.48676387303079","45.40153568598381","40.02189760565796","47.61162407114558","39.964946015161686","57.860941377271416","49.23796351799124","87.47949752566426","85.08153662382834","67.32347526120412","47.8151150004669","7","0.0054566817285730375","3.1563254379437473","0.2525413723013177","0.10613583314585626","0.12442469039491116","","","","3.1563254379437473","70.31859746065508","","","","","0.5158679883480072","52.75620746784101","[77.34105038751358,65.600872632023,80.98173894239073,41.27846331185396,38.48676387303079,40.02189760565796,39.964946015161686,49.23796351799124,85.08153662382834,47.8151150004669,84.78943319205308,61.8190782033574,30.396454613655894,85.60395418103046,30.461325845654365,36.94989692982658,22.997524990038876,27.19247572711673,56.34745029632754]",""
"epoch_6","finished","-","","","2025-06-06T18:45:09.000Z","250","","78.71153084735505","77.23231879936964","87.15939393236508","83.91325469452478","69.81958767065028","62.42265796343286","48.072174520230504","26.283250457018895","90.21845064649692","86.10754912524821","69.54122037317197","34.867194954036705","73.26081750065137","35.84694536046463","75.4657035301252","28.77709057571399","61.35963197931387","26.605693675125583","60.31114819151249","57.502498010465985","73.61552971479577","65.8553210384336","85.87960917760957","81.01406576973427","62.51379603683303","35.96006930859092","60.35490363031194","38.087279144988486","43.77294161351206","38.38326912788613","45.26267609215277","35.09333970645695","56.237237569578745","48.62725371711411","87.11535757644336","84.69305517102917","64.50043099777155","46.010650494439304","6","0.00557075966305625","3.232987199424181","0.2680967099793995","0.1074211970919568","0.13820803017561673","","","","3.232987199424181","68.06169166320429","","","","","0.5222315089702606","52.27803984705654","[77.23231879936964,65.8553210384336,81.01406576973427,35.96006930859092,38.087279144988486,38.38326912788613,35.09333970645695,48.62725371711411,84.69305517102917,46.010650494439304,83.91325469452478,62.42265796343286,26.283250457018895,86.10754912524821,34.867194954036705,35.84694536046463,28.77709057571399,26.605693675125583,57.502498010465985]",""
"epoch_5","finished","-","","","2025-06-06T18:40:53.000Z","256","","78.45213839158343","77.08136643342364","86.48449757465015","83.69376417785568","68.5688168663663","58.745724460886414","44.229095000258326","28.28064777198169","89.5953167138425","85.71245634723016","61.03337799631608","32.47510662207417","59.4902965206542","27.023710896945165","70.69777492484573","26.37148864543108","56.09458148025934","25.11417033773861","58.54306005083727","56.33636061674195","72.26711065467967","64.79472648534454","85.12457214356407","80.51928823137693","57.41117499219624","32.89523249181139","56.987547963898365","33.36414892509178","42.350153392006945","37.61184830299639","41.65291360627031","37.405240431428986","53.713902099757874","47.1776682857509","86.39808141646367","84.3491497534918","60.9555041260294","45.921069657448285","5","0.005684578600518514","3.3245076562915443","0.2883889825289486","0.10903913813996256","0.1545861949788705","","","","3.3245076562915443","64.73946925865684","","","","","0.5386024208068848","50.78279836184471","[77.08136643342364,64.79472648534454,80.51928823137693,32.89523249181139,33.36414892509178,37.61184830299639,37.405240431428986,47.1776682857509,84.3491497534918,45.921069657448285,83.69376417785568,58.745724460886414,28.28064777198169,85.71245634723016,32.47510662207417,27.023710896945165,26.37148864543108,25.11417033773861,56.33636061674195]",""
"epoch_4","finished","-","","","2025-06-06T18:36:40.000Z","253","","78.01645044518125","76.1525115362268","86.25863875434446","84.47477186149452","66.8185508023458","60.62055848422795","39.05419330618624","27.17601145352327","88.818129998733","85.36117807731559","49.96566571467636","37.40958862767193","46.15110265707662","25.68655028107164","60.310517986218045","31.2427958051617","49.80502427248853","17.95769085312435","55.928921215024765","55.57227087547207","70.76884921560493","61.31176407000781","84.21396944674811","80.10867183868741","49.97376888184701","36.63326585789729","51.92328242968023","34.33716798697804","40.09327495471967","38.39560136634588","37.48637757732135","30.50471690901028","51.3082828162084","46.865015589651094","85.65477328262342","84.84120257490663","57.18670938451152","48.24410218344072","4","0.005798144866020802","3.436217266791346","0.3144814911613634","0.11093325287331152","0.17654598718532777","","","","3.436217266791346","60.51244648113366","","","","","0.5617395100593567","50.67870717011658","[76.1525115362268,61.31176407000781,80.10867183868741,36.63326585789729,34.33716798697804,38.39560136634588,30.50471690901028,46.865015589651094,84.84120257490663,48.24410218344072,84.47477186149452,60.62055848422795,27.17601145352327,85.36117807731559,37.40958862767193,25.68655028107164,31.2427958051617,17.95769085312435,55.57227087547207]",""
"epoch_3","finished","-","","","2025-06-06T18:32:29.000Z","251","","77.6913527749748","76.97865312922632","85.33573856921245","82.95161880452994","63.86001817100377","58.24129913041454","28.067297470102417","27.407260903617782","87.46614406480978","84.71202464538261","33.22587604809511","31.97595085663081","39.34187390912651","12.56526552779094","46.13877307981695","21.47419100256337","43.601750618908106","23.671383647798734","53.33687079618438","53.24319054531613","67.62853079996128","62.39910576336486","83.0214660273883","79.63225992969834","41.48825950551035","31.789540600743173","44.855490567291255","30.927776784741944","37.46351720047071","37.0556999133591","31.59720754586242","29.63612174819768","47.952839687960214","44.80146771464248","84.78090444260569","83.98390454548955","54.96696129136611","46.58594013984413","3","0.005911464496116451","3.577996966189707","0.3480512529384089","0.11328248209474044","0.20546749704363387","","","","3.577996966189707","55.358993293192135","","","","","0.5788980948925019","48.42277133333433","[76.97865312922632,62.39910576336486,79.63225992969834,31.789540600743173,30.927776784741944,37.0556999133591,29.63612174819768,44.80146771464248,83.98390454548955,46.58594013984413,82.95161880452994,58.24129913041454,27.407260903617782,84.71202464538261,31.97595085663081,12.56526552779094,21.47419100256337,23.671383647798734,53.24319054531613]",""
"epoch_2","finished","-","","","2025-06-06T18:28:18.000Z","251","","77.01510993557605","76.15606376743625","83.51037297968166","81.23726031960437","59.8390516786076","56.948655645636734","17.515190600318093","14.35907308877065","84.66268832100646","83.13770158477351","15.80672316922198","13.1124467129903","20.34255835679886","20.327473544831147","20.306595308549415","19.775284472320596","25.717685100245085","18.215536920332728","46.39340383607704","52.21198131655951","64.16506831845916","58.862348972467906","80.64761048540025","78.91219844863413","30.729096415995823","27.2361227649134","36.0119598704734","25.887205939849068","34.05610589371471","35.29916845864377","22.058098641102937","25.973183691022843","39.97428142253979","40.93961697386934","83.2172372858152","83.7457340464278","48.5348633207983","44.77894774047606","2","0.006024543257865944","3.810817648739608","0.41415653504791455","0.11694440748021195","0.2573186589864677","","","","3.810817648739608","46.86861583896746","","","","","0.6201937456130981","45.11136865313475","[76.15606376743625,58.862348972467906,78.91219844863413,27.2361227649134,25.887205939849068,35.29916845864377,25.973183691022843,40.93961697386934,83.7457340464278,44.77894774047606,81.23726031960437,56.948655645636734,14.35907308877065,83.13770158477351,13.1124467129903,20.327473544831147,19.775284472320596,18.215536920332728,52.21198131655951]",""
"epoch_1","finished","-","","","2025-06-06T18:23:54.000Z","264","","73.43307771664062","75.6692063610486","76.37403561408235","80.63402529152057","40.749073071809576","48.69825586200085","2.0531691355572512","10.493856561425934","75.04679837248588","81.12388490249434","0.7578228369051414","9.143697528540391","1.1369719008148431","13.572405696114677","1.1882399014958165","0.05374265388184347","1.688439651185393","9.762279386661517","25.791880735574264","41.14276141137658","49.95261521970337","56.37330303397944","73.17609729071785","76.49546855582379","13.01799311017932","18.09366333449936","17.479543421703315","25.912564986919374","22.024115758495665","32.06078402358007","2.6831684008519994","9.16750513832632","23.05020457986473","30.836802452136897","75.87530471804807","82.08610357266555","20.01461529524981","36.378766671350085","1","0.006137386666228596","4.807848306102607","0.7832965038659918","0.13429910754050312","0.48018285533550736","","","","4.807848306102607","31.34174561744028","","","","","0.7100205273628235","38.82626723286032","[75.6692063610486,56.37330303397944,76.49546855582379,18.09366333449936,25.912564986919374,32.06078402358007,9.16750513832632,30.836802452136897,82.08610357266555,36.378766671350085,80.63402529152057,48.69825586200085,10.493856561425934,81.12388490249434,9.143697528540391,13.572405696114677,0.05374265388184347,9.762279386661517,41.14276141137658]",""