"Name","State","Notes","User","Tags","Created","Runtime","Sweep","class_0_train","class_0_val","class_10_train","class_10_val","class_11_train","class_11_val","class_12_train","class_12_val","class_13_train","class_13_val","class_14_train","class_14_val","class_15_train","class_15_val","class_16_train","class_16_val","class_17_train","class_17_val","class_18_train","class_18_val","class_1_train","class_1_val","class_2_train","class_2_val","class_3_train","class_3_val","class_4_train","class_4_val","class_5_train","class_5_val","class_6_train","class_6_val","class_7_train","class_7_val","class_8_train","class_8_val","class_9_train","class_9_val","epoch","lr","mean_loss","mean_loss_aux","mean_loss_bce","mean_loss_main","train_loss","train_mIoU","val_loss","val_mIoU","val_mIoU_per_class"
"epoch_50","finished","-","","","2025-06-06T20:28:23.000Z","300","","83.8291661172097","81.20135752774671","89.28215248307225","85.08025561170722","71.88520412747714","56.532579821781525","57.88319200376267","27.04722926731671","92.10088788903224","86.49477077585452","63.33343652311915","33.07161975534177","87.14526372622747","38.99225252137182","78.03622369475713","35.37217543084864","77.38687573999495","22.97524843577474","71.58516742313951","57.38481983000523","81.2023100288967","65.97410263573526","87.8689657577103","80.94532375839161","82.284879990612","37.42407318134252","76.54218686164636","33.30970645668835","55.02101998568407","39.48708861385707","26.882880980103145","18.41517210003524","61.25530654865129","44.45297899175277","86.83197039384304","81.4860606160731","68.92477114589786","36.75503790026036","50","0","0.8151675803970745","0.1151976748808043","0.11418423485058256","0.06318610002293841","0.8151675803970745","73.64641375899141","0.5257960867881775","50.65272911746763","[81.20135752774671,65.97410263573526,80.94532375839161,37.42407318134252,33.30970645668835,39.48708861385707,18.41517210003524,44.45297899175277,81.4860606160731,36.75503790026036,85.08025561170722,56.532579821781525,27.04722926731671,86.49477077585452,33.07161975534177,38.99225252137182,35.37217543084864,22.97524843577474,57.38481983000523]"
"epoch_49","finished","-","","","2025-06-06T20:24:16.000Z","246","","83.86927115748612","81.10251590173132","89.25317437947612","85.13461368139721","71.62585417940423","56.885218906333854","58.913724189691585","27.059729451573013","91.98334100698948","86.24994818967953","61.91341593150577","31.33617849538895","87.74783370088628","38.73699595907488","76.9439141414513","32.635609477099365","77.55385713081365","23.806623797667868","71.31881156231981","57.58016507197251","81.17503902350795","65.53702059757498","88.0005646587482","81.05793019850378","81.66601207296492","37.993814068000646","76.43496996321946","32.7490636423001","54.94144348913024","39.57844041925972","25.898318356915897","17.06790865077377","60.4424220328364","44.838623894363096","86.67788999090072","81.73857739613723","67.83076109393413","38.31072817626961","49","0.00018484470457853937","0.8204908956401524","0.11536689273273672","0.11426472461026436","0.06381144107298087","0.8204908956401524","73.37845358222012","0.5268980376720428","50.4947213671106","[81.10251590173132,65.53702059757498,81.05793019850378,37.993814068000646,32.7490636423001,39.57844041925972,17.06790865077377,44.838623894363096,81.73857739613723,38.31072817626961,85.13461368139721,56.885218906333854,27.059729451573013,86.24994818967953,31.33617849538895,38.73699595907488,32.635609477099365,23.806623797667868,57.58016507197251]"
"epoch_48","finished","-","","","2025-06-06T20:20:09.000Z","247","","83.86782730638865","81.32880876026348","89.20173389961502","84.94858732504565","71.20398468992029","55.68001132412756","56.99292904853429","27.06702677693269","92.23749975045924","86.01224400003989","61.50912498463808","30.350397757134516","87.44279731985937","37.66598768822183","78.24518658811661","33.816484990866805","77.69934428551342","21.513754098825387","71.25266798711088","57.358018026334136","80.76439313663235","65.81611459588609","87.84558971342427","80.6936363545044","81.54351142975506","37.24809308411956","76.71435464171084","33.495724728919626","54.65306461419176","39.30852842399431","25.06347790282734","17.824045988718137","60.355817518554744","42.578624746219226","86.90875609724084","82.1608192219229","67.57550425436055","38.441637021487026","48","0.000344932415365304","0.826657408218044","0.11561373804172184","0.114269307968574","0.0643598493046433","0.826657408218044","73.21460869309756","0.5253452928066253","50.17413394281912","[81.32880876026348,65.81611459588609,80.6936363545044,37.24809308411956,33.495724728919626,39.30852842399431,17.824045988718137,42.578624746219226,82.1608192219229,38.441637021487026,84.94858732504565,55.68001132412756,27.06702677693269,86.01224400003989,30.350397757134516,37.66598768822183,33.816484990866805,21.513754098825387,57.358018026334136]"
"epoch_47","finished","-","","","2025-06-06T20:16:03.000Z","246","","83.8263138555035","81.0074093505476","89.1855872097526","85.18800689663783","72.0389652551439","58.10455264137347","56.97339446773852","26.071209042007215","92.16099624918132","86.25405424669056","63.707315674899235","32.88046806629756","84.70220415551452","39.038833599034184","77.99780444599685","33.553999288659114","75.84691509712266","20.963371376419552","70.93788392353935","57.73132320022223","80.7393619713417","65.44278631647022","87.71590906075953","81.21025485495215","81.1377893437803","36.43882511204902","75.7948957126497","33.90251746124057","54.40682643011687","39.54542847465943","25.812260182146","21.343356845988502","59.831835032204005","46.786533165349915","86.61525501740253","81.04417430498042","69.15419546468688","35.88579163307253","47","0.0004968395304717264","0.8358922784261728","0.11614367344983056","0.11427673888949644","0.06523051316691113","0.8358922784261728","73.08345834470948","0.5298359599113465","50.65225767771853","[81.0074093505476,65.44278631647022,81.21025485495215,36.43882511204902,33.90251746124057,39.54542847465943,21.343356845988502,46.786533165349915,81.04417430498042,35.88579163307253,85.18800689663783,58.10455264137347,26.071209042007215,86.25405424669056,32.88046806629756,39.038833599034184,33.553999288659114,20.963371376419552,57.73132320022223]"
"epoch_46","finished","-","","","2025-06-06T20:11:40.000Z","263","","83.93889517135139","80.88810081427486","89.21582655194482","84.98594158047928","71.82517073198042","57.05984460471115","55.91646197569423","27.789533291866903","91.94888193049847","86.19706246810992","64.01119548697936","33.92879456986145","86.82433908101204","39.82310337532614","77.925626304019","36.12215813344374","76.6647191181391","20.53976977629205","70.74660733874482","57.72143889150825","80.72110861575295","65.79823342073018","87.83922247384646","81.25253431541908","81.15465844584436","37.48655615724552","75.56247263251204","34.42632818980452","54.38500417985378","38.78584000961254","26.59344474474708","20.025913514129332","58.73806277453673","45.08574981332158","86.42168419805209","81.53908340882093","68.4303270484963","36.26892692020145","46","0.0006436666467726117","0.8419329818271802","0.11622849099205348","0.11423949840414616","0.06417871007823762","0.8419329818271802","73.09808993705292","0.5274335973262787","50.82762701342941","[80.88810081427486,65.79823342073018,81.25253431541908,37.48655615724552,34.42632818980452,38.78584000961254,20.025913514129332,45.08574981332158,81.53908340882093,36.26892692020145,84.98594158047928,57.05984460471115,27.789533291866903,86.19706246810992,33.92879456986145,39.82310337532614,36.12215813344374,20.53976977629205,57.72143889150825]"
"epoch_45","finished","-","","","2025-06-06T18:58:18.000Z","263","","84.371123920299","81.50355769271572","89.2311454524579","85.29338703287415","72.35777480520379","57.87041642428502","55.83333002097386","27.05898508929797","92.0008937019389","85.5992908596533","71.77480038048978","35.897851587231536","86.80402950327452","37.77850589777195","80.49762485108845","35.30961279945295","77.26559273027674","24.45917514997475","71.31783492834222","58.148587605903536","80.68198810028815","65.70984292351042","87.51863442337977","80.71944701321776","81.11028887524895","37.99246964011928","76.62292524836442","33.86258305059274","54.78904828602468","39.95550232769322","27.600938554147685","19.90298217429538","56.98171030587038","43.67716001995024","86.10782932029068","81.95117277242261","68.9717509123843","37.58772184567521","45","0.0007868283823713545","0.24138281848897764","0.1159827173438691","0.11421727214681586","0.05898010475755344","0.24138281848897764","73.78101391159704","0.5414212355613709","51.067276416138824","[81.50355769271572,65.70984292351042,80.71944701321776,37.99246964011928,33.86258305059274,39.95550232769322,19.90298217429538,43.67716001995024,81.95117277242261,37.58772184567521,85.29338703287415,57.87041642428502,27.05898508929797,85.5992908596533,35.897851587231536,37.77850589777195,35.30961279945295,24.45917514997475,58.148587605903536]"
"epoch_44","finished","-","","","2025-06-06T18:53:55.000Z","263","","84.3587845690497","81.88603827221912","89.26990480663139","85.35069781254691","72.12541817680716","55.558855738884105","55.84244618009846","25.70107519827489","91.9574699317752","85.23669336307805","70.82075509581534","35.338479075830094","85.47360690794719","38.80581578057561","82.32062040267594","32.218558083467855","76.93680541949185","22.22571403846766","71.0756918609288","57.80168129006196","80.650763446727","65.66519437164399","87.58579130072275","80.72829502100575","80.38788629012753","37.74352998873498","76.21468443699086","33.63356080009149","54.93773086066949","39.613756282717056","27.0210948167347","16.755057818623616","55.85755625381148","40.85111536046096","86.29702500361867","82.08782452675078","67.38285213328147","37.999721093443426","44","0.0009271353468595546","0.24251772819736228","0.11733268497099404","0.11429383194325232","0.05936123135928586","0.24251772819736228","73.50088883652131","0.5395093657970429","50.27377178509886","[81.88603827221912,65.66519437164399,80.72829502100575,37.74352998873498,33.63356080009149,39.613756282717056,16.755057818623616,40.85111536046096,82.08782452675078,37.999721093443426,85.35069781254691,55.558855738884105,25.70107519827489,85.23669336307805,35.338479075830094,38.80581578057561,32.218558083467855,22.22571403846766,57.80168129006196]"
"epoch_43","finished","-","","","2025-06-06T18:49:30.000Z","265","","84.23462561401948","81.6399420579781","89.27555628524559","85.33974348560614","72.23348355271295","57.102244889280854","56.6596028989328","26.909753672510135","91.7526063030412","86.24246696415021","72.26616439264433","38.19349079566744","86.34825694996098","38.55013563679325","81.81869048428341","35.73117943683341","77.8337725031862","22.344449698217108","71.32579167025655","58.02402243814888","80.53723430636032","65.56591877597559","87.78966080249978","81.24842619689844","81.28824366610658","38.40801212866872","76.48749344059682","33.72229680591001","54.69508842869201","39.722578963823345","26.754136172941426","22.364597654063903","57.18292589116483","40.9875762209939","86.10045294379918","80.94250864952461","68.66933103863404","37.75883248243333","43","0.0010651119308332296","0.24257022688407023","0.11725111984417942","0.11437488633561074","0.05935481003942987","0.24257022688407023","73.85542722868836","0.536444235086441","51.09464089228828","[81.6399420579781,65.56591877597559,81.24842619689844,38.40801212866872,33.72229680591001,39.722578963823345,22.364597654063903,40.9875762209939,80.94250864952461,37.75883248243333,85.33974348560614,57.102244889280854,26.909753672510135,86.24246696415021,38.19349079566744,38.55013563679325,35.73117943683341,22.344449698217108,58.02402243814888]"
"epoch_42","finished","-","","","2025-06-06T18:45:06.000Z","264","","84.28094507990069","81.52339927162511","89.29121703966476","84.99008797414956","71.93347329135406","57.13976560037046","55.86299252468453","28.196401023732378","91.77694420112778","86.68732848922896","71.78746709072546","36.00403086874854","85.72640104039442","38.93671632749041","81.24661415523336","33.07904257744787","77.44743396072347","24.67184546049153","71.181480879366","57.721688008661495","80.62434924616223","65.89434945066121","87.61522128333415","80.0753647457985","81.15102694979731","38.10628777131876","76.64462862056776","33.77158752546623","54.465929016423395","39.4098946809237","26.012637796408107","15.52429542799432","57.03094911773844","41.336489273560304","86.20753538198305","82.98402307538946","68.1281551098121","39.60221130768321","42","0.0012011244339814315","0.24372344481126043","0.11789308596430843","0.11443791305290832","0.05987182346767445","0.24372344481126043","73.60081062028426","0.5365832412242889","50.82393730846011","[81.52339927162511,65.89434945066121,80.0753647457985,38.10628777131876,33.77158752546623,39.4098946809237,15.52429542799432,41.336489273560304,82.98402307538946,39.60221130768321,84.99008797414956,57.13976560037046,28.196401023732378,86.68732848922896,36.00403086874854,38.93671632749041,33.07904257744787,24.67184546049153,57.721688008661495]"
"epoch_41","finished","-","","","2025-06-06T18:40:40.000Z","265","","84.24051385022679","81.72696979645548","89.23948299105432","85.29133234228749","72.18109907059726","56.91858384712489","56.411634415733346","27.38913651684155","91.69077129914808","85.16323028749734","71.40484854441816","36.98965038774241","85.89030722069785","37.06325793530447","81.15837750054288","33.072853467941556","77.359462538445","23.01191490905133","70.87416289453607","58.19309689476013","80.63136173433004","65.64469027776471","87.69113510967277","80.88343150564536","80.79066178498093","36.56592684392369","76.08058353924291","33.93487919397918","54.45929683646868","39.25172102899418","24.259466143149993","15.991819803364567","56.52035387138805","38.08710075299972","86.34529820391622","83.1548172266437","68.21943227619927","34.945305971770196","41","0.0013354427415283657","0.24452858780328252","0.11846877833586612","0.11452138437190432","0.06016411662632576","0.24452858780328252","73.44464472761835","0.5359491648674011","50.17261678895221","[81.72696979645548,65.64469027776471,80.88343150564536,36.56592684392369,33.93487919397918,39.25172102899418,15.991819803364567,38.08710075299972,83.1548172266437,34.945305971770196,85.29133234228749,56.91858384712489,27.38913651684155,85.16323028749734,36.98965038774241,37.06325793530447,33.072853467941556,23.01191490905133,58.19309689476013]"
"epoch_40","finished","-","","","2025-06-06T18:36:17.000Z","263","","84.25317490925597","81.93073307906145","89.2757532527103","85.34339948221266","72.09170282239397","57.521120857756536","55.50646665007698","26.75513198569739","91.59779341422144","85.53987455531231","70.66884733147786","38.757485929457005","85.33105479589966","39.53611463105565","82.00292126130493","34.572476947804745","76.87467391337512","23.259671269977588","71.01717381992783","57.9172268769686","80.42050716013406","65.66452793722982","87.57710986039653","81.27042447731117","81.26859648979791","38.481615371271324","76.51443809230481","33.68135320466758","54.48052493111675","39.52154178154195","23.26854238855201","19.127567524036635","57.67911590495005","42.201684113666296","86.56024752028182","80.76092174234752","67.67034312087935","35.46482407807221","40","0.0014682736788600235","0.24546373311344905","0.11931708434231712","0.11458159094017575","0.06056486353581492","0.24546373311344905","73.37152566521355","0.536647305727005","50.91093136028676","[81.93073307906145,65.66452793722982,81.27042447731117,38.481615371271324,33.68135320466758,39.52154178154195,19.127567524036635,42.201684113666296,80.76092174234752,35.46482407807221,85.34339948221266,57.521120857756536,26.75513198569739,85.53987455531231,38.757485929457005,39.53611463105565,34.572476947804745,23.259671269977588,57.9172268769686]"
"epoch_39","finished","-","","","2025-06-06T18:31:52.000Z","265","","84.07601724456232","81.9117044241693","89.2123089397566","85.30802208313892","72.18458099779578","58.11483699392737","55.4382430195109","27.149467222846752","91.76629400572762","85.94503133072496","67.80405502596794","35.14450039699771","85.25190941922924","37.19448425655646","80.28433802409535","37.5062035387597","77.00620055678468","23.681683475384215","70.9715888357892","58.19296057169097","80.61881373207254","65.2971244433841","87.5920567540949","81.14046305578006","80.15424346601314","38.92014786597496","76.18573391773674","32.73901918298801","54.285126169818184","39.731301007672165","24.15755225984871","16.1740793457042","57.16404937313051","43.349460641661466","86.67552416684356","81.50671438591817","67.66203025673097","35.165925592077826","39","0.0015997806152591378","0.24744765221617604","0.12122590718530211","0.11472874385027484","0.06129066428079557","0.24744765221617604","73.07845611397416","0.5346963944435119","50.745954200808285","[81.9117044241693,65.2971244433841,81.14046305578006,38.92014786597496,32.73901918298801,39.731301007672165,16.1740793457042,43.349460641661466,81.50671438591817,35.165925592077826,85.30802208313892,58.11483699392737,27.149467222846752,85.94503133072496,35.14450039699771,37.19448425655646,37.5062035387597,23.681683475384215,58.19296057169097]"
"epoch_38","finished","-","","","2025-06-06T18:27:27.000Z","265","","84.01829453859163","81.42645096589021","89.20191605800007","85.13397493921559","71.8106789878614","58.198313112807874","55.44964098221621","27.322801835772832","91.86025496420572","86.01171156287138","68.46370828186323","35.16408388608431","85.61283886493342","38.320448446108614","81.21184273739011","34.93575279671282","76.85661112630088","21.56870190961261","70.95365410246887","58.090435697248935","80.59376740829596","65.3919433738075","87.39356049484576","80.33832479103283","80.5084934187122","36.3266505967429","76.06737598595453","33.661022517987185","54.22429386418275","39.63739856850755","24.470301234300734","15.455789860300207","57.185723891665496","42.63800313341445","86.76895126247847","83.28669702143915","69.15900613350064","38.32133912808872","38","0.001730095732479772","0.24824961985795552","0.12167417212524488","0.1148303847655692","0.06167570524315798","0.24824961985795552","73.25320601777726","0.5381446299552918","50.59104442861293","[81.42645096589021,65.3919433738075,80.33832479103283,36.3266505967429,33.661022517987185,39.63739856850755,15.455789860300207,42.63800313341445,83.28669702143915,38.32133912808872,85.13397493921559,58.198313112807874,27.322801835772832,86.01171156287138,35.16408388608431,38.320448446108614,34.93575279671282,21.56870190961261,58.090435697248935]"
"epoch_37","finished","-","","","2025-06-06T18:23:03.000Z","264","","83.97428010557003","81.14534883959922","89.21898897384702","85.31463496156677","71.72286092732769","57.4272415825724","55.16362875778231","26.88824878586758","91.73767774863668","85.85095959370037","69.95195347737364","36.92598108500365","85.38585472021818","37.15319385881816","83.08201191020751","34.93605224496366","76.49649782421271","24.97221884604031","70.38086648209583","58.21264105742491","80.53331250294153","65.9556264721893","87.54046423904094","80.96990701005251","80.07293810033987","35.867145271321185","75.61199068939443","33.23235032367391","54.01468910104392","40.13422618647599","23.300728097523752","18.00833175293516","57.9199027178755","43.156540715347745","86.6829026318344","82.31476876803025","67.8192962180448","39.9832560771168","37","0.0018593280900972829","0.250100713232698","0.12322065063560282","0.11494349140398982","0.062386250715826","0.250100713232698","73.19004448554267","0.5350996022224426","50.97098281224736","[81.14534883959922,65.9556264721893,80.96990701005251,35.867145271321185,33.23235032367391,40.13422618647599,18.00833175293516,43.156540715347745,82.31476876803025,39.9832560771168,85.31463496156677,57.4272415825724,26.88824878586758,85.85095959370037,36.92598108500365,37.15319385881816,34.93605224496366,24.97221884604031,58.21264105742491]"
"epoch_36","finished","-","","","2025-06-06T18:18:39.000Z","263","","83.94153547010751","81.44985589691507","89.03727893900675","84.95569032955697","71.27230972602052","57.3636894918699","53.59010802140482","28.890954727154405","92.01518414947472","86.1091044763075","70.56343257507363","39.40416558244427","86.0888798499379","37.24876589793474","82.58110002905929","35.77918572192914","76.58284934211729","23.703972812515797","70.54187429541412","58.15561448838652","80.39414516278084","66.01993633356831","87.51159815660469","80.40096587875085","80.7488701101061","35.57633852166938","75.51464756657327","33.9999130193695","53.8857972617064","39.58001607049083","21.66524732089792","12.796735444647313","58.075801324515375","39.605860217813685","86.83532411434042","83.77947212909919","68.54851512890095","37.08827003320101","36","0.001987569142293747","0.2511595293462428","0.12419467034534036","0.11501725673978869","0.06274149426597979","0.2511595293462428","73.12602623916014","0.5357224893569946","50.62676353019076","[81.44985589691507,66.01993633356831,80.40096587875085,35.57633852166938,33.9999130193695,39.58001607049083,12.796735444647313,39.605860217813685,83.77947212909919,37.08827003320101,84.95569032955697,57.3636894918699,28.890954727154405,86.1091044763075,39.40416558244427,37.24876589793474,35.77918572192914,23.703972812515797,58.15561448838652]"
"epoch_35","finished","-","","","2025-06-06T18:14:13.000Z","266","","83.86734172504377","81.52415146530619","89.15560424014414","85.46204244711359","71.45276197172706","56.1884006922288","51.86841839085628","26.677376207343872","91.82748192816642","86.32408074727455","71.36839646346938","36.90751906083517","86.19799977798438","37.862657112367145","81.90839509837669","35.53985145770977","76.9809810709032","26.17062362070192","70.43292072102683","58.218058247445526","80.46924892119395","65.57070460030039","87.59545698578478","80.37893666141555","80.27980245497277","37.38809007373944","76.26082160191676","33.27122687174026","53.65811255942904","39.39706195798347","23.001786414330752","15.03701310252938","57.831668356036914","43.044498082236096","86.51583313667417","82.28351153350937","68.83472319767424","39.76329672671661","35","0.0021148966368853116","0.2527876520960689","0.12554534448846302","0.11519886505891956","0.06343655881611748","0.2527876520960689","73.13198710609008","0.5364494590759278","50.89521582465774","[81.52415146530619,65.57070460030039,80.37893666141555,37.38809007373944,33.27122687174026,39.39706195798347,15.03701310252938,43.044498082236096,82.28351153350937,39.76329672671661,85.46204244711359,56.1884006922288,26.677376207343872,86.32408074727455,36.90751906083517,37.862657112367145,35.53985145770977,26.17062362070192,58.218058247445526]"
"epoch_34","finished","-","","","2025-06-06T18:09:49.000Z","264","","83.8727822487687","81.39410630734581","89.17367164802982","85.4711216625094","71.27566053697872","57.93289481343501","54.2321723753256","28.443534711587898","91.81596644634324","86.41103844063242","68.43100208460781","35.62374321099021","86.07835576560663","38.99991754965622","82.8935576174468","31.849545048668343","76.80705861905028","25.0104726427545","70.21541602619972","58.06185610148916","80.38860536442195","66.03490314694628","87.55905455833629","80.27330737369243","80.28847716365397","37.170732443465205","74.61603007448831","32.60548542493705","53.594645764081385","39.771385492359826","21.77590846272863","13.522430297867423","57.89358918447449","42.37105495596254","86.74404298007107","83.59438518771464","67.83513741515002","39.70868063245804","34","0.0022413774476912982","0.25429426455922405","0.12673074729342498","0.11533744254033378","0.06400832587867293","0.25429426455922405","72.92058601767177","0.5282324125766754","50.75003133918276","[81.39410630734581,66.03490314694628,80.27330737369243,37.170732443465205,32.60548542493705,39.771385492359826,13.522430297867423,42.37105495596254,83.59438518771464,39.70868063245804,85.4711216625094,57.93289481343501,28.443534711587898,86.41103844063242,35.62374321099021,38.99991754965622,31.849545048668343,25.0104726427545,58.06185610148916]"
"epoch_33","finished","-","","","2025-06-06T18:05:22.000Z","267","","83.81088640949255","81.20981619581354","89.11104888425359","85.14296446220045","70.88752695856633","57.408759753396296","51.69386192751189","26.647837190548817","91.95339276618851","85.83648065296859","69.8423444767762","34.74493965024641","86.04827121182443","38.61772399263111","80.67649215867398","34.03600330647898","75.73190268468562","22.385826584653373","70.0430232228321","57.700762209196355","80.04167931910104","65.66994385371007","87.48338639229252","80.43826630130359","79.93550657328203","37.90672631274342","75.2247031158281","32.906010906177684","53.44742445336557","39.90664623072882","22.146831687701564","11.624962848123127","58.66272302536053","44.692028233065066","86.83937993849582","83.67487730366125","68.24349573457825","39.28533185920662","33","0.0023670696807283707","0.2559976047686948","0.12831159616623822","0.11549334992055069","0.0646670766591874","0.2559976047686948","72.72757268109528","0.5319469048976898","50.51767936036071","[81.20981619581354,65.66994385371007,80.43826630130359,37.90672631274342,32.906010906177684,39.90664623072882,11.624962848123127,44.692028233065066,83.67487730366125,39.28533185920662,85.14296446220045,57.408759753396296,26.647837190548817,85.83648065296859,34.74493965024641,38.61772399263111,34.03600330647898,22.385826584653373,57.700762209196355]"
"epoch_32","finished","-","","","2025-06-06T18:00:56.000Z","266","","83.61913765709706","81.12683590360068","89.05579498868094","85.27149702211725","71.2068634215752","57.392641279309274","50.67415890018889","29.822367392610015","91.92258886384631","86.31425063785954","69.47065934261906","38.19856591922037","84.46407706167375","38.22224153833524","79.12222821335332","34.11344530214262","75.7377349950453","25.536120761950393","69.9958525942126","58.72228229054824","80.13670023398714","65.45677465067203","87.55778290049693","80.56046278002732","79.84019109250266","36.11551360554729","76.26684930892398","34.212788389930495","53.37256896805358","40.10892401819075","21.770033712080192","13.941783423086948","58.20960895581992","41.82701906356669","86.94974965154387","83.33494358998709","68.19434301863127","40.71441692365762","32","0.0024920242723086524","0.2579044106655752","0.12967179791466274","0.11564483400671231","0.06545363010189309","0.2579044106655752","72.50352230949116","0.5298257617950439","51.104888131176835","[81.12683590360068,65.45677465067203,80.56046278002732,36.11551360554729,34.212788389930495,40.10892401819075,13.941783423086948,41.82701906356669,83.33494358998709,40.71441692365762,85.27149702211725,57.392641279309274,29.822367392610015,86.31425063785954,38.19856591922037,38.22224153833524,34.11344530214262,25.536120761950393,58.72228229054824]"
"epoch_31","finished","-","","","2025-06-06T17:56:31.000Z","265","","83.56651153851182","81.0375426420552","89.053046931807","85.033807116669","70.71021716987062","58.21180133059174","52.78369090419328","25.501174158761017","92.02715759668584","85.50211909004051","68.00970414882161","36.157448122961355","85.25702243421298","37.83627785585224","80.85176973919907","36.15686161473495","75.17758524701415","28.86586355408525","69.97267923665935","58.37460277013016","80.09881295497149","66.03354570977484","87.66222717509368","81.24478245083085","79.81937760426443","36.56157560552576","76.17564220878201","34.552577214533194","53.14594160465077","39.912465284096434","21.026095646036417","15.198993895249824","58.4580789176926","43.7608130465611","86.89734506407083","82.92815078748886","66.50024248775479","36.67454361157976","31","0.002616286223107676","0.26037987429677073","0.13223404130180377","0.11582086589803524","0.06632700400384328","0.26037987429677073","72.4838499268575","0.5288955769538879","51.02868136113275","[81.0375426420552,66.03354570977484,81.24478245083085,36.56157560552576,34.552577214533194,39.912465284096434,15.198993895249824,43.7608130465611,82.92815078748886,36.67454361157976,85.033807116669,58.21180133059174,25.501174158761017,85.50211909004051,36.157448122961355,37.83627785585224,36.15686161473495,28.86586355408525,58.37460277013016]"
"epoch_30","finished","-","","","2025-06-06T17:52:07.000Z","264","","83.46841676049361","81.10244058618858","89.03057026651216","85.25662893221751","71.41547185081066","57.83064121022764","53.569114626641735","29.05062770875674","91.93114632303204","86.36989756628641","68.20533385431126","35.11235734220836","85.2672178693563","38.21895726707418","82.00048528129209","37.25747842450197","75.87008429691632","24.27502124898324","69.43099407639964","58.36685415788144","80.15692537964749","65.30908240039575","87.48643626685258","80.21058252534007","79.55575526713913","37.71909016756881","75.05277868569232","33.3395451735797","52.913960692034365","39.37230485215574","19.012692281314227","9.252349942527816","58.1966960559276","44.2166835638649","87.30930177887511","84.96077751195604","67.71848823193403","37.98767349510362","30","0.0027398955659630434","0.26215211611061","0.13361777619247825","0.11604869921167994","0.06705239827510055","0.26215211611061","72.50483525500961","0.533298921585083","50.80047337246413","[81.10244058618858,65.30908240039575,80.21058252534007,37.71909016756881,33.3395451735797,39.37230485215574,9.252349942527816,44.2166835638649,84.96077751195604,37.98767349510362,85.25662893221751,57.83064121022764,29.05062770875674,86.36989756628641,35.11235734220836,38.21895726707418,37.25747842450197,24.27502124898324,58.36685415788144]"
"epoch_29","finished","-","","","2025-06-06T17:47:44.000Z","263","","83.38866490801458","80.74287592986461","89.01385184913464","85.18615292608331","71.05463228652471","58.88179457206122","52.87117118754527","30.82441677417827","91.89759363465612","86.62121922259338","67.0615506350516","39.41423916263454","84.39524014376232","40.4335831866277","81.21873229111561","39.71565670414038","75.28168572866413","23.090696397450273","69.71968247425578","58.190551862944815","80.05347769901135","65.99659337224413","87.52563131412191","81.21921506888799","79.3473063877804","37.246392407512815","75.44924193162724","33.56370528540397","52.78002907913959","39.95804896455592","19.1015451526192","18.120645715226043","59.383752022715875","47.827651809706744","87.31931972574002","81.43059779813046","67.11089435304226","37.924659581738965","29","0.0028628881353220826","0.26453578510053893","0.13598212133382112","0.11626719526055508","0.06791514213227741","0.26453578510053893","72.31442120023803","0.5273713717460632","51.91519456536767","[80.74287592986461,65.99659337224413,81.21921506888799,37.246392407512815,33.56370528540397,39.95804896455592,18.120645715226043,47.827651809706744,81.43059779813046,37.924659581738965,85.18615292608331,58.88179457206122,30.82441677417827,86.62121922259338,39.41423916263454,40.4335831866277,39.71565670414038,23.090696397450273,58.190551862944815]"
"epoch_28","finished","-","","","2025-06-06T17:43:19.000Z","265","","83.37033506324329","81.47937497885609","88.9005912999043","85.03195502128827","71.6608785818918","58.43232035844843","53.41882341929143","28.89327041179132","91.91930116908708","86.41270946878093","69.64509998043751","34.62134179644794","84.1489592154237","37.58565683344941","79.4311557194126","34.282043158376446","75.07089869582718","26.06913904589226","69.12368062177893","58.00301240548302","79.90255728217144","65.24792958533784","87.58004286352899","81.13209678714327","79.0806903591064","38.20525228681027","75.38346754661359","33.382128849410506","52.45096135572667","39.186942929302546","18.565734038189795","12.337453136285989","59.66477487544984","44.69010951825363","87.01344208868497","82.911395507195","66.67749684887593","31.872043507455743","28","0.002985296186515655","0.26731054147387884","0.1382901951784396","0.11649981309818554","0.06903834393574991","0.26731054147387884","72.2636258434024","0.5319740650653839","50.51453555715836","[81.47937497885609,65.24792958533784,81.13209678714327,38.20525228681027,33.382128849410506,39.186942929302546,12.337453136285989,44.69010951825363,82.911395507195,31.872043507455743,85.03195502128827,58.43232035844843,28.89327041179132,86.41270946878093,34.62134179644794,37.58565683344941,34.282043158376446,26.06913904589226,58.00301240548302]"
"epoch_27","finished","-","","","2025-06-06T17:38:55.000Z","264","","83.23846989128249","81.34188485949039","88.92306252662961","85.178846202647","70.81003400881325","58.62891667677748","49.721552461215246","28.641828816693938","91.7134072570631","85.82849893430294","69.61925676900118","38.64683221258642","82.85488133386102","37.406499967565026","75.5073235646679","33.07818383167219","74.3346888037601","22.663393707412222","69.0753649921129","57.68195235881189","79.66820856976304","65.68736336140539","87.62507298079105","81.27023882401137","78.85022421121887","37.29419071332209","74.19578986762674","34.72366291217542","52.1757215930586","39.62282411585661","19.47758056842623","14.671512280064524","57.37408939912775","45.70132373026677","87.17503431505543","81.9508078120876","67.83302659025145","33.674022341977654","27","0.003107148899671073","0.27072376490549277","0.1413088293210544","0.1166874033424994","0.0705166677956211","0.27072376490549277","71.588041563354","0.5301806492805481","50.72067282416457","[81.34188485949039,65.68736336140539,81.27023882401137,37.29419071332209,34.72366291217542,39.62282411585661,14.671512280064524,45.70132373026677,81.9508078120876,33.674022341977654,85.178846202647,58.62891667677748,28.641828816693938,85.82849893430294,38.64683221258642,37.406499967565026,33.07818383167219,22.663393707412222,57.68195235881189]"
"epoch_26","finished","-","","","2025-06-06T17:34:32.000Z","263","","83.17848597074287","80.81152376223898","88.96771008755884","85.13019701718531","70.55096265018499","58.26305051021765","50.53828659978426","29.50433859707736","91.80509663752548","86.67172749474442","65.42391966569198","35.583184270250776","84.15575464601177","38.97312794089672","73.96696871605279","26.445352489025375","74.56346407865443","25.9488980980871","69.1561634418978","57.92329426250685","79.84086734592827","66.32873362492184","87.57709479430478","80.9912723442085","78.98811618243357","38.96856767648648","74.5552745357705","32.649260487054","51.99432137636343","39.67543377308293","18.166581125121795","13.382795035606392","57.3354830088016","41.44050083696123","87.48146826644452","83.52183951456259","67.10683529543796","42.07063359776816","26","0.0032284727938413312","0.2723871144553784","0.14265708943814723","0.11691406725623832","0.07103716586799415","0.2723871144553784","71.33436075919536","0.5226341121196747","50.75177533330962","[80.81152376223898,66.32873362492184,80.9912723442085,38.96856767648648,32.649260487054,39.67543377308293,13.382795035606392,41.44050083696123,83.52183951456259,42.07063359776816,85.13019701718531,58.26305051021765,29.50433859707736,86.67172749474442,35.583184270250776,38.97312794089672,26.445352489025375,25.9488980980871,57.92329426250685]"
"epoch_25","finished","-","","","2025-06-06T17:30:08.000Z","264","","83.13623345458728","81.20937770946007","88.7971723923043","85.10196378533577","71.46172027274216","59.2671425780694","51.851926707906074","29.001785202889508","91.81625621465896","86.24096724130801","67.29605651827234","33.04225150898246","84.00649850363403","37.84052823819277","74.66756604225777","26.85878083247687","73.7448220740915","30.44950932667996","68.88916295798695","58.03305656747326","79.69621530447884","64.8433366675453","87.37966242291205","80.20673883506319","78.27653005901128","36.74542502776513","74.1217922433298","33.169790985138796","51.569074999584785","40.13495974172533","16.61967844688781","9.51765356679013","58.81596176564905","44.16397116162669","87.52993017647171","84.92933336880128","67.79853269769944","41.321109242744264","25","0.003349292070425916","0.2761796955540587","0.14665323577385217","0.11718494416648197","0.07243887079126052","0.2761796955540587","71.44604175023504","0.5296549475193024","50.63566745200359","[81.20937770946007,64.8433366675453,80.20673883506319,36.74542502776513,33.169790985138796,40.13495974172533,9.51765356679013,44.16397116162669,84.92933336880128,41.321109242744264,85.10196378533577,59.2671425780694,29.001785202889508,86.24096724130801,33.04225150898246,37.84052823819277,26.85878083247687,30.44950932667996,58.03305656747326]"
"epoch_24","finished","-","","","2025-06-06T17:25:43.000Z","265","","83.06283846902998","81.12126644374258","88.8192103219799","85.21085671433949","70.5113627956988","57.64922523201188","50.19007577855542","22.608735781350948","91.97065504820732","86.22380398483027","65.54072872160853","38.606022287360034","82.71907636835022","35.00864875104059","77.29191511443983","33.04169069166937","71.87168978499054","19.98128482511235","67.83819042688401","57.83473337829829","79.32907826734589","65.51666966570333","87.42422048890984","81.01860034198545","77.8360221811219","38.314112642486","74.68037312787654","35.21600073914356","51.38589584335315","39.94125235061883","17.18787349691849","11.125806233722574","59.09283362112364","42.858983189981856","87.65347373428295","83.27012602008911","66.42072807733676","38.91192482094048","24","0.003469628900303773","0.27833260880171795","0.1480865308839553","0.11740486009127007","0.07336267157820345","0.27833260880171795","71.09611798252706","0.5250182545185089","50.18209179444352","[81.12126644374258,65.51666966570333,81.01860034198545,38.314112642486,35.21600073914356,39.94125235061883,11.125806233722574,42.858983189981856,83.27012602008911,38.91192482094048,85.21085671433949,57.64922523201188,22.608735781350948,86.22380398483027,38.606022287360034,35.00864875104059,33.04169069166937,19.98128482511235,57.83473337829829]"
"epoch_23","finished","-","","","2025-06-06T17:21:19.000Z","264","","82.8547655167311","80.27778396793843","88.77165213413409","85.40304275179102","70.26133094246289","58.849946967978475","51.27046601216567","27.045398030847807","91.82209949247","86.63667888894932","65.5181055047337","36.16120148537695","81.80812006888205","38.52693437019244","75.63177344164826","32.406912483092945","73.27023561647172","28.81853065521163","68.67283887438114","58.19880631948507","79.3765840644733","66.6129347752722","87.40276844678195","80.3734351914065","77.60026544172163","36.42309136533247","74.29617815595478","34.0109011911217","51.08010270511924","38.87542288128173","16.013719227609897","9.85779310130371","59.30974794426771","45.548139090128345","88.05295860759941","84.40818050708647","68.27112867234656","41.992600617845056","23","0.0035895036657158383","0.2809805386242369","0.1504751251057814","0.11771502787526934","0.07441104225264554","0.2809805386242369","71.1202547826292","0.5299191586971282","51.07514392850749","[80.27778396793843,66.6129347752722,80.3734351914065,36.42309136533247,34.0109011911217,38.87542288128173,9.85779310130371,45.548139090128345,84.40818050708647,41.992600617845056,85.40304275179102,58.849946967978475,27.045398030847807,86.63667888894932,36.16120148537695,38.52693437019244,32.406912483092945,28.81853065521163,58.19880631948507]"
"epoch_22","finished","-","","","2025-06-06T17:16:55.000Z","264","","82.7708204209494","80.67506021912487","88.69314007550699","85.03259782088489","70.39603207345428","58.592442390733304","52.40938510470525","30.8648094666758","91.77003565632192","86.60768144584387","63.86539823654099","35.57845924298562","84.04294518047712","37.44551252120003","72.88301943225517","27.097219888347425","73.92376000948929","22.384864278379467","68.34458010419361","57.84706192929136","79.42656352079285","65.82170823780072","87.36561257436917","80.15780349681387","77.56865932530575","38.7518040091205","74.00744498595076","34.573104265640985","50.737109736514185","39.78184994581627","16.955080206991433","9.047048115760486","59.292993532372826","47.32402555568735","87.66352234385727","84.76186419266027","68.2840440935895","43.31423744795961","22","0.0037089351654411625","0.2849172953582599","0.15401721451877032","0.1180197883577444","0.07590295057791183","0.2849172953582599","71.07369192703356","0.5266503744125366","50.82416602477509","[80.67506021912487,65.82170823780072,80.15780349681387,38.7518040091205,34.573104265640985,39.78184994581627,9.047048115760486,47.32402555568735,84.76186419266027,43.31423744795961,85.03259782088489,58.592442390733304,30.8648094666758,86.60768144584387,35.57845924298562,37.44551252120003,27.097219888347425,22.384864278379467,57.84706192929136]"
"epoch_21","finished","-","","","2025-06-06T17:12:29.000Z","266","","82.69280172136307","80.62221492122994","88.61391504230063","85.10132261922894","70.01643585401285","59.003726614914534","52.54285291512307","26.865541375507735","91.66710698857786","86.35335435516006","65.335064409635","31.918727442017815","84.70537695256564","38.12374727162059","73.64442206471963","27.08328230114705","72.99782526238464","26.268511352470053","67.85903013965225","57.47235021792887","79.1707615730788","66.73759010774853","87.24071782377165","80.78486631731542","77.04016436832462","37.2931378203236","73.91961126943528","34.33543035703358","50.40712462497753","39.12786490284116","16.04061799993254","9.614926993345044","59.94234670175464","45.29636035833256","87.87086453168943","83.98138734971954","67.78372438046047","41.749649402113384","21","0.003827940789949578","0.28930928002635337","0.15793410512327238","0.1184112074341786","0.07775275209212425","0.28930928002635337","71.02582971703998","0.5251793093681335","50.407052214736765","[80.62221492122994,66.73759010774853,80.78486631731542,37.2931378203236,34.33543035703358,39.12786490284116,9.614926993345044,45.29636035833256,83.98138734971954,41.749649402113384,85.10132261922894,59.003726614914534,26.865541375507735,86.35335435516006,31.918727442017815,38.12374727162059,27.08328230114705,26.268511352470053,57.47235021792887]"
"epoch_20","finished","-","","","2025-06-06T17:08:04.000Z","265","","82.6132083217176","80.72545684789428","88.58946681547509","85.13936651043487","70.26092702388954","58.36295219166875","53.36229484644696","28.023179100721624","91.73178994657763","86.55353813287779","62.45812697369634","34.78698949128255","84.11488033514097","37.6665567348646","74.11935179553562","31.31353122247186","72.91636588222083","29.40713448333611","67.2971608387645","57.9539327668406","78.9945792916085","65.43380372501544","87.36420211521683","81.02076668450479","76.55008016020524","36.59645607246248","73.18444352244836","34.78582574960417","50.00182562318019","39.8401735407904","15.77597804380932","10.479030118933654","59.25480123188168","46.15475503594063","87.68151698455053","84.06757370184104","66.95145995886509","41.79453828044972","20","0.0039465366718084705","0.2937756961083594","0.16238716760361163","0.11873490600337204","0.07935685861580852","0.2937756961083594","70.69591893217003","0.5234643769264221","51.05818738904923","[80.72545684789428,65.43380372501544,81.02076668450479,36.59645607246248,34.78582574960417,39.8401735407904,10.479030118933654,46.15475503594063,84.06757370184104,41.79453828044972,85.13936651043487,58.36295219166875,28.023179100721624,86.55353813287779,34.78698949128255,37.6665567348646,31.31353122247186,29.40713448333611,57.9539327668406]"
"epoch_19","finished","-","","","2025-06-06T17:03:39.000Z","265","","82.60126861870644","80.6217354631422","88.57839220759062","84.9358595438246","71.17281561647074","58.169736140190466","51.17818704796544","26.97924453189216","91.56605751337416","86.43594155525133","65.07723876109179","35.0208417142417","83.03391531447707","36.40837853236942","71.67793088200024","25.69719623140455","72.33945619715465","23.48253621233845","67.04284712060311","57.61804636888503","78.73052323291991","65.35785235609623","87.26196546351689","81.05282943962393","76.78288416919507","38.2665331759528","73.91310526028624","34.73979195895604","49.44895053887404","39.095903199631046","14.560539102075188","8.891929096769703","60.74521075824318","45.50368726926497","87.48324401773475","84.13553725753276","67.36936219561636","41.10904519998838","19","0.004064737815548387","0.29770191870724577","0.16567902033793108","0.119138448596304","0.08109385806488931","0.29770191870724577","70.55599442199453","0.5269560742378235","50.1854013288082","[80.6217354631422,65.35785235609623,81.05282943962393,38.2665331759528,34.73979195895604,39.095903199631046,8.891929096769703,45.50368726926497,84.13553725753276,41.10904519998838,84.9358595438246,58.169736140190466,26.97924453189216,86.43594155525133,35.0208417142417,36.40837853236942,25.69719623140455,23.48253621233845,57.61804636888503]"
"epoch_18","finished","-","","","2025-06-06T16:59:13.000Z","266","","82.42031971284244","80.30541860129027","88.54918687788243","84.92944946932583","70.48815603141976","59.744418090706205","50.629190382796374","24.717915012340377","91.7326877329969","86.36883626404507","63.08389190523278","35.403332157663684","83.18459918052666","39.50615804086058","69.66919158064083","27.08186619718309","71.25606558095173","25.6442399529792","66.39386522222267","58.100215130303035","78.69915258019743","66.19625559657743","87.12554545987284","81.32338035057721","76.1815418955259","37.45596345019387","73.12644709174641","34.2486387632118","49.150380919758234","38.99472938526585","13.987936411748215","11.70554125624342","60.11305132160057","47.66652966846593","88.00926851552153","83.122546008188","68.09390363557125","40.46845566328154","18","0.004182558210365093","0.3021437890126202","0.16989722220421444","0.11957334609507908","0.08271964444155608","0.3021437890126202","70.09970431784501","0.5220869510173798","50.68336258203697","[80.30541860129027,66.19625559657743,81.32338035057721,37.45596345019387,34.2486387632118,38.99472938526585,11.70554125624342,47.66652966846593,83.122546008188,40.46845566328154,84.92944946932583,59.744418090706205,24.717915012340377,86.36883626404507,35.403332157663684,39.50615804086058,27.08186619718309,25.6442399529792,58.100215130303035]"
"epoch_17","finished","-","","","2025-06-06T16:54:48.000Z","265","","82.21737040619955","80.04018404966675","88.45202342014315","84.94337216348929","70.44038361527807","58.445668363955605","50.76820275783746","31.862663630874227","91.58969021881605","86.9611997689091","60.323966285680875","39.04458070390781","84.12011817245892","37.15921676964725","66.93710133239786","28.655084203794495","71.59075458871516","28.993017552167316","66.3631056155244","57.95652891349785","78.29147429178653","66.1463063441871","87.08064437130729","80.6995210919724","75.79137586685897","37.48710885935437","72.99385310604724","35.268219667858574","48.573084833297045","38.89201512813049","15.399810061150212","9.037111317182616","60.03717690679127","47.43124826110143","87.84266926987789","84.94458080946691","69.10359677868763","44.9132797600145","17","0.0043000109283920515","0.30785441500995","0.1751120729566227","0.1199957779193956","0.08507756350452966","0.30785441500995","69.89033694204501","0.520131100654602","51.52004775574621","[80.04018404966675,66.1463063441871,80.6995210919724,37.48710885935437,35.268219667858574,38.89201512813049,9.037111317182616,47.43124826110143,84.94458080946691,44.9132797600145,84.94337216348929,58.445668363955605,31.862663630874227,86.9611997689091,39.04458070390781,37.15921676964725,28.655084203794495,28.993017552167316,57.95652891349785]"
"epoch_16","finished","-","","","2025-06-06T16:50:22.000Z","265","","82.20417263368955","80.60108558579839","88.37698120108529","85.09573618703897","70.65789364799807","60.77726705213093","52.24163927370433","28.677298921401253","91.60155060991184","86.77694199495308","58.26737032540418","32.83548087262388","82.4273943526192","38.09575620147747","64.19970421959074","23.534968337823177","70.7679705670741","30.056834063169653","65.75554384194356","57.770894734968046","78.13295410435049","66.3150736316084","86.7381167455328","79.6361903386478","74.63186660079096","39.509385161133345","72.9134249465933","34.39218857428589","48.08030177091568","39.303953466689144","14.331235781116206","8.280619581741238","59.33550006551173","48.08389832872967","88.23403558439938","84.97590306979397","69.15759052004422","45.06808668010701","16","0.0044171082107721344","0.3129497332351505","0.17917479923511584","0.12053815700094817","0.087311300356652","0.3129497332351505","69.37132877854084","0.5239431400299073","51.04145067284848","[80.60108558579839,66.3150736316084,79.6361903386478,39.509385161133345,34.39218857428589,39.303953466689144,8.280619581741238,48.08389832872967,84.97590306979397,45.06808668010701,85.09573618703897,60.77726705213093,28.677298921401253,86.77694199495308,32.83548087262388,38.09575620147747,23.534968337823177,30.056834063169653,57.770894734968046]"
"epoch_15","finished","-","","","2025-06-06T16:45:57.000Z","265","","82.053953378926","79.75452363187098","88.19474654483248","84.93863331992111","70.48848450073476","58.220574193691945","49.79725333496274","27.06104650361504","91.4031270645093","86.57669578390167","58.67128017617862","33.43487834462472","80.39584711230961","38.030649055267105","62.08377717584279","20.06237273138446","69.98004003980003","23.66787563831898","65.33122435655251","57.17460226660184","78.02576914742603","65.41103123832764","86.7274527389886","80.80697852095288","72.66963272931154","36.66630073964721","72.40700586654766","33.831032541693254","47.72248461001964","39.17561901753373","14.475436937919667","9.358671719685702","59.60666194402644","48.00569599179434","87.91264090801025","84.87688536827186","68.18850886758713","42.911924285073226","15","0.004533861543357625","0.32074311834406916","0.1857466897702096","0.12102048601433824","0.09084244118884928","0.32074311834406916","68.74396460181504","0.5266300339698792","49.99821004695671","[79.75452363187098,65.41103123832764,80.80697852095288,36.66630073964721,33.831032541693254,39.17561901753373,9.358671719685702,48.00569599179434,84.87688536827186,42.911924285073226,84.93863331992111,58.220574193691945,27.06104650361504,86.57669578390167,33.43487834462472,38.030649055267105,20.06237273138446,23.66787563831898,57.17460226660184]"
"epoch_14","finished","-","","","2025-06-06T16:41:32.000Z","265","","81.94104752001846","79.81302013095424","88.20092901932736","84.78111147665635","69.17106609788692","60.209801971182145","50.77938216553427","32.92055541634527","91.25689992799283","86.89642920155227","58.69088676566518","34.195361858283206","81.37160259922737","38.37371777852282","57.72721639662235","24.084109119540543","70.32715444148872","33.73894182823383","64.99949441435278","57.97217669745839","77.9603185121712","65.97213325938698","86.70802269822218","81.10201774936078","73.02732304107195","36.538261820903486","71.9177760084159","34.82906163667842","46.96863014482798","39.11305981961564","13.746913402445188","11.115087729299988","59.14956584502882","47.647100492267626","88.17539060001072","83.79166124604916","67.82059978235439","44.74305203857431","14","0.004650281723548955","0.3254880387591952","0.18950673255301617","0.12159085736323252","0.09276836846052236","0.3254880387591952","68.41790628329814","0.5235808155536652","51.4650874353087","[79.81302013095424,65.97213325938698,81.10201774936078,36.538261820903486,34.82906163667842,39.11305981961564,11.115087729299988,47.647100492267626,83.79166124604916,44.74305203857431,84.78111147665635,60.209801971182145,32.92055541634527,86.89642920155227,34.195361858283206,38.37371777852282,24.084109119540543,33.73894182823383,57.97217669745839]"
"epoch_13","finished","-","","","2025-06-06T16:37:06.000Z","265","","81.81674528137764","80.00657446468641","88.09047369501776","84.7239578904794","69.87684563167622","58.277506040045026","52.55380988484537","32.61157153418154","91.16789691790842","86.35747135924692","58.362153401823555","30.61045916171149","82.12682635783767","34.6657353540941","60.200690120176105","15.083869879512502","69.68553484187062","26.722296299482405","64.01550535742045","57.11969429085695","77.30070935583792","65.7474836902098","86.61904987849623","80.53348952063149","73.28791779802755","37.33459387021235","70.86441328965726","35.267975870516786","46.47902143672628","38.975226768389774","13.465800759599995","9.922709030343055","58.25140962788632","47.25689006494243","88.12907222166167","85.15468550913421","66.23051011524115","42.93839483656776","13","0.004766378919526803","0.33329054561583443","0.19678097938687444","0.1222967266012694","0.095993262978683","0.33329054561583443","68.34338873542569","0.5293649761676789","49.96371502290759","[80.00657446468641,65.7474836902098,80.53348952063149,37.33459387021235,35.267975870516786,38.975226768389774,9.922709030343055,47.25689006494243,85.15468550913421,42.93839483656776,84.7239578904794,58.277506040045026,32.61157153418154,86.35747135924692,30.61045916171149,34.6657353540941,15.083869879512502,26.722296299482405,57.11969429085695]"
"epoch_12","finished","-","","","2025-06-06T16:32:41.000Z","265","","81.5748685717938","80.12865655728372","87.98811933678763","84.04602853177401","69.72904074588581","61.15759033232199","50.18730947984666","29.536756013680616","91.08249677886484","86.34033044520216","56.21248353438892","38.44486662399718","81.4111553522428","37.16027926175357","61.14235975119584","24.56817393526716","67.86883753875497","27.127069409863267","63.79940300687781","57.67847818320065","77.03831327082361","65.6608382352708","86.35488828650658","79.60340021621735","71.79222411780552","37.66961683164532","70.76574682908911","35.02343169017872","45.72913937180679","38.58262982186464","13.878049462142656","7.581014794759221","58.14830618492584","48.03065901439985","88.08986130928041","85.26668512931148","67.65747006945675","46.08924806886948","12","0.00488216272292538","0.34227434892690817","0.20430901366032417","0.12299969350639492","0.09998247501352664","0.34227434892690817","67.91842489465665","0.5260493190288543","51.03661858404532","[80.12865655728372,65.6608382352708,79.60340021621735,37.66961683164532,35.02343169017872,38.58262982186464,7.581014794759221,48.03065901439985,85.26668512931148,46.08924806886948,84.04602853177401,61.15759033232199,29.536756013680616,86.34033044520216,38.44486662399718,37.16027926175357,24.56817393526716,27.127069409863267,57.67847818320065]"
"epoch_11","finished","-","","","2025-06-06T16:28:15.000Z","265","","81.5124131419801","79.67677233699082","87.87538021621093","84.45098339841797","70.19027339663945","59.6765982457503","48.262402520291694","30.144970676625032","91.0492883046726","86.47209601921656","57.55123162843331","33.21080029493227","80.94554085519461","37.375753205953544","52.26093343311623","18.025278242841154","67.63775846760753","18.78671969872024","62.98281578286572","56.460310278357994","76.86455231729784","65.3320125827294","86.16472597602564","80.43601061723491","71.8883067079967","39.932637332232105","70.48333071748891","35.33770407655673","44.97886524969715","38.43947095102769","14.119276182745546","9.153739554321056","57.2760400746404","46.554020533399154","87.86665120576052","84.8492172048157","66.47436523529106","41.41860879334676","11","0.004997642195826683","0.3504593787150832","0.21162838441421664","0.12383304674737627","0.103410061837456","0.3504593787150832","67.17811323231346","0.5312016036510467","49.775458107551025","[79.67677233699082,65.3320125827294,80.43601061723491,39.932637332232105,35.33770407655673,38.43947095102769,9.153739554321056,46.554020533399154,84.8492172048157,41.41860879334676,84.45098339841797,59.6765982457503,30.144970676625032,86.47209601921656,33.21080029493227,37.375753205953544,18.025278242841154,18.78671969872024,56.460310278357994]"
"epoch_10","finished","-","","","2025-06-06T16:23:50.000Z","265","","81.24703224162694","79.37285584663","87.68624748992502","83.82474627983999","69.05942082678965","58.48779134096602","48.66336584669284","25.132528657342135","90.85142975702288","85.86889465120379","54.34090557426643","30.926564557325804","79.98184181073394","33.73151543026915","53.746816920408","23.594327154427457","66.67969100738341","28.03655492232297","61.947893622706","57.378653413684766","76.39498129178874","65.93791898221353","86.111106546918","80.80076352617401","69.92344474923544","33.292122792799475","68.28478006601098","35.42615995869717","44.28883106185001","37.1142459081243","14.77246000566972","10.599582742504143","56.40623048440969","45.92767688726941","87.57144211153548","84.2999138453684","66.81981760957471","45.228460246193045","10","0.005112825912817865","0.3616825222362392","0.2199999477344615","0.1246796653015923","0.10878866163980566","0.3616825222362392","66.56724942234462","0.5369216661453247","49.73585669175556","[79.37285584663,65.93791898221353,80.80076352617401,33.292122792799475,35.42615995869717,37.1142459081243,10.599582742504143,45.92767688726941,84.2999138453684,45.228460246193045,83.82474627983999,58.48779134096602,25.132528657342135,85.86889465120379,30.926564557325804,33.73151543026915,23.594327154427457,28.03655492232297,57.378653413684766]"
"epoch_9","finished","-","","","2025-06-06T16:19:24.000Z","265","","80.93538131993691","79.08607193674818","87.51170125845195","84.38312364726113","68.63753384711518","60.10257001964535","46.52933523369427","31.636764073914907","90.6324688565203","86.15789519347614","51.50545535031215","39.707781627372185","79.89794149191522","37.66391456867647","47.60814849442934","15.974075931843505","64.84556517622926","28.84009057119664","60.58476758858651","56.42474672634763","75.88666839586796","65.79967603918253","85.83498494573642","80.24038535854446","68.76513275057485","36.71284022865859","67.04243472584227","34.71985868546292","43.3305471336685","38.020444313432904","15.893649779143423","10.854781899578176","55.37702426087399","46.869859766462106","87.49269824161146","84.98004816412318","65.65985234387271","45.1273176574609","9","0.005227721998740838","0.3752732842629799","0.23013723021700183","0.12580371414887087","0.115665909718087","0.3752732842629799","65.47217322075699","0.5350583295822143","50.700118232073045","[79.08607193674818,65.79967603918253,80.24038535854446,36.71284022865859,34.71985868546292,38.020444313432904,10.854781899578176,46.869859766462106,84.98004816412318,45.1273176574609,84.38312364726113,60.10257001964535,31.636764073914907,86.15789519347614,39.707781627372185,37.66391456867647,15.974075931843505,28.84009057119664,56.42474672634763]"
"epoch_8","finished","-","","","2025-06-06T16:15:00.000Z","264","","80.6860511412853","79.32912195977623","87.30267301536414","81.66063280657215","68.41260418531554","58.8959394972254","47.4020596388658","28.284999331000847","90.27004871349592","85.93248547595574","49.68485944109665","24.99077825684871","77.76565669774749","37.228103339050065","42.4192031988534","9.2511506842519","63.09805131995942","26.19702010704469","59.58453046207543","56.38534169816759","74.84087037769687","65.54056733900643","85.57777797739146","80.3947729686022","66.45437524915896","35.048930859048966","66.04683882861357","34.689870363481255","42.40881101486158","37.54002064363131","17.82662350447814","12.519726015242814","54.59299681212829","46.27055815151404","87.41549638857916","84.88586694183185","64.78730789969565","46.19933364952518","8","0.00534233816266959","0.3891184725075884","0.24114874759854857","0.12702354584031433","0.12228962602733656","0.3891184725075884","64.55667557192962","0.5453751480579376","49.01290632040933","[79.32912195977623,65.54056733900643,80.3947729686022,35.048930859048966,34.689870363481255,37.54002064363131,12.519726015242814,46.27055815151404,84.88586694183185,46.19933364952518,81.66063280657215,58.8959394972254,28.284999331000847,85.93248547595574,24.99077825684871,37.228103339050065,9.2511506842519,26.19702010704469,56.38534169816759]"
"epoch_7","finished","-","","","2025-06-06T16:10:35.000Z","264","","80.55147747972603","79.39827053143135","87.1385310808121","84.27463351546463","67.61769056231074","57.83020248981236","44.016935058817445","26.02974017100383","89.92004254895375","85.84946286816094","53.67909115155594","31.94087842397509","77.24178847068947","39.37646721502428","43.115793690559336","15.260527597967563","60.78988328373774","25.54436438777605","57.73685675032686","54.48565047157231","74.20520105949339","64.16981019211427","85.26444581788823","80.01864342801656","65.44589742936442","38.15076920701118","63.37787735751523","34.798784825329335","41.1075855129836","37.33623194319848","16.942455810498775","9.263967838454915","53.48453869203767","45.349103437980986","87.2492950548123","84.63793400048401","63.02963825928691","45.711611701993114","7","0.0054566817285730375","0.40395028104308905","0.2540043542782466","0.12836253174767845","0.12902228033724633","0.40395028104308905","63.78500131954577","0.5434897775650025","49.44352917088269","[79.39827053143135,64.16981019211427,80.01864342801656,38.15076920701118,34.798784825329335,37.33623194319848,9.263967838454915,45.349103437980986,84.63793400048401,45.711611701993114,84.27463351546463,57.83020248981236,26.02974017100383,85.84946286816094,31.94087842397509,39.37646721502428,15.260527597967563,25.54436438777605,54.48565047157231]"
"epoch_6","finished","-","","","2025-06-06T16:06:11.000Z","264","","80.28012611891786","78.74300380423551","86.60981973621085","83.5716322138506","66.86793780033236","59.30643040256602","38.143558130342605","26.03505630874754","89.66097639798988","85.61021048959742","50.118150266690144","33.72043354189714","74.82643512083827","34.55376679428889","34.23645225630955","10.551217067924696","58.81678318147079","21.445841900989425","56.112559934447624","55.37905813824926","73.21007180193946","64.05474568329498","84.82163439123094","79.63227325059883","61.31696846442358","36.04250898459931","60.23694946792448","35.285553027604976","40.02993210016672","36.81629900903134","21.0693144252775","15.920853714646768","52.06923293279119","45.03172080864639","86.85270366416223","85.05766246515904","60.57264372609451","45.84574742670495","6","0.00557075966305625","0.4266757980254467","0.27014404523918645","0.13018012814621888","0.14105521811707936","0.4266757980254467","61.886960521976874","0.5539424576759339","49.08442184382279","[78.74300380423551,64.05474568329498,79.63227325059883,36.04250898459931,35.285553027604976,36.81629900903134,15.920853714646768,45.03172080864639,85.05766246515904,45.84574742670495,83.5716322138506,59.30643040256602,26.03505630874754,85.61021048959742,33.72043354189714,34.55376679428889,10.551217067924696,21.445841900989425,55.37905813824926]"
"epoch_5","finished","-","","","2025-06-06T16:01:44.000Z","267","","79.80453218296421","78.17974797166522","86.05284183202868","83.3292242725382","66.27407776544646","57.919841680493214","37.992287484170475","21.910336950314104","88.95400553575166","85.55125904904384","45.18162665461948","29.22146836560207","66.90752967393995","31.462172840289732","33.474987041359725","10.946320935019113","54.5568671178099","24.562086252060887","54.71586666727523","53.72469823072259","71.96285802502177","63.672314522539985","84.25241144973988","80.31233269014267","57.075299518076136","36.58702158016594","56.87125545013926","32.49244707485869","38.694224650595686","36.0345274675078","26.22519105041952","18.280647169459687","49.63787508460744","43.340397786902074","86.2583735426973","84.10844157996517","57.043898933439294","39.7395828786437","5","0.005684578600518514","0.4536576792787353","0.29018711342308057","0.13234929666491865","0.15526080740089634","0.4536576792787353","60.10189524526854","0.5714816067218781","47.96709838410182","[78.17974797166522,63.672314522539985,80.31233269014267,36.58702158016594,32.49244707485869,36.0345274675078,18.280647169459687,43.340397786902074,84.10844157996517,39.7395828786437,83.3292242725382,57.919841680493214,21.910336950314104,85.55125904904384,29.22146836560207,31.462172840289732,10.946320935019113,24.562086252060887,53.72469823072259]"
"epoch_4","finished","-","","","2025-06-06T15:57:20.000Z","264","","79.03578563662259","77.7804002711454","85.75947931600179","83.31988477716737","64.58900291784472","58.92999272840266","33.57180047444797","24.47492352077108","88.12341635110691","84.568005985485","39.49986135590736","28.087661709164447","54.4750757691524","24.39614765709164","35.13553104203664","9.788326424787543","49.50420328620557","22.958095585598613","52.91990906106925","51.425694432442256","70.5594065706676","61.558010545667685","83.62400796393828","79.82185446808687","51.23376971321214","36.313841513714664","52.82371000919167","33.707109997381906","36.704758854770624","35.84333309777449","27.667175135477564","21.06005394117199","46.48745563917497","41.75554200721148","85.55144868118364","84.47233219791408","54.00882006254909","43.827592752098695","4","0.005798144866020802","0.4896614801034369","0.31614529350938386","0.13533680950488147","0.1748336717941379","0.4896614801034369","57.43550620213479","0.5891795880794525","47.58362124279357","[77.7804002711454,61.558010545667685,79.82185446808687,36.313841513714664,33.707109997381906,35.84333309777449,21.06005394117199,41.75554200721148,84.47233219791408,43.827592752098695,83.31988477716737,58.92999272840266,24.47492352077108,84.568005985485,28.087661709164447,24.39614765709164,9.788326424787543,22.958095585598613,51.425694432442256]"
"epoch_3","finished","-","","","2025-06-06T15:52:56.000Z","264","","78.77730902935849","78.4324149475514","84.89468729501051","82.08624877837946","62.092092828918","57.43975281637898","25.11692641577681","24.86151303356969","86.57514296592657","83.52408269641313","25.9306236290754","17.95921267898469","50.15670606249103","23.158943524651225","25.191244194775404","11.567484335360112","41.87956221160018","22.99659661277128","49.54969423976936","50.72705373530195","67.5968131279489","61.626535493519576","82.52979130736418","79.256049653415","43.87546910000679","34.10960767642415","45.82225166797829","31.55090218815638","34.72480278426215","35.00888904600528","24.13505247111083","20.334858348820816","42.846292669924765","38.41395847096942","84.65072679843212","83.8317599904441","50.80803882424051","41.2410325698151","3","0.005911464496116451","0.5400437916659824","0.3496848785012733","0.13981020025927904","0.20364503744449325","0.5400437916659824","53.00806461178791","0.6053853447437286","46.217205084049034","[78.4324149475514,61.626535493519576,79.256049653415,34.10960767642415,31.55090218815638,35.00888904600528,20.334858348820816,38.41395847096942,83.8317599904441,41.2410325698151,82.08624877837946,57.43975281637898,24.86151303356969,83.52408269641313,17.95921267898469,23.158943524651225,11.567484335360112,22.99659661277128,50.72705373530195]"
"epoch_2","finished","-","","","2025-06-06T15:48:31.000Z","265","","77.956706158989","76.3049127689656","82.96320839585985","81.57717486676009","57.80106497659618","54.20078984357593","14.5303851925963","12.87429224251236","83.22812992635522","82.1346845327116","13.401810641209783","16.860668769955815","27.863367982919456","31.100686408647267","12.962371203770749","13.641762319242638","26.138203028451905","14.538488437504746","42.70918102380815","49.46118010040619","63.450654111344065","60.00037447315303","80.24594677889056","78.27709879988453","32.04286979973476","27.972978423244072","37.002244925083886","27.981902082568254","30.49996082580111","31.540729603412665","15.97334779324788","18.72873243075376","34.87188949920005","33.14133127312734","82.84508400795178","83.4147218659592","44.24208665195941","42.272804638243784","2","0.006024543257865944","0.6338116899701475","0.4154696819057294","0.1487394263422823","0.25684444568387726","0.6338116899701475","45.30150068019843","0.6531943097114563","44.00133230950678","[76.3049127689656,60.00037447315303,78.27709879988453,27.972978423244072,27.981902082568254,31.540729603412665,18.72873243075376,33.14133127312734,83.4147218659592,42.272804638243784,81.57717486676009,54.20078984357593,12.87429224251236,82.1346845327116,16.860668769955815,31.100686408647267,13.641762319242638,14.538488437504746,49.46118010040619]"
"epoch_1","finished","-","","","2025-06-06T15:43:54.000Z","277","","73.78353536440729","76.54762884245501","75.24749435017412","79.96541819560632","38.87856709799749","49.812984201533304","1.114164322182594","7.3237852135866675","73.14709104808514","79.96330752648593","1.440377671030989","7.315788936158624","5.662795852810553","25.08126202906937","2.0877110662287235","0.421363070134626","1.7998614589438906","7.502578280048875","23.552950706004232","42.93375810702189","49.57836791721987","56.65267945973462","72.61799855773552","75.96667092809622","12.888861366407742","20.994005037783374","18.882512034697644","22.99645875829611","12.782078817194853","25.008980306483934","1.3145505679412517","6.048781711876739","17.330441220648172","25.95285720853009","74.73996753007253","81.05354387779656","15.846504792358743","34.823080669508414","1","0.006137386666228596","1.0941886543924269","0.787103206374263","0.2104002173620326","0.49825458823876223","1.0941886543924269","30.141885881165333","0.7602543230056763","38.229733282116136","[76.54762884245501,56.65267945973462,75.96667092809622,20.994005037783374,22.99645875829611,25.008980306483934,6.048781711876739,25.95285720853009,81.05354387779656,34.823080669508414,79.96541819560632,49.812984201533304,7.3237852135866675,79.96330752648593,7.315788936158624,25.08126202906937,0.421363070134626,7.502578280048875,42.93375810702189]"