"Name","State","Notes","User","Tags","Created","Runtime","Sweep","class_0_train","class_0_val","class_10_train","class_10_val","class_11_train","class_11_val","class_12_train","class_12_val","class_13_train","class_13_val","class_14_train","class_14_val","class_15_train","class_15_val","class_16_train","class_16_val","class_17_train","class_17_val","class_18_train","class_18_val","class_1_train","class_1_val","class_2_train","class_2_val","class_3_train","class_3_val","class_4_train","class_4_val","class_5_train","class_5_val","class_6_train","class_6_val","class_7_train","class_7_val","class_8_train","class_8_val","class_9_train","class_9_val","epoch","loss","lr","train_flops","train_fps","train_latency","train_loss","train_loss_final","train_mIoU","train_mIoU_final","train_params","val_flops","val_fps","val_latency","val_loss","val_loss_final","val_mIoU","val_mIoU_final","val_mIoU_per_class","val_params"
"epoch_50","finished","-","","","2025-05-17T07:43:27.000Z","1008","","","","","","","","","","","","","","","","","","","","","","","","","","","","","","","","","","","","","","","","50","0.3647173619031906","0","25.779775698","60.085428261102614","17.626002073287964","","0.3647173619031906","","63.52202414090407","12581672","25.779775698","60.32461969386766","16.598642110824585","","2.5110883798599244","","15.882543712041985","","12581672"
"epoch_49","finished","-","","","2025-05-16T15:18:56.000Z","912","","89.79243878353341","20.2761235502494","88.50626061756938","47.0316098026592","49.902194001212614","27.653160341164053","57.2065099185174","0.35043878635236697","50.71331730917814","26.735330099884543","76.49500138838397","0.628630790580002","40.12026645349421","0.4806647400037312","86.1755813132589","0.0027091670472401317","68.81376718512269","0.0017567951371910595","43.851918401106595","0","82.98785448708018","5.750960621686893","75.60194409637526","55.34763616793427","30.88921583987354","3.112799337598469","58.590882598490936","2.2207171901142035","48.8139933885485","5.014940571937325","52.189291826499314","7.887739969028323","56.24935109559783","3.408179501755386","76.95842746222857","62.59981952307893","69.91472793752328","4.753391869987304","49","0.3668937475204468","0.00018484470457853937","","","","0.3668937475204468","","63.356470742294455","","","","","","2.4813337020874022","","15.180922712566602","","[20.2761235502494,5.750960621686893,55.34763616793427,3.112799337598469,2.2207171901142035,5.014940571937325,7.887739969028323,3.408179501755386,62.59981952307893,4.753391869987304,47.0316098026592,27.653160341164053,0.35043878635236697,26.735330099884543,0.628630790580002,0.4806647400037312,0.0027091670472401317,0.0017567951371910595,0]",""
"epoch_48","finished","-","","","2025-05-16T15:03:49.000Z","907","","89.73279050921285","22.590341421075244","88.67510712951471","47.06761907358434","49.81705020540226","29.00665916698093","56.890400778374214","1.0566508370508942","51.6573350346256","29.578330225430943","75.88543445663211","0.5690026365694507","40.895064716664685","0.9094391824829122","84.9320746954443","0","69.11189855804741","0.004442206888382147","42.15504556002035","0","82.9906942089717","6.541987203970145","75.64808364808819","56.078175938199195","30.21898199323469","3.507207143968919","58.60053186589842","2.2007833313960843","48.66615368702809","5.912421662076368","52.08036961772986","9.17401227609666","56.892842206691775","2.6598057126887107","77.11199333644198","61.41721218691214","69.92433411674179","5.628928293249702","48","0.3677220894575119","0.000344932415365304","","","","0.3677220894575119","","63.25716770130342","","","","","","2.3263399343490603","","16.70017755874241","","[22.590341421075244,6.541987203970145,56.078175938199195,3.507207143968919,2.2007833313960843,5.912421662076368,9.17401227609666,2.6598057126887107,61.41721218691214,5.628928293249702,47.06761907358434,29.00665916698093,1.0566508370508942,29.578330225430943,0.5690026365694507,0.9094391824829122,0,0.004442206888382147,0]",""
"epoch_47","finished","-","","","2025-05-16T14:48:42.000Z","906","","89.78724385333027","21.560889611532783","88.3750617017165","46.135443608499685","49.49100569753285","26.83074554878869","56.729837414880755","0.15351007844305428","50.70374109737311","29.72923429877845","75.43827704990113","0.600112132974694","41.61533591865761","0.4881450255927321","84.25630212262351","0.08660674762793738","68.75886283140117","0","44.97225531914891","0","82.92243923250138","5.052206226922154","75.31786556057291","56.99537169601263","31.38970429030473","3.9945177217873775","59.017638156644104","2.5149239103775183","48.73590683819123","5.134596112100892","51.920242356729","8.732188379975838","56.417354291832126","2.8229508535900956","76.9667037086395","61.41409424163543","69.87310605851178","4.286400470926601","47","0.3682060792207718","0.0004968395304717264","","","","0.3682060792207718","","63.29941492107854","","","","","","2.379451407432556","","16.266584509739207","","[21.560889611532783,5.052206226922154,56.99537169601263,3.9945177217873775,2.5149239103775183,5.134596112100892,8.732188379975838,2.8229508535900956,61.41409424163543,4.286400470926601,46.135443608499685,26.83074554878869,0.15351007844305428,29.72923429877845,0.600112132974694,0.4881450255927321,0.08660674762793738,0,0]",""
"epoch_46","finished","-","","","2025-05-16T14:33:34.000Z","908","","89.77649856102803","22.610108854101103","88.51206719935661","47.04594976944016","49.122634853627304","27.706270162414583","56.71359185699244","0.30573767707307126","52.23371502692691","31.14420534224522","73.49622112634104","0.5581784492031455","40.73027801953862","1.1095443834241383","83.14370711463414","0.009675559150563309","67.99340787771743","0","43.90342164122082","0","82.86654179751568","6.550467381945244","75.38882216449669","54.40626599237639","30.76845298100158","3.0417299213662976","58.86547594634547","2.713741475204447","48.67264171848533","5.407142115467434","52.107364382842405","8.761884954254521","56.51794182085974","2.970778727156627","76.86521369276417","63.34449143084291","69.9243530824854","5.448709358092882","46","0.36862368941307067","0.0006436666467726117","","","","0.36862368941307067","","63.0317026770621","","","","","","2.316502133369446","","16.65499303257404","","[22.610108854101103,6.550467381945244,54.40626599237639,3.0417299213662976,2.713741475204447,5.407142115467434,8.761884954254521,2.970778727156627,63.34449143084291,5.448709358092882,47.04594976944016,27.706270162414583,0.30573767707307126,31.14420534224522,0.5581784492031455,1.1095443834241383,0.009675559150563309,0,0]",""
"epoch_45","finished","-","","","2025-05-16T14:18:31.000Z","903","","89.74148395334399","24.247152634098835","88.2645459528065","48.66988613433437","49.344070061979785","28.191030837838376","57.28419379910912","0.3422976080911043","51.578499461654424","27.42561905414792","76.39201703849685","0.6177138488248508","42.925616544935856","0.6758065603229266","84.43101844664976","0.006531377505935867","68.7608179799377","0","42.49863228919716","0","82.798111031252","5.804746769064946","75.25048766565347","54.95222797703857","31.005934755127324","2.9305384890744444","58.28508327570211","2.78214481284556","48.688792477637264","5.477695654691024","51.902755359848065","8.642379660106677","56.36623495454748","3.2768759821833","76.69127132714358","62.08954927332552","70.06389316776894","5.459309130067118","45","0.3709133062124253","0.0007868283823713545","","","","0.3709133062124253","","63.27755050225217","","","","","","2.2445213232040406","","16.564206223738914","","[24.247152634098835,5.804746769064946,54.95222797703857,2.9305384890744444,2.78214481284556,5.477695654691024,8.642379660106677,3.2768759821833,62.08954927332552,5.459309130067118,48.66988613433437,28.191030837838376,0.3422976080911043,27.42561905414792,0.6177138488248508,0.6758065603229266,0.006531377505935867,0,0]",""
"epoch_44","finished","-","","","2025-05-16T14:03:28.000Z","903","","89.60657365693721","21.945356063274986","88.16171342549984","46.78793146726265","49.690558264389786","27.555803605981467","56.670272206200266","0.3354388245177447","51.57383942087625","25.648403059630727","76.90166331541867","0.7907072147680038","38.897793677587046","1.0550817654004525","83.91802566575791","0.0100700644096812","68.70247485589105","0","44.0313339547124","0","82.82354977254771","5.866456836819681","75.1036342786103","51.980286460812685","31.90778116313387","3.21945590238579","58.74897345082235","2.0735547624000343","48.64615627711127","4.920053379594125","51.3080040766406","7.485151258757554","56.330553566769424","3.131896046880515","77.06012601062882","65.56397046724265","69.81770305335145","4.435854976675679","44","0.37102097902297976","0.0009271353468595546","","","","0.37102097902297976","","63.152670004888755","","","","","","2.3260674142837523","","16.04738071510673","","[21.945356063274986,5.866456836819681,51.980286460812685,3.21945590238579,2.0735547624000343,4.920053379594125,7.485151258757554,3.131896046880515,65.56397046724265,4.435854976675679,46.78793146726265,27.555803605981467,0.3354388245177447,25.648403059630727,0.7907072147680038,1.0550817654004525,0.0100700644096812,0,0]",""
"epoch_43","finished","-","","","2025-05-16T13:48:26.000Z","902","","89.67825072081826","19.358451976858227","87.82282988840065","45.703799076125335","49.55723639719953","26.627205805167424","55.412881397051486","0.29284759996182835","50.85388555841737","24.558576343144583","75.65320683030707","0.6662546778375323","41.53790336515936","0.4949167001887469","84.51856026686185","0.03013118655067446","67.83383289580563","0","44.92527265383059","0","82.90033027323548","6.085989627626739","75.05799548959125","54.18431667290097","32.27538224220524","2.8775869648736583","58.94287371002767","2.119085432849062","48.599895072485005","5.278356880565474","51.23056028018147","8.542127815120928","56.40176903123352","2.3099225736258977","77.18612521840917","63.77915617160367","69.76436019205309","4.845161577097837","43","0.3716734090328216","0.0010651119308332296","","","","0.3716734090328216","","63.16595534122494","","","","","","2.3861022357940675","","15.75022865188815","","[19.358451976858227,6.085989627626739,54.18431667290097,2.8775869648736583,2.119085432849062,5.278356880565474,8.542127815120928,2.3099225736258977,63.77915617160367,4.845161577097837,45.703799076125335,26.627205805167424,0.29284759996182835,24.558576343144583,0.6662546778375323,0.4949167001887469,0.03013118655067446,0,0]",""
"epoch_42","finished","-","","","2025-05-16T13:33:26.000Z","899","","89.77990802450819","21.526349258496055","88.01959804784971","48.77832201884792","49.59775994579461","26.566432971889352","56.47736179630226","0.2712540513587633","51.22630530713357","29.31655299261124","74.64953370532623","0.6507346941884529","39.177378569190175","0.35633327627362904","84.64031266014368","0.01813866429963529","68.26609457983372","0.0006775802254986988","44.93420459978793","0","82.78860748243801","5.552741394134789","75.16313756385082","55.20898316052649","32.27001489629793","3.2844051626752218","58.084221235894816","2.125083908725938","48.51058327466942","5.487713351004752","51.582800808033944","8.908715952831168","56.11392441898262","2.962846547172325","76.77846820182829","64.21261472552433","68.95125264627417","4.598622734869943","42","0.3722452646017075","0.0012011244339814315","","","","0.3722452646017075","","63.0006035665337","","","","","","2.3273373250961304","","15.545917913647529","","[21.526349258496055,5.552741394134789,55.20898316052649,3.2844051626752218,2.125083908725938,5.487713351004752,8.908715952831168,2.962846547172325,64.21261472552433,4.598622734869943,48.77832201884792,26.566432971889352,0.2712540513587633,29.31655299261124,0.6507346941884529,0.35633327627362904,0.01813866429963529,0.0006775802254986988,0]",""
"epoch_41","finished","-","","","2025-05-16T13:18:26.000Z","900","","89.6984341145445","20.19002272183356","88.2318615369052","47.89348380445987","49.42747546385886","28.413082422727005","57.327835879762354","1.1387211197392384","50.16835056023121","32.066047306781236","75.71299144017816","0.5882616170015998","45.98723621608111","0.5413311084268635","85.72882515925888","0","68.47513142021407","0.0009060980398079068","44.61225594647304","0","82.68468649071906","6.10839314591256","75.05536882703363","55.379157551535705","31.544757060963928","3.4124354261668315","57.69272819444288","2.607265917983122","48.36779298898764","5.744434410181453","50.68930787044618","9.036450338715946","56.108700921327326","3.3968755498970076","77.13046234916553","61.50598211884677","69.6714993225772","5.089550106413788","41","0.3739785663843155","0.0013354427415283657","","","","0.3739785663843155","","63.3850369349037","","","","","","2.4265338401794434","","16.653670633215434","","[20.19002272183356,6.10839314591256,55.379157551535705,3.4124354261668315,2.607265917983122,5.744434410181453,9.036450338715946,3.3968755498970076,61.50598211884677,5.089550106413788,47.89348380445987,28.413082422727005,1.1387211197392384,32.066047306781236,0.5882616170015998,0.5413311084268635,0,0.0009060980398079068,0]",""
"epoch_40","finished","-","","","2025-05-16T13:03:25.000Z","901","","89.59328578422387","19.46574136983138","88.36172269509774","45.09456299191187","49.40414422750472","28.89528819253852","55.888313767035335","0.6728813395929933","49.47470305878199","26.76530421042303","75.38938200017373","0.6676766558837351","44.18243981472003","0.40582222998138623","86.50812384652798","0.014320880618042755","68.00663161405849","0.008051807630813115","43.49842231644955","0","82.67425443262111","6.03573988748688","75.23012589388638","55.48913252549544","32.1583989007614","2.84027661907769","58.28597981285984","2.19201773308419","48.33365065803978","4.834833197812294","50.68928526195159","8.6130895267152","55.785316322442526","3.4055945047480205","76.85844745040137","63.160797874835936","69.60958105903579","4.29319500502835","40","0.374693439412117","0.0014682736788600235","","","","0.374693439412117","","63.1543267850828","","","","","","2.3959996938705443","","15.158573697371985","","[19.46574136983138,6.03573988748688,55.48913252549544,2.84027661907769,2.19201773308419,4.834833197812294,8.6130895267152,3.4055945047480205,63.160797874835936,4.29319500502835,45.09456299191187,28.89528819253852,0.6728813395929933,26.76530421042303,0.6676766558837351,0.40582222998138623,0.014320880618042755,0.008051807630813115,0]",""
"epoch_39","finished","-","","","2025-05-16T12:48:22.000Z","903","","89.64944906353254","17.569761701629986","88.15749248836057","48.28768306706154","49.10098705999795","27.422545089390756","55.66039486247749","1.0485378400506693","51.36229204050571","35.205179930545185","77.247444986134","0.4743797710441471","43.23338736147457","0.4001354241915279","84.48017390268596","0","68.20327008654823","0.025427152396568516","40.54976962778379","0","82.5744020833559","4.762558106278906","75.24827271021046","53.9858727977209","31.05097908971659","3.0233627069365774","58.025794693679224","2.112116272104416","48.3273160521534","4.655081976762281","51.10794463543278","8.305442301060872","55.39768546143904","1.911663985058588","76.87648910428183","59.699744016398704","69.25629987273668","5.129856169048794","39","0.37665328228473666","0.0015997806152591378","","","","0.37665328228473666","","62.92157079907929","","","","","","2.7240163955688477","","16.118785194569433","","[17.569761701629986,4.762558106278906,53.9858727977209,3.0233627069365774,2.112116272104416,4.655081976762281,8.305442301060872,1.911663985058588,59.699744016398704,5.129856169048794,48.28768306706154,27.422545089390756,1.0485378400506693,35.205179930545185,0.4743797710441471,0.4001354241915279,0,0.025427152396568516,0]",""
"epoch_38","finished","-","","","2025-05-16T12:33:17.000Z","904","","89.3753655137513","22.92283639215986","88.64928226858649","48.169724498734354","49.14120708729906","29.085501005242044","55.7954830361697","1.09233011097239","49.68238637165244","31.779383411340085","74.36218432004118","0.5377237299699612","38.7365366201966","0.8072586169195259","83.92356227542487","0","68.4022457089044","0","43.35462340412104","0","82.65274349171496","5.260186475991346","75.1425421421741","56.29807911197413","32.9616380704172","3.5227745366191603","57.54952719584553","2.8506569318811708","48.19156864263685","5.210049972080261","51.12754855640759","7.541625244624512","55.702159421281415","2.3435522214969553","77.12757569288397","62.11329143651343","69.31261409427174","6.117043293611582","38","0.3777756847858429","0.001730095732479772","","","","0.3777756847858429","","62.6942523112516","","","","","","2.444537170410156","","17.85325106188317","","[22.92283639215986,5.260186475991346,56.29807911197413,3.5227745366191603,2.8506569318811708,5.210049972080261,7.541625244624512,2.3435522214969553,62.11329143651343,6.117043293611582,48.169724498734354,29.085501005242044,1.09233011097239,31.779383411340085,0.5377237299699612,0.8072586169195259,0,0,0]",""
"epoch_37","finished","-","","","2025-05-16T12:18:16.000Z","901","","89.66341681728225","24.419473007279315","88.60285185035065","50.0132843645421","48.6585234085269","27.78726010084559","56.125520011476105","0.664408143060454","50.45151512374717","34.504137165255514","76.76463495482476","0.4640536592443155","35.23988216247468","0.397229431874013","83.69505332487698","0","67.16268980953457","0.00029883216390346514","44.51394564945721","0","82.4963236597126","4.5182401037567415","75.01050723185548","57.76931654750187","31.16647091244829","3.3327743898746363","57.98103695474428","2.0650677561745585","48.17227653260318","4.9299221331859","51.12212126872572","7.457481214500635","55.760073447663885","3.428714429910366","77.39745319125439","60.42299532139346","69.75170158588642","5.351546072974644","37","0.38040986626148227","0.0018593280900972829","","","","0.38040986626148227","","62.61768409986555","","","","","","2.520910370826721","","16.91330603961988","","[24.419473007279315,4.5182401037567415,57.76931654750187,3.3327743898746363,2.0650677561745585,4.9299221331859,7.457481214500635,3.428714429910366,60.42299532139346,5.351546072974644,50.0132843645421,27.78726010084559,0.664408143060454,34.504137165255514,0.4640536592443155,0.397229431874013,0,0.00029883216390346514,0]",""
"epoch_36","finished","-","","","2025-05-16T12:03:07.000Z","909","","89.78683472796428","19.088207035182045","88.4897345967532","52.11539404297329","48.81133606457708","28.229376268541056","55.06781733393994","0.6230864883252963","49.56926754625353","27.807301133911533","76.00268685289389","0.580646391425469","35.6949834135416","0.44539425514403574","84.00396517582436","0","66.90141840040602","0","41.6534580874908","0","82.52965166369371","5.513002461043194","75.32575322915751","57.94753374805548","31.378994773526525","3.353942209091106","58.19774633546197","3.2238776146605668","48.04358865022651","5.438956540459144","50.632322411002605","9.229331242839049","55.16392677609746","2.71910062954897","76.63651434965819","59.43801621824995","69.35696004863259","4.438852540031473","36","0.3821441370248795","0.001987569142293747","","","","0.3821441370248795","","62.276155812479054","","","","","","2.5253117933273317","","17.512001176217606","","[19.088207035182045,5.513002461043194,57.94753374805548,3.353942209091106,3.2238776146605668,5.438956540459144,9.229331242839049,2.71910062954897,59.43801621824995,4.438852540031473,52.11539404297329,28.229376268541056,0.6230864883252963,27.807301133911533,0.580646391425469,0.44539425514403574,0,0,0]",""
"epoch_35","finished","-","","","2025-05-16T11:47:53.000Z","914","","89.4603417769545","14.20453115092119","88.81543196205094","49.772582286715","48.67475607955649","26.740687896169337","55.42981558951217","1.5252891153168158","49.80216298479031","28.060290210706697","75.48822752171374","0.5016729796370595","40.39587050180149","0.5361705021415164","83.44707345333532","0.05764937572303536","68.02454237832082","0","43.46319815956763","0","82.29790396085777","4.228586988069584","75.38680878390487","53.6444967601402","31.16273828248708","3.252740703209784","57.469563936008086","0.8842326253081928","47.89540030551938","4.932924812838912","49.422204106475775","8.095780164144529","54.962955154097685","2.123498946241421","76.62295973898058","62.56047839194536","69.7673714872963","5.630142087447763","35","0.38466360096931457","0.0021148966368853116","","","","0.38466360096931457","","62.52575400859111","","","","","","2.805230417251587","","15.691279705686846","","[14.20453115092119,4.228586988069584,53.6444967601402,3.252740703209784,0.8842326253081928,4.932924812838912,8.095780164144529,2.123498946241421,62.56047839194536,5.630142087447763,49.772582286715,26.740687896169337,1.5252891153168158,28.060290210706697,0.5016729796370595,0.5361705021415164,0.05764937572303536,0,0]",""
"epoch_34","finished","-","","","2025-05-16T11:09:21.000Z","915","","89.74475147285217","17.415500214271184","89.11014882172648","49.41644115307504","48.40384358347038","30.17974271808053","54.44916821754398","1.2891213179652867","50.518062740207014","30.05609946264085","77.30075658356785","0.4914751060012749","36.12611911759081","0.6485006105879528","82.15157930577456","0.5346875167929495","66.31308299449891","0.11393238485100043","37.696826932514455","0","82.20243337635969","7.073387069899383","75.34756401228658","58.751153148288594","28.958076967589896","5.596894837158754","57.41927984590897","3.015551198645397","47.879385496472565","5.908456710404184","49.60708362841807","8.538961168575566","54.367464782579","4.142472584284543","76.97402803136495","60.85398900839564","69.58340547337338","5.080398358979596","34","0.39048371758461","0.0022413774476912982","","","","0.39048371758461","","61.79752954653156","","","","","","2.5587381830215454","","16.061486920494318","","[17.415500214271184,7.073387069899383,58.751153148288594,5.596894837158754,3.015551198645397,5.908456710404184,8.538961168575566,4.142472584284543,60.85398900839564,5.080398358979596,49.41644115307504,30.17974271808053,1.2891213179652867,30.05609946264085,0.4914751060012749,0.6485006105879528,0.5346875167929495,0.11393238485100043,0]",""
"epoch_33","finished","-","","","2025-05-16T10:54:07.000Z","914","","89.85242795835417","14.966718115324898","88.88005446353606","50.14111177319612","47.873762952520515","25.45248590071238","53.693751653049105","0.6037379566129323","49.841952453185755","30.88792808657476","76.24650243922622","0.45902159342082566","34.44846929148716","0.7286252569671492","84.85369280565222","0","66.05182728573286","0","38.99230453001375","0","82.1485512207035","5.699540908244156","75.71124290758891","54.106652447330774","28.654636749762336","3.000799348615915","56.95052698593835","1.377621500094246","47.6156113743061","4.2426333273684165","50.08313060042845","6.777286304073926","53.83909924076759","2.6249779213813547","76.66784780843943","63.90042566848184","69.76212417600351","6.337902601432846","33","0.3946542187690735","0.0023670696807283707","","","","0.3946542187690735","","61.69302720508925","","","","","","2.8720920734405517","","16.956716794364535","","[14.966718115324898,5.699540908244156,54.106652447330774,3.000799348615915,1.377621500094246,4.2426333273684165,6.777286304073926,2.6249779213813547,63.90042566848184,6.337902601432846,50.14111177319612,25.45248590071238,0.6037379566129323,30.88792808657476,0.45902159342082566,0.7286252569671492,0,0,0]",""
"epoch_32","finished","-","","","2025-05-16T10:38:54.000Z","912","","88.69518346311148","23.793124206975698","89.42740679793958","52.308129097102785","47.36680997051231","28.788923331129475","53.986555593959174","1.2446239560752663","52.36882950467715","32.097702484938644","76.6464988829938","0.550426750962779","43.81111813509505","0.26789435792505023","85.53772239883143","0.008520394726650242","65.49029289543941","0.0861661984199562","37.87572565039774","0","81.81654174416498","9.91767285792038","75.97673665000816","59.84984744903728","27.695663655146596","6.941909649975192","56.51127516159365","2.749858867654353","47.13275072409952","6.124790534223313","49.74037203164327","7.787845276355947","52.67549274578847","3.0079716677814723","77.84305477848079","55.78930843484392","69.40999896403358","4.883788938898079","32","0.4056490826129913","0.0024920242723086524","","","","0.4056490826129913","","62.10568577620611","","","","","","2.342108786582947","","16.455472469719236","","[23.793124206975698,9.91767285792038,59.84984744903728,6.941909649975192,2.749858867654353,6.124790534223313,7.787845276355947,3.0079716677814723,55.78930843484392,4.883788938898079,52.308129097102785,28.788923331129475,1.2446239560752663,32.097702484938644,0.550426750962779,0.26789435792505023,0.008520394726650242,0.0861661984199562,0]",""
"epoch_31","finished","-","","","2025-05-16T10:23:38.000Z","915","","89.71799376007334","19.494929728237928","88.40731404931618","44.30400878395788","47.21466110157871","25.232218340063064","53.68069010977721","0.33363778861762666","48.182372744212365","25.83907619301309","73.0366137397064","0.6937597040239621","35.68423709152386","0.25484246942815386","83.32514553487471","0","66.42576754100918","0","39.20738290092284","0","81.93133339707181","5.679311813716108","74.80888808675981","50.76901607770672","31.637718836829947","3.659868968581244","56.24117500604561","0.431592966059096","47.359303248769955","3.9519054468491848","49.90260384489474","7.744113975721755","53.91565967056356","2.4111116895286187","76.7212826325037","64.30545104507837","68.47177811959992","5.574010660182028","31","0.4015670877456665","0.002616286223107676","","","","0.4015670877456665","","61.36168007452809","","","","","","2.5297184143066405","","16.292428478172802","","[19.494929728237928,5.679311813716108,50.76901607770672,3.659868968581244,0.431592966059096,3.9519054468491848,7.744113975721755,2.4111116895286187,64.30545104507837,5.574010660182028,44.30400878395788,25.232218340063064,0.33363778861762666,25.83907619301309,0.6937597040239621,0.25484246942815386,0,0,0]",""
"epoch_30","finished","-","","","2025-05-16T10:08:36.000Z","901","","89.53080947333734","20.183140394765683","88.66524996397108","47.07927525374146","46.7011953989466","28.23241050093231","53.74102012256638","0.18212965467496164","51.9524230554612","27.65241927376976","70.11462182179659","0.5201087555014596","39.50269609007909","1.1414326376641726","78.16416961389547","0.0007727318388699568","64.86245298405709","0.0035352084668242765","39.377385213247635","0","81.80051935876791","6.765226248316862","74.84697960919237","50.789213201863234","30.06099689523044","2.449518691580532","56.18857257786968","3.629013500298286","47.158039530863746","4.911215108557521","49.44178164523965","6.894634934607905","53.4936638899492","3.471444856212325","76.96655620737558","62.41597766354763","68.7910252813798","6.556226628132672","30","0.4009128405094146","0.0027398955659630434","","","","0.4009128405094146","","61.12421888069615","","","","","","2.5214960260391237","","15.15987195802625","","[20.183140394765683,6.765226248316862,50.789213201863234,2.449518691580532,3.629013500298286,4.911215108557521,6.894634934607905,3.471444856212325,62.41597766354763,6.556226628132672,47.07927525374146,28.23241050093231,0.18212965467496164,27.65241927376976,0.5201087555014596,1.1414326376641726,0.0007727318388699568,0.0035352084668242765,0]",""
"epoch_29","finished","-","","","2025-05-16T09:53:33.000Z","902","","89.4912379486628","21.277276074334186","88.3315265771543","50.66669901723344","46.76671824713583","29.79768973149257","53.74024338412246","1.208053950722996","51.506696954855045","22.137521635234176","72.76189192284194","0.7384222749889037","36.5916549477045","0.5596160289947716","77.2166565818539","0.013780115293631283","65.14814738626804","0.3145177490171319","36.80993053510238","0","81.62384392306078","7.779095357594658","74.60544526572423","53.140266396709414","30.71489721962375","2.841774731932339","55.11007499797307","3.4398876194975196","47.08394490493766","6.223253610217494","48.26274870466559","9.217601102941174","52.85584599601448","3.993777460379624","76.68319068686013","56.62997003224757","68.9058461376699","5.743038934723649","29","0.4071329317569733","0.0028628881353220826","","","","0.4071329317569733","","60.74792328011741","","","","","","2.4700742588043214","","15.317902323530848","","[21.277276074334186,7.779095357594658,53.140266396709414,2.841774731932339,3.4398876194975196,6.223253610217494,9.217601102941174,3.993777460379624,56.62997003224757,5.743038934723649,50.66669901723344,29.79768973149257,1.208053950722996,22.137521635234176,0.7384222749889037,0.5596160289947716,0.013780115293631283,0.3145177490171319,0]",""
"epoch_28","finished","-","","","2025-05-16T09:38:29.000Z","903","","88.95737865901758","20.916358181644423","88.24070878878587","51.537349799343716","46.90752332927607","26.261337049662124","52.21602566282404","0.35307238580315015","49.48489213985609","23.170667855014837","76.33992730748224","0.6716277273485312","33.21725509477254","1.1925952560666122","81.83327957088832","0.024243543713418216","64.85781947019623","0.235626949832387","38.24793141600426","0","81.6086350798573","6.350358070871566","74.4255490451801","50.8197319485604","34.08078633322818","3.479413016450007","55.73313371691171","4.527378969858006","46.91147076476374","4.595508140571549","48.649267696886746","5.98415173203075","52.67964551875085","2.940820673982276","77.00842656391646","62.52506828810609","67.71267652030029","5.827683389577032","28","0.4088115345001221","0.002985296186515655","","","","0.4088115345001221","","61.00591224625784","","","","","","2.4662596797943115","","15.07849960991316","","[20.916358181644423,6.350358070871566,50.8197319485604,3.479413016450007,4.527378969858006,4.595508140571549,5.98415173203075,2.940820673982276,62.52506828810609,5.827683389577032,51.537349799343716,26.261337049662124,0.35307238580315015,23.170667855014837,0.6716277273485312,1.1925952560666122,0.024243543713418216,0.235626949832387,0]",""
"epoch_27","finished","-","","","2025-05-16T09:23:27.000Z","901","","89.40885242798495","16.267708000997512","88.2170132919678","51.007070962096854","46.894051958691435","27.640063162065537","51.06464503492103","0.92640680762997","48.421169085835295","19.53913620497545","74.05778549251274","0.7615918285102958","38.77272574579437","0.3005996450734156","80.23738676445453","0.7478227211147664","64.30255501932885","0.018472664387061268","38.028765365124286","0","81.80092649947585","7.59655445778645","74.64925708190812","53.9954637209442","32.47340374373407","2.7115878064067713","56.2628412392859","5.73875892323147","46.86893779337652","5.973197955901653","48.28292988929208","9.63920102546347","52.72966035492046","2.1631750937937424","76.60301465706743","63.63839899502345","68.29090418071061","5.531715682517784","27","0.4093728469371796","0.003107148899671073","","","","0.4093728469371796","","60.91404345402034","","","","","","2.5047570085525512","","15.233162536551102","","[16.267708000997512,7.59655445778645,53.9954637209442,2.7115878064067713,5.73875892323147,5.973197955901653,9.63920102546347,2.1631750937937424,63.63839899502345,5.531715682517784,51.007070962096854,27.640063162065537,0.92640680762997,19.53913620497545,0.7615918285102958,0.3005996450734156,0.7478227211147664,0.018472664387061268,0]",""
"epoch_26","finished","-","","","2025-05-16T09:08:22.000Z","905","","89.41213136294716","18.682608309099376","88.27605211858115","49.89887280359112","46.67335430785532","27.87809459755588","52.5547290417468","1.0015925065896822","48.650215322217406","26.407329870594832","73.08253207890245","0.800990608097798","37.66847935174781","0.27704628682747046","82.94968383296305","0.4759476457589664","64.36173506096453","0.2831962303963953","34.865237178238864","0","81.59150119370082","6.062357460880015","74.43837392483594","56.41044076687704","33.24035445461308","3.8310479092602","54.792136704192565","1.5955578160310828","46.648073619694","5.603165664095449","47.32843815613304","10.69273321599195","52.50671020516514","3.1182961112333563","76.13089923667545","63.823321465421934","67.11090564535269","4.009323074233844","26","0.4126110897064209","0.0032284727938413312","","","","0.4126110897064209","","60.64639698929092","","","","","","2.3605313119888307","","15.602884574585357","","[18.682608309099376,6.062357460880015,56.41044076687704,3.8310479092602,1.5955578160310828,5.603165664095449,10.69273321599195,3.1182961112333563,63.823321465421934,4.009323074233844,49.89887280359112,27.87809459755588,1.0015925065896822,26.407329870594832,0.800990608097798,0.27704628682747046,0.4759476457589664,0.2831962303963953,0]",""
"epoch_25","finished","-","","","2025-05-16T08:53:21.000Z","900","","89.41662873672942","20.12730848228165","88.44871432070656","47.80370200493011","46.06398441971171","27.61553047693097","51.77091108266805","1.5387938418453606","48.38490053680074","34.58297847211663","71.66218164557002","0.502273996106289","44.12456077427956","0.7372307165862899","84.91387408180901","0","63.924933033553145","0.9083570727952804","38.01356061623736","0","81.32600423838848","7.086978702293292","74.15842532441496","53.33011951485064","32.264405298669196","2.7345872042600328","53.61754337565091","2.780747898167982","46.38153827666319","5.44175537450651","47.30025649754312","8.682222568118553","52.046458178022505","4.28912114922053","76.28457024315475","58.90775717484399","68.02085370281927","5.592400180752721","25","0.4171018169879913","0.003349292070425916","","","","0.4171018169879913","","60.95391075702063","","","","","","2.5110648460388183","","16.62716851944746","","[20.12730848228165,7.086978702293292,53.33011951485064,2.7345872042600328,2.780747898167982,5.44175537450651,8.682222568118553,4.28912114922053,58.90775717484399,5.592400180752721,47.80370200493011,27.61553047693097,1.5387938418453606,34.58297847211663,0.502273996106289,0.7372307165862899,0,0.9083570727952804,0]",""
"epoch_24","finished","-","","","2025-05-16T08:38:07.000Z","913","","89.00650702319142","20.756817825281903","88.83684241587451","50.39914467587284","45.753759044958535","30.840172184851884","50.54704067177843","3.085900592391561","47.7636694992407","26.173133844453115","69.04902077041551","0.618639325768103","45.25416677717191","0.5407139575950536","84.73762601557901","0.03371034675160123","62.871409296169155","0.3523191436701322","33.810157910311226","0","81.19304812758881","8.865757376772224","74.0903545354504","56.212177367555384","33.60285311979299","1.9097103670056383","54.300596578085866","3.2990955285226384","46.151491367001896","4.5966592774583415","47.225227653744746","8.135524045195814","51.798925350833755","3.4948587842178185","76.47194779067219","55.20740074586305","67.92637662481252","4.220872660867143","24","0.4205301536560059","0.003469628900303773","","","","0.4205301536560059","","60.5468958196144","","","","","","2.416969404220581","","15.485700447227458","","[20.756817825281903,8.865757376772224,56.212177367555384,1.9097103670056383,3.2990955285226384,4.5966592774583415,8.135524045195814,3.4948587842178185,55.20740074586305,4.220872660867143,50.39914467587284,30.840172184851884,3.085900592391561,26.173133844453115,0.618639325768103,0.5407139575950536,0.03371034675160123,0.3523191436701322,0]",""
"epoch_23","finished","-","","","2025-05-16T08:22:54.000Z","912","","89.13935980877291","16.56245764840858","88.76956375878954","46.38917489802421","45.39631423747576","26.503069991724814","50.348350617905965","2.0566288349189548","50.44086685971568","38.96958982589302","75.29382711839882","0.45240406041602454","43.367021816353585","0.5509706589049159","82.124756389964","0","63.07661783671175","0.5195214682989245","31.262917278297493","0","81.05840857350682","3.905538534531768","74.20930644310893","54.80736621587413","30.5697673216642","1.9974210161355377","54.28327441167102","2.834196309773809","46.04357144969364","3.751341462536282","47.21669717405316","7.285157325858236","51.08630751541604","3.542396081345055","76.47928906723772","53.04330423087475","67.81321449141832","3.9591373303118633","23","0.4240712842941285","0.0035895036657158383","","","","0.4240712842941285","","60.41997011421869","","","","","","3.0144387874603273","","15.713510346695935","","[16.56245764840858,3.905538534531768,54.80736621587413,1.9974210161355377,2.834196309773809,3.751341462536282,7.285157325858236,3.542396081345055,53.04330423087475,3.9591373303118633,46.38917489802421,26.503069991724814,2.0566288349189548,38.96958982589302,0.45240406041602454,0.5509706589049159,0,0.5195214682989245,0]",""
"epoch_22","finished","-","","","2025-05-16T08:07:51.000Z","903","","89.02359934104943","23.553449378039325","89.12675475243991","46.65898627852432","45.196813794896315","30.882502453731043","50.65371498311889","2.1455248040693484","47.52882271305357","29.31498939291957","70.43318339355767","0.5989618566924088","39.04806987283773","0.6857073238781218","81.14957934686927","0.025437741128587772","63.6657977568605","0.07036920164089616","32.86922883845913","0","81.12345102904447","4.718569084847813","73.9110293055287","56.8624593903303","33.88772301737927","3.232736195656023","52.851395586407115","5.195813722452552","45.76018666476655","4.678044180881459","46.402879369691696","6.15918066749145","50.365561967137","3.635561461041905","76.0967124812788","56.85103245998854","67.49967058564744","5.48695182592998","22","0.4286661946296692","0.0037089351654411625","","","","0.4286661946296692","","59.8207460421065","","","","","","2.508853370666504","","15.597570967735756","","[23.553449378039325,4.718569084847813,56.8624593903303,3.232736195656023,5.195813722452552,4.678044180881459,6.15918066749145,3.635561461041905,56.85103245998854,5.48695182592998,46.65898627852432,30.882502453731043,2.1455248040693484,29.31498939291957,0.5989618566924088,0.6857073238781218,0.025437741128587772,0.07036920164089616,0]",""
"epoch_21","finished","-","","","2025-05-16T07:52:50.000Z","900","","89.09514054916463","24.69529977983047","88.84688681875868","48.214634461240045","44.158205613695415","27.810563759695476","49.12981885968162","1.5877687204598072","50.14822393798699","32.17296130865188","72.60095585047611","0.4253588529949078","33.369420506570094","0.21907048019528483","79.74096527259233","0.0034717400361060956","61.09454111466079","0.2075932434393594","33.723484130826805","0","80.74662479487718","5.355827000308349","73.52728273854011","57.55978875762645","32.0720228977471","5.539811798500395","53.322535054098054","2.811268022449075","45.61061976924841","4.496147020778722","46.570815813979735","5.959629364372477","50.78649801410562","4.338034413569945","76.67251326985584","50.90607588082469","67.68473089834387","5.1759530000812575","21","0.4354985658168793","0.003827940789949578","","","","0.4354985658168793","","59.41585715290575","","","","","","2.945810772895813","","15.415514311391927","","[24.69529977983047,5.355827000308349,57.55978875762645,5.539811798500395,2.811268022449075,4.496147020778722,5.959629364372477,4.338034413569945,50.90607588082469,5.1759530000812575,48.214634461240045,27.810563759695476,1.5877687204598072,32.17296130865188,0.4253588529949078,0.21907048019528483,0.0034717400361060956,0.2075932434393594,0]",""
"epoch_20","finished","-","","","2025-05-16T07:37:48.000Z","901","","89.11070144092784","15.05497453135168","88.83614920745757","53.94548237677902","44.09641902527354","28.174107211740875","49.39079352251887","0.9653901849433744","47.00417674523065","19.34243703137949","71.84245079086281","0.6591561072205295","37.046930488087185","0.33681974051132235","81.10981028994433","0.12740364382073194","62.01053306116558","0.9526945371127526","30.775165813708195","0","80.63866293182265","5.151047502668592","73.67082386576257","61.34129194735587","33.51610158115878","3.2557541091318822","53.51701309881849","7.597210922072387","45.25692493861321","6.898195208692122","45.895648061676134","10.34402851727203","50.09978140774154","2.737922266618235","75.99693949097096","57.31692525880453","66.70988748982568","4.484971114466878","20","0.4410461057186127","0.0039465366718084705","","","","0.4410461057186127","","59.29078490797719","","","","","","2.655568015098572","","15.482545122885682","","[15.05497453135168,5.151047502668592,61.34129194735587,3.2557541091318822,7.597210922072387,6.898195208692122,10.34402851727203,2.737922266618235,57.31692525880453,4.484971114466878,53.94548237677902,28.174107211740875,0.9653901849433744,19.34243703137949,0.6591561072205295,0.33681974051132235,0.12740364382073194,0.9526945371127526,0]",""
"epoch_19","finished","-","","","2025-05-16T07:22:23.000Z","924","","88.64129640530834","14.11045877342966","89.68353950321742","48.280944848074405","43.48139524392825","26.65263518881438","46.50131371221575","3.63464527382431","47.7783535066314","24.68228708625194","70.94122209882799","0.5889608510833286","36.65869778919703","0.5548297820920293","79.35112375538588","0.001898592383606793","60.509513552137015","0.32826966515253053","27.35809759056394","0","80.29005167800979","3.296105324351322","73.5870286755829","57.707423931559546","33.33456665540589","2.2900376307781563","52.5847579240603","0.7951006818070957","44.836432190228734","5.673638282899367","44.02222435677192","6.236621194075055","48.97970630968465","4.7350248169455735","75.89967753590014","57.60490732175941","67.09727921667744","4.860620499010378","19","0.44840114374160767","0.004064737815548387","","","","0.44840114374160767","","58.501909352617616","","","","","","2.9911962089538573","","14.557467208016227","","[14.11045877342966,3.296105324351322,57.707423931559546,2.2900376307781563,0.7951006818070957,5.673638282899367,6.236621194075055,4.7350248169455735,57.60490732175941,4.860620499010378,48.280944848074405,26.65263518881438,3.63464527382431,24.68228708625194,0.5889608510833286,0.5548297820920293,0.001898592383606793,0.32826966515253053,0]",""
"epoch_18","finished","-","","","2025-05-15T20:39:16.000Z","988","","88.67221453242453","14.879522562043736","89.59997187823761","52.872750793086794","42.693439633258286","27.213105995146524","45.957680179150856","1.8654098551840692","50.050994218369226","19.31572342770272","64.39168061308425","0.7443497868142823","34.35682862829874","0.0634455443441881","69.45742912297386","0.009301532427467422","59.15240961198831","0.8010124276678974","28.08458363814544","0","79.96745751554515","9.610225044446103","73.54524439030628","55.19394073771714","30.81014488533557","2.9225967853945467","51.5334965961748","6.33937101409395","44.339898953373634","7.313891831621914","43.81309131716749","8.093230568485401","48.27213899580998","2.9113996010294683","76.55212033272274","61.61018876782656","66.96065133741587","5.218673170378921","18","0.46645486755371096","0.004182558210365093","","","","0.46645486755371096","","57.27428823051488","","","","","","2.517015328407288","","15.387674413633984","","[14.879522562043736,9.610225044446103,55.19394073771714,2.9225967853945467,6.33937101409395,7.313891831621914,8.093230568485401,2.9113996010294683,61.61018876782656,5.218673170378921,52.872750793086794,27.213105995146524,1.8654098551840692,19.31572342770272,0.7443497868142823,0.0634455443441881,0.009301532427467422,0.8010124276678974,0]",""
"epoch_17","finished","-","","","2025-05-15T20:22:49.000Z","987","","89.17485916536323","13.125011080588978","88.52325384809538","53.09591648310401","42.44933675003587","29.272948648136023","46.70969427604935","1.2181984405662407","49.17612158275029","26.520500694943465","69.30185575634026","0.5960755583246005","32.09783378303743","0.06648510869249183","76.95586119141808","0","57.89874121710257","1.2109459320780351","18.86454521592785","0","79.73644601425922","7.3870003009172125","72.98486772616846","59.67617938728065","32.30081025237569","3.596349872758068","49.93096784330716","1.5330025821193467","44.08355901567484","6.326551467133477","43.148482670695095","10.37129712893094","47.78244128301337","4.172598304659202","75.19580998832694","52.8698487225106","65.3557553514155","4.189927815088657","17","0.4714114964485168","0.0043000109283920515","","","","0.4714114964485168","","56.93006541743982","","","","","","2.99458706665039","","16.189931619284238","","[13.125011080588978,7.3870003009172125,59.67617938728065,3.596349872758068,1.5330025821193467,6.326551467133477,10.37129712893094,4.172598304659202,52.8698487225106,4.189927815088657,53.09591648310401,29.272948648136023,1.2181984405662407,26.520500694943465,0.5960755583246005,0.06648510869249183,0,1.2109459320780351,0]",""
"epoch_16","finished","-","","","2025-05-15T20:06:08.000Z","1000","","88.75709734576537","21.050638020727096","89.10204590438244","52.66952553735369","40.86845661880751","30.80180742988459","43.39369250397295","0.6320153201312354","48.15446495008988","28.567465259546303","71.1430262475965","0.7319866936369962","31.035160637217533","0.48481833229104054","77.27686916215633","0.4296376503345062","56.94475934527436","1.3812581757640618","19.022064995802843","0","77.44875854791353","7.669372760319412","72.37711834519249","54.865499838522425","31.60490643330985","2.9437766539233543","48.63648432623841","1.8174461271007785","43.31157448020655","6.086671139225603","42.14676477562252","5.034895420550165","45.224116211758506","6.355911577523187","75.3893225538024","54.550040726075785","65.76979160805185","3.4910462441678796","16","0.4954736662387848","0.0044171082107721344","","","","0.4954736662387848","","56.189814473324304","","","","","","2.223400170326233","","15.531322939282116","","[21.050638020727096,7.669372760319412,54.865499838522425,2.9437766539233543,1.8174461271007785,6.086671139225603,5.034895420550165,6.355911577523187,54.550040726075785,3.4910462441678796,52.66952553735369,30.80180742988459,0.6320153201312354,28.567465259546303,0.7319866936369962,0.48481833229104054,0.4296376503345062,1.3812581757640618,0]",""
"epoch_15","finished","-","","","2025-05-15T19:49:34.000Z","994","","88.64607047391188","19.879903224282884","88.4807651774871","54.96632705445096","40.766394851575726","31.375728195956615","43.34730447945516","4.712161497351685","47.26541677908527","25.674020541364655","66.74772128209517","0.7723100309273192","38.24662216847738","0.2921194194603737","80.47256483640794","0.00580994507665254","55.38178319941988","1.7240329585582657","17.831182425755244","0","78.83094219400364","9.329312209959802","72.40320661677706","54.67814897532932","33.217464111795834","1.2025885471633369","49.00747144392134","2.0102997157162386","43.17087006474112","4.802887672580707","42.09595516099853","6.593198332244614","46.18436827690207","3.3910633698564174","75.36501456663004","42.02471871217245","65.63743537286867","3.251907191602018","15","0.49174346995353696","0.004533861543357625","","","","0.49174346995353696","","56.47887123591101","","","","","","2.608332736968994","","14.81591875522524","","[19.879903224282884,9.329312209959802,54.67814897532932,1.2025885471633369,2.0102997157162386,4.802887672580707,6.593198332244614,3.3910633698564174,42.02471871217245,3.251907191602018,54.96632705445096,31.375728195956615,4.712161497351685,25.674020541364655,0.7723100309273192,0.2921194194603737,0.00580994507665254,1.7240329585582657,0]",""
"epoch_14","finished","-","","","2025-05-15T19:33:09.000Z","984","","88.64948612646113","11.64083362234427","89.15191242846394","45.89857912099681","40.80926539999275","24.73726460337765","44.963728431952205","0.6275314062642282","48.15928425676649","35.7315695244149","71.83474945928727","0.5869348143005225","37.284536035084784","0.07599855976168951","80.98376456284268","0.0003865959453817247","55.773285798630326","0.9930965518191676","11.468566208874847","0","78.99350073391386","2.5634810212486814","72.45994851559736","54.7615821753669","31.607040437195895","0.7440198810762046","49.46694632254709","2.7272952017775087","43.026647645435915","4.138923286315126","41.19656162256278","7.479358426501199","45.253153880685794","3.256208625357879","75.72200981806941","41.25127606842516","65.23333016855635","2.369655168512984","14","0.4913580273151398","0.004650281723548955","","","","0.4913580273151398","","56.42303778173268","","","","","","3.474308964729309","","13.310221925211458","","[11.64083362234427,2.5634810212486814,54.7615821753669,0.7440198810762046,2.7272952017775087,4.138923286315126,7.479358426501199,3.256208625357879,41.25127606842516,2.369655168512984,45.89857912099681,24.73726460337765,0.6275314062642282,35.7315695244149,0.5869348143005225,0.07599855976168951,0.0003865959453817247,0.9930965518191676,0]",""
"epoch_13","finished","-","","","2025-05-15T19:16:44.000Z","985","","88.38284210742933","24.16306864314687","89.67979247945026","52.24209900631005","39.78398688142696","33.47785705829017","43.265378794622976","2.5145978182031308","43.84093442829115","28.250000285342757","70.4191225800904","0.7454677902474284","32.287540183323856","0.29206316833610674","78.59326343164683","0.19638195134348355","56.749951258862374","0.9475389728874382","11.168681166729018","0","78.8227530111399","5.642060493941328","72.15450087921491","58.84491680864355","36.30027983574459","3.241348394159601","47.83343528449783","4.7677633666379595","42.42052062361129","6.482924909184512","40.417149420048936","6.76803251917512","44.45750850319329","3.4666882563622132","75.36554654837569","51.200487154970254","64.83945063192263","4.030154470204002","13","0.5018511827468872","0.004766378919526803","","","","0.5018511827468872","","55.62013884471697","","","","","","2.4123251962661745","","15.959636170410334","","[24.16306864314687,5.642060493941328,58.84491680864355,3.241348394159601,4.7677633666379595,6.482924909184512,6.76803251917512,3.4666882563622132,51.200487154970254,4.030154470204002,52.24209900631005,33.47785705829017,2.5145978182031308,28.250000285342757,0.7454677902474284,0.29206316833610674,0.19638195134348355,0.9475389728874382,0]",""
"epoch_12","finished","-","","","2025-05-15T19:00:16.000Z","988","","88.69534022421789","20.416988884295133","89.38496953725503","49.82289049150136","38.55095573776682","25.465835560217876","42.462506525204915","0.8502801689445563","48.156838900389786","24.461691468075124","69.57388514931154","0.44276204638288114","25.41999111511305","1.2128418711211726","71.63179706442845","0","53.08145044029472","0.3672113246241326","9.46505663262867","0","78.16424857523104","4.335977122949805","71.10484387477291","54.80455768565493","33.67907384802389","6.232354293177926","47.54499928118499","1.175763662040731","42.0528768711906","4.171779002414925","38.4730470939459","4.390184846534684","44.28678646740797","3.9930688066652498","75.80285392735593","44.315630587355706","65.21426393961886","5.092309398430187","12","0.5160581206321716","0.00488216272292538","","","","0.5160581206321716","","54.35504132659701","","","","","","3.333811499595642","","14.797183954140374","","[20.416988884295133,4.335977122949805,54.80455768565493,6.232354293177926,1.175763662040731,4.171779002414925,4.390184846534684,3.9930688066652498,44.315630587355706,5.092309398430187,49.82289049150136,25.465835560217876,0.8502801689445563,24.461691468075124,0.44276204638288114,1.2128418711211726,0,0.3672113246241326,0]",""
"epoch_11","finished","-","","","2025-05-15T18:43:49.000Z","986","","88.6072034770544","10.811222041231153","89.15912120258042","57.476924750119494","37.618486865883945","23.815659074326433","39.92376635129114","1.452465902477289","46.28025353747794","19.605218738963316","70.83766404419893","0.6433748949601177","32.83155000268954","0.13164924063191635","76.54787086099168","0","53.71634672118498","0.40782344836912865","2.8298088228188543","0","77.8027923750439","6.239934856888536","70.63292395956525","55.42293402827265","33.80572990875345","2.3431539647755866","46.88876027356542","6.449335279811071","41.408093159572495","6.719549561987556","37.9983692029863","9.31417294769145","42.18398544835326","1.8938642038509357","74.86332267989951","44.698429183181595","64.16309164880006","3.38869047574278","11","0.5304510961532592","0.004997642195826683","","","","0.5304510961532592","","54.11048108119534","","","","","","2.9760549993515015","","14.75378838784006","","[10.811222041231153,6.239934856888536,55.42293402827265,2.3431539647755866,6.449335279811071,6.719549561987556,9.31417294769145,1.8938642038509357,44.698429183181595,3.38869047574278,57.476924750119494,23.815659074326433,1.452465902477289,19.605218738963316,0.6433748949601177,0.13164924063191635,0,0.40782344836912865,0]",""
"epoch_10","finished","-","","","2025-05-15T18:27:03.000Z","1006","","88.365459525034","7.314182520461799","89.77820735771137","51.957090707251695","36.23252168651977","26.53285332349324","37.63130622700493","1.7816551080030714","47.8065016118293","25.67719047214895","67.28026707744641","0.6909727921909556","22.774100172648858","0.13652241575117502","71.36067348181024","0","48.99284243998133","1.9282506588418804","0.1436624688101218","0","77.30553045160798","3.4504078308958337","69.90198689865991","57.83436938946163","35.163138173324995","1.2402304206657455","45.28179684454883","1.402348714824424","40.38474561092512","6.467365043049051","35.35440801595911","7.328051495923105","41.11008514180888","5.014274624122689","75.0428632147823","48.63658672402434","64.00740217621589","3.03445829538212","10","0.5496427348136902","0.005112825912817865","","","","0.5496427348136902","","52.31144729350681","","","","","","3.188595506668091","","14.730988855087746","","[7.314182520461799,3.4504078308958337,57.83436938946163,1.2402304206657455,1.402348714824424,6.467365043049051,7.328051495923105,5.014274624122689,48.63658672402434,3.03445829538212,51.957090707251695,26.53285332349324,1.7816551080030714,25.67719047214895,0.6909727921909556,0.13652241575117502,0,1.9282506588418804,0]",""
"epoch_9","finished","-","","","2025-05-15T17:47:21.000Z","926","","87.55115705938188","11.695378898820636","88.84778847066312","49.43396090541378","34.86819532631916","23.328925940979275","37.61503406312724","2.054921029816427","48.232436638353434","32.580755011726254","66.90676213445776","0.575067066436128","28.572184493233244","0.4327121978402384","68.75055087145158","0","46.17347243395572","2.3532723194104443","0.02854504239778354","0","75.6962495181444","3.183999293480394","69.64018040200118","58.493380359454115","33.82946046002061","0.21256998769362745","42.84598909852228","0.2893014190697151","39.50774172626192","3.5579322535594136","33.54782859245869","7.204811624278265","38.07603437952245","1.5576500907682695","74.98636374100451","29.70272691417782","63.15017650860866","2.09898593299257","9","0.5845524695396423","0.005227721998740838","","","","0.5845524695396423","","51.51716583999397","","","","","","3.7680587692260743","","13.4562559556422","","[11.695378898820636,3.183999293480394,58.493380359454115,0.21256998769362745,0.2893014190697151,3.5579322535594136,7.204811624278265,1.5576500907682695,29.70272691417782,2.09898593299257,49.43396090541378,23.328925940979275,2.054921029816427,32.580755011726254,0.575067066436128,0.4327121978402384,0,2.3532723194104443,0]",""
"epoch_8","finished","-","","","2025-05-15T17:31:57.000Z","923","","87.98075007856949","14.076596541183209","88.98500642808561","60.3649375077072","32.74289303087291","30.79723567418978","35.22293494661717","3.0219393606766154","44.8230708344441","26.426211150195833","62.45796345136593","0.6846481232301402","22.751904855221248","1.6101037071791091","68.11597006015614","2.0364231604360605","46.665479386351464","2.1085587269761565","0.0008391162427731106","0","75.23604478405184","11.059873369250123","69.31226689388642","61.343559066278395","36.644571090918255","4.457253529953357","40.799887255867425","2.669047559166017","38.29853120514393","9.778102965839569","30.618571182295888","6.591054460019312","36.4737391922829","2.48389826006626","74.2588389628694","54.988309926952425","61.50073311765062","3.977136920453874","8","0.6030111443042755","0.00534233816266959","","","","0.6030111443042755","","50.15210504594177","","","","","","2.499046149253845","","16.581938333875193","","[14.076596541183209,11.059873369250123,61.343559066278395,4.457253529953357,2.669047559166017,9.778102965839569,6.591054460019312,2.48389826006626,54.988309926952425,3.977136920453874,60.3649375077072,30.79723567418978,3.0219393606766154,26.426211150195833,0.6846481232301402,1.6101037071791091,2.0364231604360605,2.1085587269761565,0]",""
"epoch_7","finished","-","","","2025-05-15T17:16:36.000Z","921","","87.22421694098004","23.18382343241416","89.25008798967377","52.54085871693849","29.179737191181605","25.4845311697976","28.711110716289777","1.021503978626009","47.94378927413362","20.763152461673247","58.094915146327374","0.5543122359314897","16.794478839282736","0.02172448127772134","63.930093888954865","0","39.16558090311646","0.23470469037571332","0","0","73.9436204588289","6.669661474108901","68.22510891953613","58.56141130372845","40.2419818272241","3.501383889626327","40.23532092697192","0.0837586731097504","37.36335063652413","4.363606311448243","27.375407404697754","2.282558436002368","33.85997210854983","2.4681831088115596","74.46020040819877","36.85312635234856","60.60151769786102","3.7122159928255543","7","0.6353273978233337","0.0054566817285730375","","","","0.6353273978233337","","50.92224951546294","","","","","","2.5393241653442384","","14.25297157112024","","[23.18382343241416,6.669661474108901,58.56141130372845,3.501383889626327,0.0837586731097504,4.363606311448243,2.282558436002368,2.4681831088115596,36.85312635234856,3.7122159928255543,52.54085871693849,25.4845311697976,1.021503978626009,20.763152461673247,0.5543122359314897,0.02172448127772134,0,0.23470469037571332,0]",""
"epoch_6","finished","-","","","2025-05-15T17:01:11.000Z","925","","87.5440998922172","4.983475006240945","88.35621057680736","54.161784795244095","27.03155972575429","20.27129801076749","22.507853985164605","1.7215568862275443","50.46604313687102","19.73762160822653","61.820317659330534","0.45562311726351024","22.050616990331452","0.00028525163472957666","65.4650559032182","0","30.810460318310913","0","0","0","73.06444908855336","6.752165784583328","65.39123690481308","47.971467825858056","36.10102037346908","3.275898088961722","36.73552344202069","0.31727523877346947","35.907981369980476","5.762546636010033","24.02686808121945","3.2400168137873044","30.626401787555285","0.9163915051550666","73.682671208068","30.159489763575476","59.53481098579877","2.682293676477504","6","0.6682016335487365","0.00557075966305625","","","","0.6682016335487365","","49.50684341274909","","","","","","4.4295730924606325","","12.650574375549176","","[4.983475006240945,6.752165784583328,47.971467825858056,3.275898088961722,0.31727523877346947,5.762546636010033,3.2400168137873044,0.9163915051550666,30.159489763575476,2.682293676477504,54.161784795244095,20.27129801076749,1.7215568862275443,19.73762160822653,0.45562311726351024,0.00028525163472957666,0,0,0]",""
"epoch_5","finished","-","","","2025-05-15T16:45:40.000Z","931","","87.07618718736622","8.441977862484332","87.74738659438268","55.65242456947173","21.91259117192297","16.576189788581612","9.957427545276918","0","50.98132676189287","22.10014310891704","50.78056135447282","1.4764549918725187","18.90761029358315","0.09273550579466255","65.83290500073355","0","10.810731229300051","0","0","0","71.32150972778814","6.513287519948214","64.63652742926476","49.90030143064901","39.45595508842297","1.81932751348023","35.09180956926436","1.3532507350273235","33.61892556404855","9.419622312349468","17.01679796237113","2.4055432625881714","15.9952963691325","0.9556855902963972","72.94917647612266","49.98685658599869","59.0904377617668","2.372013669369838","5","0.7167623198032379","0.005684578600518514","","","","0.7167623198032379","","45.17684239372849","","","","","","3.0286030435562132","","15.27105429645528","","[8.441977862484332,6.513287519948214,49.90030143064901,1.81932751348023,1.3532507350273235,9.419622312349468,2.4055432625881714,0.9556855902963972,49.98685658599869,2.372013669369838,55.65242456947173,16.576189788581612,0,22.10014310891704,1.4764549918725187,0.09273550579466255,0,0,0]",""
"epoch_4","finished","-","","","2025-05-15T16:04:24.000Z","894","","86.80387806588651","16.878638511781997","87.25106133707644","52.855662102067456","11.35395448816165","26.021441888023155","6.731826163889595","0","61.84128258710735","14.910558690879675","52.210177941278545","4.127370865253303","11.778305922957646","1.6625653916049772","55.68626471950103","5.709665595389254","2.9847728809194214","0","0","0","67.32916258130436","13.234479222040434","61.211680313056874","56.90009615747551","37.02965563666755","7.240799887831111","31.603612698259532","0.6392282397344946","31.164549876540796","8.384137226266363","6.992168868122195","3.3921372042918994","1.4141173092051909","0.0022934036469049535","71.95189433001728","42.32959300418596","57.3308669749213","3.000986306399607","4","0.7865203526973724","0.005798144866020802","","","","0.7865203526973724","","41.259401816381846","","","","","","2.1240470933914186","","16.080603356054507","","[16.878638511781997,13.234479222040434,56.90009615747551,7.240799887831111,0.6392282397344946,8.384137226266363,3.3921372042918994,0.0022934036469049535,42.32959300418596,3.000986306399607,52.855662102067456,26.021441888023155,0,14.910558690879675,4.127370865253303,1.6625653916049772,5.709665595389254,0,0]",""
"epoch_3","finished","-","","","2025-05-15T15:49:30.000Z","893","","86.84339747857699","6.027176997313786","85.75727923659956","57.718852645048926","2.499614884373929","0.49863353136837474","0.9676273947573614","0","63.04965941595477","9.170686956705898","42.34086861361589","0.3820751723985316","8.105752873746273","0","52.095401759440755","0.05893982701446885","0.5583776889143032","0","0","0","65.38001247174076","6.212203114584378","59.210134816948546","29.694349753612304","35.94530461142489","2.803338687761802","28.395793099135403","0.02068492079908667","28.66556507925996","2.836080545873831","0.4463650703278856","0.1545883946555955","0.017090494577652177","0","70.90210320884218","54.36294429667306","55.185081175583775","5.4480815031978675","3","0.8764462666034698","0.005911464496116451","","","","0.8764462666034698","","38.13141274299005","","","","","","4.1149046459197995","","12.527759739071994","","[6.027176997313786,6.212203114584378,29.694349753612304,2.803338687761802,0.02068492079908667,2.836080545873831,0.1545883946555955,0,54.36294429667306,5.4480815031978675,57.718852645048926,0.49863353136837474,0,9.170686956705898,0.3820751723985316,0,0.05893982701446885,0,0]",""
"epoch_2","finished","-","","","2025-05-15T15:34:35.000Z","895","","86.2839853699817","21.302589681773373","83.42353143436326","55.84043038473349","0.09452194808679738","0.0019856060389347053","0","0","65.18742498937478","19.249637903120437","32.587284053020014","2.282513599344318","3.130443059723753","0","38.73242313332285","0","0.1384623229506203","0","0","0","60.04053768367735","8.09458353214194","55.41943968580119","63.31926790124087","33.11032360468046","3.650791126523079","19.20359504197037","1.5721245936558652","23.587808052376992","6.906122649786401","0","0","0","0","68.32131465813751","56.064848052397664","50.16729599420891","3.326486917758685","2","1.0440012756347656","0.006024543257865944","","","","1.0440012756347656","","41.29522606877844","","","","","","1.8433997449874877","","20.134281829042923","","[21.302589681773373,8.09458353214194,63.31926790124087,3.650791126523079,1.5721245936558652,6.906122649786401,0,0,56.064848052397664,3.326486917758685,55.84043038473349,0.0019856060389347053,0,19.249637903120437,2.282513599344318,0,0,0,0]",""
"epoch_1","finished","-","","","2025-05-15T15:19:27.000Z","907","","84.43508454814337","50.843225505739106","73.28706578900784","60.93372523050456","0.015977169669777285","0.007807796286517854","0","0","49.95998229242949","36.64032352343688","15.348909254014192","6.58343927804756","0.0018224704150958612","0","3.351225802862434","0","0.019939760932761025","0","0","0","42.879098876880455","8.321013796838301","55.07138497259366","58.72631062524758","19.13907398314613","8.04174096609356","2.6798034681311775","1.9715961122894543","8.421755238651068","3.3335644504249555","0.10235281551301675","0","0.07205558556623257","0","59.13144624979072","54.31154466393239","33.299986497322074","3.281121010942368","1","1.7735195421218872","0.006137386666228596","","","","1.7735195421218872","","26.306880280886443","","","","","","1.213921045780182","","24.41628441331527","","[50.843225505739106,8.321013796838301,58.72631062524758,8.04174096609356,1.9715961122894543,3.3335644504249555,0,0,54.31154466393239,3.281121010942368,60.93372523050456,0.007807796286517854,0,36.64032352343688,6.58343927804756,0,0,0,0]",""