"Name","State","Notes","User","Tags","Created","Runtime","Sweep","class_0_train","class_0_val","class_10_train","class_10_val","class_11_train","class_11_val","class_12_train","class_12_val","class_13_train","class_13_val","class_14_train","class_14_val","class_15_train","class_15_val","class_16_train","class_16_val","class_17_train","class_17_val","class_18_train","class_18_val","class_1_train","class_1_val","class_2_train","class_2_val","class_3_train","class_3_val","class_4_train","class_4_val","class_5_train","class_5_val","class_6_train","class_6_val","class_7_train","class_7_val","class_8_train","class_8_val","class_9_train","class_9_val","epoch","loss","loss_aux1","loss_aux2","loss_main","lr","train_flops","train_fps","train_latency","train_loss","train_mIoU","train_params","val_flops","val_fps","val_latency","val_loss","val_mIoU","val_mIoU_per_class","val_params"
"epoch_50","finished","-","","","2025-05-31T20:05:29.000Z","468","","82.20776784222885","80.37215101367319","87.59434209204966","82.99749823167978","65.35051461670223","55.88480582699772","50.435529268081545","30.90554792736914","79.00435928741778","72.01465643356106","78.60404796945808","32.858406380014024","80.36398682310065","35.21926287350296","84.71275129279519","35.27413127413126","63.927507324623534","25.112632944663936","57.192784388877314","52.28529929581285","74.71073745852753","60.68818585538496","85.43342911607408","79.39877216635216","63.94307584093115","33.460379990972136","69.14272596019177","31.146847837035217","35.55541380623916","28.892487930984167","38.2051346619502","24.789196947323383","52.799483856224896","42.27752080390717","84.71461206455021","81.93314146788674","69.8285951308645","43.91106447625819","50","0.13820801800443927","0.2974550491980924","0.16907340739367877","0.12549925749083513","0","25.779775698","56.46992482069526","18.64974021911621","0.13820801800443927","68.61719993688887","12581672","25.779775698","55.92449752225015","17.895522594451904","0.2689112710952759","48.91694682513211","[80.37215101367319,60.68818585538496,79.39877216635216,33.460379990972136,31.146847837035217,28.892487930984167,24.789196947323383,42.27752080390717,81.93314146788674,43.91106447625819,82.99749823167978,55.88480582699772,30.90554792736914,72.01465643356106,32.858406380014024,35.21926287350296,35.27413127413126,25.112632944663936,52.28529929581285]","12581672"
"epoch_49","finished","-","","","2025-05-31T19:58:16.000Z","433","","82.26667905937879","80.32950280840014","87.71524732831774","83.4440388493593","65.71146945227194","56.30608555592923","49.40905004874467","30.76524536297982","78.61807265951091","73.3656781533256","78.73620408901755","33.6055416991331","79.99222044616089","34.77005155564675","86.30721777961207","36.67851548379322","63.227515846879825","24.639333571744107","57.185122887922645","52.180633146312296","74.5664197109974","60.240500509544646","85.41189928429887","79.41881931530868","63.67303209174134","34.06969615562122","68.78253942757489","31.264113265760013","35.61315743890629","28.53457455922278","37.29658045274009","24.063079321386436","52.75323044179018","42.15521222638838","84.7392853411234","81.08387743418608","69.62222575387601","43.32869972381248","49","0.1386687933791988","0.29827462148120387","0.16967620981179424","0.1259502078058155","0.0001557448795224151","","","","0.1386687933791988","68.50669313372977","","","","","0.27179786169528963","48.96016835251864","[80.32950280840014,60.240500509544646,79.41881931530868,34.06969615562122,31.264113265760013,28.53457455922278,24.063079321386436,42.15521222638838,81.08387743418608,43.32869972381248,83.4440388493593,56.30608555592923,30.76524536297982,73.3656781533256,33.6055416991331,34.77005155564675,36.67851548379322,24.639333571744107,52.180633146312296]",""
"epoch_48","finished","-","","","2025-05-31T19:51:03.000Z","432","","82.29775107476392","80.07505676929173","87.64542295902379","82.95180060987961","65.7349689301909","54.83735308709316","50.05407168022331","30.03818071189534","78.2605505374807","76.5220906559595","78.28558740096187","33.882294384344284","78.6561523785563","36.15206744567241","85.71302260449794","35.77028889520509","63.79561785562665","19.197409723888985","57.284234640358555","52.003866320753865","74.72589228307088","60.24238813531891","85.4922771948106","79.04471010631832","64.08393840138035","31.155799428632413","68.97233315487685","30.968425377312514","35.6157418456195","28.906133918744377","37.30664043205908","24.345337328983117","52.43532431312295","41.96557381291766","84.75035645649658","81.7644857193228","69.4895184166448","43.98869251310866","48","0.13843507334855373","0.2978795665214383","0.1693363762045938","0.12572931646163227","0.00029063022171467727","","","","0.13843507334855373","68.45260013472449","","","","","0.2694797991514206","48.62168183919172","[80.07505676929173,60.24238813531891,79.04471010631832,31.155799428632413,30.968425377312514,28.906133918744377,24.345337328983117,41.96557381291766,81.7644857193228,43.98869251310866,82.95180060987961,54.83735308709316,30.03818071189534,76.5220906559595,33.882294384344284,36.15206744567241,35.77028889520509,19.197409723888985,52.003866320753865]",""
"epoch_47","finished","-","","","2025-05-31T19:43:52.000Z","431","","82.2658958408111","79.78279448714714","87.68043009029282","82.81865705947125","65.58854091298201","54.47940913369895","50.00352114069133","29.837472932602942","78.44178434678483","75.85235386152652","80.60037821997071","32.964049510793075","79.705230633718","34.99850899538857","85.76345114280751","36.04809990731254","63.80302807584888","19.68999513033251","57.2956536360086","52.063460466768454","74.66517738086168","60.41480444452627","85.4207819263882","79.31039829235294","64.09573688925394","32.349639146917625","68.9006540384846","31.313031456603635","35.48217171556391","28.761988046376295","37.54528792464089","24.92726864442725","52.685259795065534","42.00746684330167","84.8137395492942","82.11013472930388","69.76025959697196","43.794301674548","47","0.13825218682829055","0.29682551130993673","0.16938937205167218","0.12563747952457602","0.0004186228271549643","","","","0.13825218682829055","68.65878857139163","","","","","0.2683441628217697","48.60651761912629","[79.78279448714714,60.41480444452627,79.31039829235294,32.349639146917625,31.313031456603635,28.761988046376295,24.92726864442725,42.00746684330167,82.11013472930388,43.794301674548,82.81865705947125,54.47940913369895,29.837472932602942,75.85235386152652,32.964049510793075,34.99850899538857,36.04809990731254,19.68999513033251,52.063460466768454]",""
"epoch_46","finished","-","","","2025-05-31T19:36:42.000Z","430","","82.28382329443598","80.39357215261688","87.57897504779368","83.1933719163509","65.55958672431188","55.01893982041244","50.00810492709089","28.86609966723657","78.71569419312537","72.20383918407803","79.39438352967643","34.06010373933881","80.26388359313184","35.44653431559507","84.57491689513762","36.189195568745696","63.214584745424816","24.40912881690295","57.21575056853111","52.32753583366085","74.46103138498135","60.829198457031055","85.413263860955","79.08794606603018","63.9039525561896","33.77550261242294","68.66598057956396","30.626408225603495","35.20877277200191","28.86923202189274","37.00499572716181","24.97439592736783","52.4008158569976","42.1131380911242","84.72275598428878","82.00678389667495","69.67651482029179","44.19569990409944","46","0.13869577221591356","0.2982552742381739","0.16968304953957333","0.1260068455649393","0.0005423351703949019","","","","0.13869577221591356","68.43514668742587","","","","","0.272012757897377","48.87298032722026","[80.39357215261688,60.829198457031055,79.08794606603018,33.77550261242294,30.626408225603495,28.86923202189274,24.97439592736783,42.1131380911242,82.00678389667495,44.19569990409944,83.1933719163509,55.01893982041244,28.86609966723657,72.20383918407803,34.06010373933881,35.44653431559507,36.189195568745696,24.40912881690295,52.32753583366085]",""
"epoch_45","finished","-","","","2025-05-31T19:29:32.000Z","430","","82.16602829990951","79.86238101314757","87.53788663149938","83.36268532465144","65.61049678326243","56.12097610925279","50.27539791746343","30.65623883441184","79.14744746162144","75.89836880997474","79.07901765247712","31.152063727361885","78.87396255244734","35.61423688109855","86.00164632825475","35.77977960720083","63.253049641174975","22.66815374800914","56.86151375585765","51.83202715143006","74.52045906367269","60.68524127593833","85.37135053876742","78.94174781662838","63.74496043999549","32.829074769441576","69.03463442422712","31.265313983204173","35.36851688569882","28.3656884073785","37.46309569086003","23.3936090623503","52.33248342007247","42.050982046269326","84.78020589383627","81.80394039098522","69.58343011094003","44.023150089074576","45","0.1390915625650464","0.29924477936354","0.16996052836568","0.12641037409087175","0.0006629591683281091","","","","0.1390915625650464","68.47397807852833","","","","","0.26959275162220003","48.75292942356891","[79.86238101314757,60.68524127593833,78.94174781662838,32.829074769441576,31.265313983204173,28.3656884073785,23.3936090623503,42.050982046269326,81.80394039098522,44.023150089074576,83.36268532465144,56.12097610925279,30.65623883441184,75.89836880997474,31.152063727361885,35.61423688109855,35.77977960720083,22.66815374800914,51.83202715143006]",""
"epoch_44","finished","-","","","2025-05-31T19:22:21.000Z","431","","82.26240110411021","80.4053197913358","87.5375579561521","83.19673038583959","65.17464910510192","54.57841292631769","49.55809286269464","29.125258123699783","78.80206582285881","74.93068724232147","78.7518032395245","33.64110731874218","80.8335261453031","33.39177203895774","85.967389366289","35.913964423987764","63.271577710585824","23.745388534285873","56.75121341567184","52.34333850563805","74.52576409507579","61.34476585696076","85.36788837035985","79.41824960530082","63.76313356375232","33.060216629668474","68.46795255816834","30.68803392480089","35.351555702625106","28.370495229039765","36.57577964572452","25.52231764005522","52.249921956986675","41.99375770387473","84.62127324270544","80.22240993012275","69.09498095667836","42.33006264343776","44","0.1396864243704854","0.30019797464363446","0.17038597067955494","0.1271630257045798","0.0007811778174919846","","","","0.1396864243704854","68.36465930633517","","","","","0.2725625872612","48.64327833970459","[80.4053197913358,61.34476585696076,79.41824960530082,33.060216629668474,30.68803392480089,28.370495229039765,25.52231764005522,41.99375770387473,80.22240993012275,42.33006264343776,83.19673038583959,54.57841292631769,29.125258123699783,74.93068724232147,33.64110731874218,33.39177203895774,35.913964423987764,23.745388534285873,52.34333850563805]",""
"epoch_43","finished","-","","","2025-05-31T19:15:12.000Z","428","","82.26683262387503","79.95818475283882","87.54515573865734","83.28335753609306","65.26607505261445","55.294636758723655","49.92608219849161","29.747651361352496","78.71638409276824","73.9398197731775","79.27214270577363","31.39963167587477","80.29764423139832","33.863590112866106","84.01948866687904","36.39359129383312","60.91275189066637","21.47978556017222","57.21371319308363","52.48834139145034","74.38496512343093","60.792598031057075","85.3766542584877","79.04988647097052","63.538797938459936","35.42134961300959","68.11683950571347","30.591375218517395","35.26409188559433","28.017364815776975","36.85111420390012","21.99000814233239","52.153162563572394","41.643897386903426","84.62028866050035","81.6168997167613","69.65713891056402","42.922805744128475","43","0.1400205584731114","0.3001124316651099","0.1709199467195203","0.1276416563388652","0.0008974329544562344","","","","0.1400205584731114","68.17891176023319","","","","","0.2728945330381393","48.41551449241259","[79.95818475283882,60.792598031057075,79.04988647097052,35.42134961300959,30.591375218517395,28.017364815776975,21.99000814233239,41.643897386903426,81.6168997167613,42.922805744128475,83.28335753609306,55.294636758723655,29.747651361352496,73.9398197731775,31.39963167587477,33.863590112866106,36.39359129383312,21.47978556017222,52.48834139145034]",""
"epoch_42","finished","-","","","2025-05-31T19:08:01.000Z","431","","82.26890310983366","80.35306084935404","87.57687368421918","83.29320172675195","65.4019107742522","54.82906312025144","49.93564862901903","29.962765207954213","78.20585796033801","70.6640071155452","79.44595454038017","34.796931145845086","79.30599174032787","33.06272918216877","85.28105392902158","36.19281142062265","63.141141795889425","23.16633880898244","56.85136187021431","52.18323519511438","74.52661493583588","61.02853618557506","85.40111311485589","78.9738725722447","63.93207836999486","32.0595461090857","68.22326518753245","30.492664206799503","35.21244733520945","28.522084134833932","36.75403447803563","25.205298215958923","52.16428711532307","41.98934933844804","84.64655480655382","82.33060122101948","68.48739820213076","43.45671450216733","42","0.1400952770092712","0.30024523896570426","0.17094195484356722","0.12774510306256415","0.001012033212898359","","","","0.1400952770092712","68.25065745152457","","","","","0.27450659942626954","48.55593738203804","[80.35306084935404,61.02853618557506,78.9738725722447,32.0595461090857,30.492664206799503,28.522084134833932,25.205298215958923,41.98934933844804,82.33060122101948,43.45671450216733,83.29320172675195,54.82906312025144,29.962765207954213,70.6640071155452,34.796931145845086,33.06272918216877,36.19281142062265,23.16633880898244,52.18323519511438]",""
"epoch_41","finished","-","","","2025-05-31T19:00:50.000Z","431","","82.27921178945391","80.27502246742925","87.49587354668658","83.08909148337612","65.34518461388134","55.10889722842559","48.98166204020842","30.46277459109704","78.60636909736529","72.77943232506588","78.35955378231701","32.187343320085596","79.24737837672923","33.70263120918327","86.2417256070201","35.30257685879745","60.46329402442663","23.84388376572153","56.38004085748347","51.64715136628536","74.279082095322","60.57111054966982","85.33493073937912","79.0100649874962","64.05607718512795","31.798758388477093","68.31051250012737","30.64452521128405","34.98958222809361","28.755340694840836","37.31593270044076","23.389565395871593","51.97959867135632","41.97465894625945","84.48390933091426","81.89135132941267","69.0206811134572","43.800423072883525","41","0.1408706968294755","0.30236604760469676","0.1714251186253157","0.128508852372946","0.0011252059904158424","","","","0.1408706968294755","68.06161054209423","","","","","0.2722962378263474","48.43340016798223","[80.27502246742925,60.57111054966982,79.0100649874962,31.798758388477093,30.64452521128405,28.755340694840836,23.389565395871593,41.97465894625945,81.89135132941267,43.800423072883525,83.08909148337612,55.10889722842559,30.46277459109704,72.77943232506588,32.187343320085596,33.70263120918327,35.30257685879745,23.84388376572153,51.64715136628536]",""
"epoch_40","finished","-","","","2025-05-31T18:53:42.000Z","428","","82.26821764467714","80.19064690732807","87.5174075500044","83.45054622498904","65.30689003386968","55.00916786676918","49.39088941206213","26.61783756851021","78.4948340694519","70.82720192540322","78.55096392794331","29.894153544167875","79.83893065823915","34.50062688881964","85.11376648353071","38.59137953488608","61.926048235039175","18.971241073151894","56.691959839573634","52.48880243525264","74.19738624985884","60.517871127314","85.24920865452988","79.28485377026992","64.01558497880549","33.656130177755806","68.30199701210138","30.625931715749115","34.96070376423962","28.22046017292898","37.15429502782859","24.09664461857372","51.991652692132874","41.900217592935455","84.4942403704093","82.40021613468312","69.21155272203174","44.50333103246128","40","0.14122498573844366","0.3026785124045899","0.17165741769942922","0.129037019993361","0.0012371255521838591","","","","0.14122498573844366","68.14086996454364","","","","","0.2717350174188614","48.19722422694469","[80.19064690732807,60.517871127314,79.28485377026992,33.656130177755806,30.625931715749115,28.22046017292898,24.09664461857372,41.900217592935455,82.40021613468312,44.50333103246128,83.45054622498904,55.00916786676918,26.61783756851021,70.82720192540322,29.894153544167875,34.50062688881964,38.59137953488608,18.971241073151894,52.48880243525264]",""
"epoch_39","finished","-","","","2025-05-31T18:46:33.000Z","428","","82.1982398064168","80.30737932040778","87.49974465852777","83.08888652568271","65.28603749670808","55.30763106405714","48.614689623744326","31.577504520487427","78.56584392441933","73.47875105173965","78.73339071718675","32.94056563989316","78.21103867238313","36.863835773917515","85.6853462116742","37.21547503540878","61.966864615856984","22.707199971989645","56.846638569499575","51.91546732727189","74.01678798225045","60.09031903921006","85.22129229253174","79.27208439531789","62.97183310419376","34.69902083814207","68.55911125488575","31.39545065075583","34.69843259716388","27.949682035418416","37.06168948536756","24.923064257193424","52.01884377416298","41.816482375035456","84.6627213236072","81.54222357534361","69.0112351501403","43.58897277247585","39","0.14186797660725717","0.30314523796847154","0.17276436450675547","0.12974953899780908","0.0013479295485035883","","","","0.14186797660725717","67.9910411189853","","","","","0.26878758001327513","48.98315769314465","[80.30737932040778,60.09031903921006,79.27208439531789,34.69902083814207,31.39545065075583,27.949682035418416,24.923064257193424,41.816482375035456,81.54222357534361,43.58897277247585,83.08888652568271,55.30763106405714,31.577504520487427,73.47875105173965,32.94056563989316,36.863835773917515,37.21547503540878,22.707199971989645,51.91546732727189]",""
"epoch_38","finished","-","","","2025-05-31T18:39:23.000Z","430","","82.14621718372447","80.29674994523351","87.50750506303858","83.19751690993539","65.02660291944633","54.6612552541073","49.68532608395356","30.081788588889925","78.2799418217148","70.99641686692794","77.61213892571612","33.94571321562218","79.40460128458714","37.25136354843087","86.1400021750247","34.46037973062639","61.684336328674384","22.767843816233313","56.41416860965458","52.23174454558186","74.05244753792833","60.95887696159641","85.28212628358051","79.00141703733598","64.00916230967073","35.637232211471485","67.93032346960416","31.466836276875803","34.98823685671856","28.148833639428744","36.57511859211401","24.383595673472023","51.74382429425313","41.75937490922822","84.8222410396773","82.39334384222566","68.57604297966434","44.65141348486025","38","0.14223308990171543","0.30457706791147326","0.17283493166661446","0.1300506258321779","0.001457729351953481","","","","0.14223308990171543","67.99370335572344","","","","","0.26896737051010133","48.85745770832017","[80.29674994523351,60.95887696159641,79.00141703733598,35.637232211471485,31.466836276875803,28.148833639428744,24.383595673472023,41.75937490922822,82.39334384222566,44.65141348486025,83.19751690993539,54.6612552541073,30.081788588889925,70.99641686692794,33.94571321562218,37.25136354843087,34.46037973062639,22.767843816233313,52.23174454558186]",""
"epoch_37","finished","-","","","2025-05-31T18:32:14.000Z","429","","82.215005497513","79.99804891003377","87.55890716328811","83.1828619460525","65.04492524102095","54.51720638573251","49.48955156756074","29.303411675511747","78.17212661271931","74.44648238225801","78.70435943138835","33.740727740727735","78.12338922706368","34.52641953655203","85.76005586721577","35.4557987247975","61.06280467566696","24.082745442040704","56.44745820652965","51.40205498547043","74.03862651562373","60.96605493969408","85.18324362610056","79.38059037561096","62.642655436081085","33.77968737532109","67.61749434883903","31.133968216550308","34.61346348810611","28.68029287714158","36.62582553501702","23.507656098961903","51.74991077412964","41.65664746543181","84.74710548637135","81.34725913413014","68.6123703628302","42.53895993654009","37","0.14277768140758268","0.3052040820813361","0.17349357410089963","0.1307007885578328","0.0015666168530232506","","","","0.14277768140758268","67.81101468752975","","","","","0.27205780386924744","48.612993376239935","[79.99804891003377,60.96605493969408,79.38059037561096,33.77968737532109,31.133968216550308,28.68029287714158,23.507656098961903,41.65664746543181,81.34725913413014,42.53895993654009,83.1828619460525,54.51720638573251,29.303411675511747,74.44648238225801,33.740727740727735,34.52641953655203,35.4557987247975,24.082745442040704,51.40205498547043]",""
"epoch_36","finished","-","","","2025-05-31T18:25:03.000Z","430","","82.25558270340585","80.33671874742461","87.57725584905202","83.0344946312552","64.65422926595544","54.36863291613686","48.51487254635484","27.214291932815915","77.83715508548332","73.31134270938774","77.49447555775257","34.5310199205401","79.39494553376906","34.49019156635584","85.6115771357563","37.61137388626112","62.087623144507646","19.692359702501683","55.95171032621501","52.17970990038132","74.06962481352554","60.411911371357085","85.14967570646556","79.48798616950461","63.45055638565905","34.888906086089186","67.0217722575707","31.520515798739268","34.43269892917035","28.226850865708514","36.49348744406542","22.847290588154195","51.511747269017405","41.67651903762345","84.48159756135097","81.38345688711992","68.21927871806419","44.71781024597743","36","0.14395507366299326","0.3063532625142551","0.17436480125928958","0.13238531163403097","0.0016746691084000315","","","","0.14395507366299326","67.69525611753376","","","","","0.2656088822484016","48.52270436649127","[80.33671874742461,60.411911371357085,79.48798616950461,34.888906086089186,31.520515798739268,28.226850865708514,22.847290588154195,41.67651903762345,81.38345688711992,44.71781024597743,83.0344946312552,54.36863291613686,27.214291932815915,73.31134270938774,34.5310199205401,34.49019156635584,37.61137388626112,19.692359702501683,52.17970990038132]",""
"epoch_35","finished","-","","","2025-05-31T18:17:52.000Z","431","","82.18889319417407","79.87711627002476","87.41677028813358","83.1335996600008","64.66021554005876","54.52223835056432","48.10706576531057","31.00815368089032","78.14334526929022","76.91057194148084","75.83604236458977","32.742784572052855","78.98337743212393","33.09391904448585","85.28232937140197","33.93692235423653","61.87247093567658","23.86371122367959","56.0954088564645","50.858605315566386","73.69341293419161","60.16084596606306","85.05062824688345","79.1832820686094","63.02916755455315","29.39035383072561","67.33073796091713","30.375752651785938","34.50337883823426","27.891700681943416","36.05701623126612","23.774168441749953","51.51362777141474","41.91874804807931","84.8301453956828","80.99164989836768","68.39461172497356","41.327602816473345","35","0.14432982306064843","0.3073510502965092","0.17505766743315387","0.13257828356731333","0.0017819516261776958","","","","0.14432982306064843","67.52571819343899","","","","","0.27400636637210846","48.15588035877789","[79.87711627002476,60.16084596606306,79.1832820686094,29.39035383072561,30.375752651785938,27.891700681943416,23.774168441749953,41.91874804807931,80.99164989836768,41.327602816473345,83.1335996600008,54.52223835056432,31.00815368089032,76.91057194148084,32.742784572052855,33.09391904448585,33.93692235423653,23.86371122367959,50.858605315566386]",""
"epoch_34","finished","-","","","2025-05-31T18:10:42.000Z","430","","82.12474266302722","81.04505712790734","87.4265016977346","82.86809679085579","64.68008703748352","54.97950517384552","48.040702031157565","28.26680022851597","78.12175880027911","71.10063833740392","76.15128308789417","33.118439428195344","78.86599487869763","33.728357776720514","82.34359999379508","38.92170086824424","61.41223739356968","23.050223073681643","56.29760889780368","51.943085662220575","73.78066184286595","60.61299801758724","85.11609928647691","79.43059976813439","63.20113051714177","34.95332898677626","67.17501462705104","31.071267640021315","34.4209961604268","28.418657238172862","36.17051216410392","22.786121272743745","51.25019465625412","42.20465736127575","84.65636721084961","80.55909465248301","68.05978523053153","43.38026119456439","34","0.14517720521406363","0.30919101568882096","0.17551759389672267","0.13357388730570863","0.0018885207523303253","","","","0.14517720521406363","67.33133043037601","","","","","0.26998352551460264","48.54941529470262","[81.04505712790734,60.61299801758724,79.43059976813439,34.95332898677626,31.071267640021315,28.418657238172862,22.786121272743745,42.20465736127575,80.55909465248301,43.38026119456439,82.86809679085579,54.97950517384552,28.26680022851597,71.10063833740392,33.118439428195344,33.728357776720514,38.92170086824424,23.050223073681643,51.943085662220575]",""
"epoch_33","finished","-","","","2025-05-31T18:03:32.000Z","430","","82.17638941566557","80.28253209975404","87.52492167567402","82.83439603986926","64.38719338030363","55.18588573418598","47.71686322394801","30.130158739417123","77.68686859384891","72.35960972618058","77.09414833750665","33.722211631010445","78.16162894651396","36.06471002428127","85.45093583908519","37.43815589222553","61.335555444710785","24.28454455691934","56.06664748432513","51.521456595357165","73.68652884280185","60.63986612989337","85.11195064329695","79.37488018553647","63.160731896646915","34.99422410473623","66.87234432939813","30.85594589102184","34.167085161501156","28.045495498761248","35.66460090991933","23.303420511849403","50.8406439076349","41.450368595989005","84.54613781420453","81.58224878988796","67.36234592138865","43.271910929231","33","0.1458375508169485","0.30930235678609697","0.17628615948610937","0.13455597614589845","0.001994425445331387","","","","0.1458375508169485","67.31650114570391","","","","","0.2685462508201599","48.80747482505827","[80.28253209975404,60.63986612989337,79.37488018553647,34.99422410473623,30.85594589102184,28.045495498761248,23.303420511849403,41.450368595989005,81.58224878988796,43.271910929231,82.83439603986926,55.18588573418598,30.130158739417123,72.35960972618058,33.722211631010445,36.06471002428127,37.43815589222553,24.28454455691934,51.521456595357165]",""
"epoch_32","finished","-","","","2025-05-31T17:56:23.000Z","429","","82.15355939729943","79.94411754090078","87.40625444242575","83.47046404952164","64.08822346143575","54.901138965724925","47.81510726701743","25.613239344229864","77.22620644988449","73.99733314467153","76.42400158063948","31.356226769336153","79.67646986766903","34.60255726450316","85.43643751915153","38.20241645488046","61.116650341654534","19.298237712854828","56.00537892799059","52.37022883399299","73.80906168463555","60.24323115331908","85.09266230473666","79.06611239747751","64.4822133459782","34.09562064627972","67.15273800607956","29.849012691291176","33.769045987380075","28.17817168444768","35.77196176298695","22.898871374897254","50.82763901979265","41.40192062955087","84.7918431549638","81.88953546432954","66.26157592365368","42.86885236883421","32","0.1463309242828505","0.31084023321251225","0.17681066403710508","0.13490231577828338","0.0020997086226656595","","","","0.1463309242828505","67.33194897080924","","","","","0.2695230259895325","48.11827834163386","[79.94411754090078,60.24323115331908,79.06611239747751,34.09562064627972,29.849012691291176,28.17817168444768,22.898871374897254,41.40192062955087,81.88953546432954,42.86885236883421,83.47046404952164,54.901138965724925,25.613239344229864,73.99733314467153,31.356226769336153,34.60255726450316,38.20241645488046,19.298237712854828,52.37022883399299]",""
"epoch_31","finished","-","","","2025-05-31T17:49:12.000Z","431","","82.03743778781543","80.47682464062605","87.30768863008328","82.85178767713829","64.21449765876687","54.9943721901458","48.08375506854567","30.51165146212672","77.44157206226213","71.53303541079087","77.66170810291017","34.01607947478109","78.42256079420008","34.10090030923538","84.06888578127116","32.25463942018612","61.62987748934102","24.645664349347804","55.87653167105322","51.13692933313938","73.8372389343239","60.97691664904274","85.06174073084534","79.35299506983995","64.28851489801491","32.94667662649827","66.60281141579031","31.0288879909765","33.941713837085764","27.948183027052952","35.021634989444635","24.325470256834556","50.632320282941265","41.81243812537678","84.68278246734604","81.46573226216553","66.49823847455066","42.35316331480992","31","0.1472683369013796","0.3115856448050977","0.17771576284300583","0.13620638572456878","0.00220440820061971","","","","0.1472683369013796","67.2269216356101","","","","","0.27054023146629336","48.35433408369025","[80.47682464062605,60.97691664904274,79.35299506983995,32.94667662649827,31.0288879909765,27.948183027052952,24.325470256834556,41.81243812537678,81.46573226216553,42.35316331480992,82.85178767713829,54.9943721901458,30.51165146212672,71.53303541079087,34.01607947478109,34.10090030923538,32.25463942018612,24.645664349347804,51.13692933313938]",""
"epoch_30","finished","-","","","2025-05-31T17:42:01.000Z","431","","82.05290079295303","79.9235727046398","87.31554180973421","82.49668110116276","64.05525669513852","55.24742272149056","47.289468132930814","29.734094719383847","76.85778923111833","74.38132134336051","75.02529160526099","33.17980313892842","77.88799029937886","33.94989065035324","84.4236240249921","36.65026015285637","59.64281973696727","22.04472133595214","55.25266807238355","51.665989793177545","73.58854224576443","58.57823046036792","85.04720225785258","78.87220230352001","63.72731110925538","35.79389417277976","66.78511916927752","30.66287044076177","33.423266646259734","27.666352076111497","34.69908146778054","23.3196734197646","50.36220475037217","41.444648995198065","84.82849968483673","82.2412936766916","66.23941304862629","42.76962190506782","30","0.14865138656613786","0.3148314040959943","0.17886825965636863","0.1376026736870977","0.0023085579097214615","","","","0.14865138656613786","66.76336793583596","","","","","0.27216972053051","48.45381816376675","[79.9235727046398,58.57823046036792,78.87220230352001,35.79389417277976,30.66287044076177,27.666352076111497,23.3196734197646,41.444648995198065,82.2412936766916,42.76962190506782,82.49668110116276,55.24742272149056,29.734094719383847,74.38132134336051,33.17980313892842,33.94989065035324,36.65026015285637,22.04472133595214,51.665989793177545]",""
"epoch_29","finished","-","","","2025-05-31T17:34:50.000Z","431","","81.96568607072562","80.09572519737856","87.3817273327446","83.05203300813294","63.65793897195614","54.77636066366289","46.817637389544075","25.34511822862089","78.36656494323371","77.09497827712075","75.70777920076264","36.473464482680825","77.18770644811929","34.223968285947436","82.47827958123044","37.98541181464291","60.14148720314723","21.773595542160827","54.922130767293595","51.99903379350356","73.1993940017103","60.606912252025225","85.02969804268568","79.51945871448396","63.0208591879356","35.10505478016579","65.73707881915195","31.529157729690976","33.432037860296816","28.27052194454379","34.25006337075962","23.550030759819677","50.24761598894748","41.54832297841528","84.18113699582754","80.001061866741","65.26613523194655","40.371590941993695","29","0.1500934565454039","0.3167118535924504","0.1801287821344747","0.13945607973722404","0.002412187943054858","","","","0.1500934565454039","66.47320828463258","","","","","0.2674506503343582","48.59588427693321","[80.09572519737856,60.606912252025225,79.51945871448396,35.10505478016579,31.529157729690976,28.27052194454379,23.550030759819677,41.54832297841528,80.001061866741,40.371590941993695,83.05203300813294,54.77636066366289,25.34511822862089,77.09497827712075,36.473464482680825,34.223968285947436,37.98541181464291,21.773595542160827,51.99903379350356]",""
"epoch_28","finished","-","","","2025-05-31T17:27:40.000Z","430","","82.08260800744674","80.48658570917722","87.31893376363215","82.92982548482274","63.55075701042365","54.53951841356308","45.32435962241435","30.77340146819215","76.80169177372248","69.51633919261685","75.88325973793157","34.42939099585732","77.59898855889573","31.33301906829048","83.4494589981319","33.71895356009206","59.4356571325799","22.295390404515516","55.01067748978681","51.159163614844296","73.43675584951086","60.37622596339263","84.91869664277641","78.9042626943729","62.73407243919213","32.18551897481498","65.81834457624703","30.544329913788165","33.18340408721756","27.615671212525317","34.53052069668463","23.349672430007193","49.821866539898615","41.11350402807689","84.52499440270714","82.18320794370663","65.5545515838486","43.17986207968947","28","0.15084896674592987","0.31762208097611977","0.1807319980503342","0.14047095014621283","0.0025153254780423224","","","","0.15084896674592987","66.36734731121307","","","","","0.2723040715456009","47.928097008018206","[80.48658570917722,60.37622596339263,78.9042626943729,32.18551897481498,30.544329913788165,27.615671212525317,23.349672430007193,41.11350402807689,82.18320794370663,43.17986207968947,82.92982548482274,54.53951841356308,30.77340146819215,69.51633919261685,34.42939099585732,31.33301906829048,33.71895356009206,22.295390404515516,51.159163614844296]",""
"epoch_27","finished","-","","","2025-05-31T17:20:29.000Z","431","","81.91060626098277","80.02367229521927","87.19504414707896","82.98344224988963","63.59061883173827","53.80295422415053","45.31002743633555","28.478495630889768","77.37439178059388","73.2234260589332","74.25274763472865","34.206211818313804","77.05504306387444","35.495007175466405","84.76246265127023","34.352608128129","60.166113985226566","17.595624224004442","54.99597425857717","51.16057754725186","73.25839337389436","59.91601553534075","84.79578978608893","79.26420876629749","62.70878010712464","35.62977369222989","65.53716845554493","31.00582171212555","32.91776232841247","27.402258371364752","33.72380920412205","22.246324712103178","50.01327305181498","40.1023943991701","84.75846800947315","81.79682171800063","65.18674023337124","42.39162342856723","27","0.15193586201234022","0.3201965900474529","0.1816907001815679","0.1415403972714002","0.002617995101027418","","","","0.15193586201234022","66.290169189487","","","","","0.27092794787883756","47.951434825655134","[80.02367229521927,59.91601553534075,79.26420876629749,35.62977369222989,31.00582171212555,27.402258371364752,22.246324712103178,40.1023943991701,81.79682171800063,42.39162342856723,82.98344224988963,53.80295422415053,28.478495630889768,73.2234260589332,34.206211818313804,35.495007175466405,34.352608128129,17.595624224004442,51.16057754725186]",""
"epoch_26","finished","-","","","2025-05-31T17:13:18.000Z","430","","81.84989718007103","79.90092005980468","87.22897219483079","83.12140419997199","63.28186583064085","54.32733263262677","46.35934579916062","27.531568694136688","77.18028817712566","75.89412634393638","75.03427659849672","34.39480985440718","76.01289463553191","35.82569296053808","81.50312606845233","38.13598410335808","58.7498913670372","18.421458896179075","54.400554161909575","51.46012706433174","73.10899543562408","59.59370128786554","84.83858919964918","79.04414023831634","61.80624718354185","35.56256866894949","64.3085446455246","29.99194497645057","32.848211718696966","27.441429215549327","33.41964915447995","23.03154321883213","49.702659283333055","40.51192594793445","84.70696818319668","81.30372852041486","64.8331390481555","40.43315387065222","26","0.15352065131333645","0.3218288247973561","0.18344376418199249","0.14355172590369183","0.002720219156208336","","","","0.15352065131333645","65.85126925607676","","","","","0.2700291202068329","48.206713723908194","[79.90092005980468,59.59370128786554,79.04414023831634,35.56256866894949,29.99194497645057,27.441429215549327,23.03154321883213,40.51192594793445,81.30372852041486,40.43315387065222,83.12140419997199,54.32733263262677,27.531568694136688,75.89412634393638,34.39480985440718,35.82569296053808,38.13598410335808,18.421458896179075,51.46012706433174]",""
"epoch_25","finished","-","","","2025-05-31T17:06:07.000Z","431","","82.07921041046518","80.26818372425227","87.09552259297158","81.81049897440471","63.04384406891073","53.22254552393043","44.92626665394368","29.642853059217668","76.28619715603296","72.18653180933512","75.23728611669218","33.3777792366699","76.54415376844786","33.64185882234219","84.08896463078234","36.98391819069036","59.877148518769616","20.569875824896585","53.88468359976042","51.204747961833206","72.76934788057143","59.51275084945904","84.77862182332967","79.06670840497326","61.28786446565998","34.1143012040028","64.76241637778357","30.565201056170572","32.60760999146053","27.32912947741422","33.73492359319295","21.694056060499683","49.214455806942134","40.978289664379574","84.6151791776525","81.57879086399777","64.77035512765622","40.612255115891344","25","0.15440074348722704","0.3226689971206146","0.18430655280900668","0.1447315454558865","0.002822018034994481","","","","0.15440074348722704","65.87389746110661","","","","","0.2717567887306213","47.80843556970319","[80.26818372425227,59.51275084945904,79.06670840497326,34.1143012040028,30.565201056170572,27.32912947741422,21.694056060499683,40.978289664379574,81.57879086399777,40.612255115891344,81.81049897440471,53.22254552393043,29.642853059217668,72.18653180933512,33.3777792366699,33.64185882234219,36.98391819069036,20.569875824896585,51.204747961833206]",""
"epoch_24","finished","-","","","2025-05-31T16:58:58.000Z","429","","81.80181645425058","79.946581164856","87.05460673223205","82.80658351914153","63.11808077032798","53.93258400838078","45.57743220969069","26.03534289147379","77.63735436890555","70.8492866668942","74.6992843855296","32.651109876831924","74.51122623438847","36.691566690294906","81.04071316465081","37.89774930794227","59.3676590908647","21.666835916976098","53.75930137101142","50.90912629690072","72.69865938315957","61.236389049427","84.6933499607033","79.4614140029492","61.08139936239467","37.036166734350864","64.14234838172403","32.26373009219521","32.372552946054114","26.74994851745917","33.19515205639352","20.44320532618513","48.85926150382744","40.87255199160217","84.57799759252717","81.84150277633057","63.51057705754012","43.50055084858342","24","0.15534679709196697","0.32375626535209384","0.1848395152477211","0.1461060324508422","0.0029234104179365243","","","","0.15534679709196697","65.4578301592724","","","","","0.26796210098266604","48.252222404146046","[79.946581164856,61.236389049427,79.4614140029492,37.036166734350864,32.26373009219521,26.74994851745917,20.44320532618513,40.87255199160217,81.84150277633057,43.50055084858342,82.80658351914153,53.93258400838078,26.03534289147379,70.8492866668942,32.651109876831924,36.691566690294906,37.89774930794227,21.666835916976098,50.90912629690072]",""
"epoch_23","finished","-","","","2025-05-31T16:51:48.000Z","429","","81.84439834036623","79.90983805310879","87.08154250479772","82.91968048047829","62.50742582797768","52.890184427948064","43.58668499165867","28.048154667780523","77.29951111942344","74.38472882867138","74.5868548910722","33.507788100439505","75.23935355727248","35.46369645614267","83.00790319470701","33.9355106285144","58.59531332025127","22.834289421566613","53.45110875647797","51.02059951919696","72.43131392849234","58.97580084218441","84.5826572656761","78.95265624550223","61.309141855550834","35.690238815350696","64.26748171777793","31.96993435008099","32.29740197631592","27.078483107145747","32.67854532373035","21.35209718934858","48.68669598424101","40.37739221481935","84.36936055281379","82.0243138367199","62.30265913055951","41.36907648994948","23","0.15763382044912294","0.3282114601393086","0.18715534933650765","0.1485062903954479","0.003024413478529733","","","","0.15763382044912294","65.26975548627172","","","","","0.26993403875827787","48.03707703552361","[79.90983805310879,58.97580084218441,78.95265624550223,35.690238815350696,31.96993435008099,27.078483107145747,21.35209718934858,40.37739221481935,82.0243138367199,41.36907648994948,82.91968048047829,52.890184427948064,28.048154667780523,74.38472882867138,33.507788100439505,35.46369645614267,33.9355106285144,22.834289421566613,51.02059951919696]",""
"epoch_22","finished","-","","","2025-05-31T16:44:40.000Z","428","","81.81562877165175","79.69675583997622","87.09509720135381","82.79435318215384","62.09171301996119","53.181020093576294","43.74859759264519","26.864180221895285","77.15546931967495","76.98988960411481","73.66351458263604","35.3512853885038","75.38259228907397","37.17524134232301","82.35704641842617","35.56679660380782","57.8840456139941","19.856257046223217","53.49568093272891","50.47525951217844","72.13244947023533","58.772119156768966","84.52641698813581","79.2120674051912","60.94098221641203","32.40687909474527","63.70236813801328","30.659017186802743","31.693142791669555","27.225297281839865","32.72695399160553","22.58114653859029","48.54711590399058","40.55518763741991","84.37830983286166","82.23918477208252","62.27892799105953","40.75073191206746","22","0.1591837469289321","0.3296846645403151","0.18862377768785293","0.1506062755527084","0.0031250430560895194","","","","0.1591837469289321","65.03242384558577","","","","","0.26651981091499327","48.01856156948742","[79.69675583997622,58.772119156768966,79.2120674051912,32.40687909474527,30.659017186802743,27.225297281839865,22.58114653859029,40.55518763741991,82.23918477208252,40.75073191206746,82.79435318215384,53.181020093576294,26.864180221895285,76.98988960411481,35.3512853885038,37.17524134232301,35.56679660380782,19.856257046223217,50.47525951217844]",""
"epoch_21","finished","-","","","2025-05-31T16:37:31.000Z","428","","81.7501967435396","80.06569468634181","87.07339479250957","82.9645596530071","62.12821049126865","53.0867855845152","42.5625169429264","28.001245489238094","76.99839839995138","76.07675766633125","73.78324964776412","30.688075044587897","74.64051209812524","32.31346785546692","82.53360372934603","34.0795755284136","58.20039953655327","23.21400834226786","52.766297010241445","50.427714958407456","72.25028568619484","59.27452873600445","84.39697529360217","78.95023014004106","60.57654245964732","33.20983957291123","63.19341803799809","30.88089965379589","31.57510824570205","27.02255738572468","32.782462540467755","19.359518774168706","48.35522110295161","39.27093766989067","84.45532040459423","80.81836922751687","60.241593417644744","38.56198604076489","21","0.1607619007580153","0.3318772801688609","0.1902059699970347","0.15251577382020975","0.0032253138033300917","","","","0.1607619007580153","64.75072139900149","","","","","0.2758691612482071","47.27719747417872","[80.06569468634181,59.27452873600445,78.95023014004106,33.20983957291123,30.88089965379589,27.02255738572468,19.359518774168706,39.27093766989067,80.81836922751687,38.56198604076489,82.9645596530071,53.0867855845152,28.001245489238094,76.07675766633125,30.688075044587897,32.31346785546692,34.0795755284136,23.21400834226786,50.427714958407456]",""
"epoch_20","finished","-","","","2025-05-31T16:30:19.000Z","431","","81.70232974117867","79.54098690506983","86.88923611769962","82.21294669746293","61.67313874397299","53.81506279387458","42.30023047183615","25.633224688691307","75.93949472692573","72.04040387242699","74.48272108016826","32.63533409331989","72.85965515394727","36.44649883847722","82.42908877338806","37.431754073036366","56.14809746499398","15.657267672756149","52.654489995929175","50.45059239113445","72.1678037703429","61.26284495148019","84.33201543024757","79.04673358097696","60.49992280072403","34.64504961699995","62.12929586128515","30.344245302236196","31.353271451198385","25.798573542375795","31.877423896927663","18.55487417500693","47.78407576714107","39.89555190959382","84.55850671186387","82.29272350290967","59.8383173892916","40.62025435360056","20","0.16355058020004487","0.3367347819280382","0.1923865590235053","0.15586079666556898","0.0033252393130929086","","","","0.16355058020004487","64.29574291310854","","","","","0.2712741049528122","47.28025910323315","[79.54098690506983,61.26284495148019,79.04673358097696,34.64504961699995,30.344245302236196,25.798573542375795,18.55487417500693,39.89555190959382,82.29272350290967,40.62025435360056,82.21294669746293,53.81506279387458,25.633224688691307,72.04040387242699,32.63533409331989,36.44649883847722,37.431754073036366,15.657267672756149,50.45059239113445]",""
"epoch_19","finished","-","","","2025-05-31T16:23:08.000Z","431","","81.69991285421041","79.95822358864973","86.9531677697885","82.92396823372259","61.245775154232554","52.633256864224606","41.59801203490753","24.778302049900503","76.31899269333383","71.29360304582602","73.11185109246604","31.09356071756475","72.66068939406976","32.76727582955413","81.3195809242372","36.2042785935177","57.217781419526546","20.36632586121377","52.563744330550385","50.57040970021636","71.46679760843448","60.13566290711205","84.25523031265554","79.14882825869431","59.68769229506986","32.931246805625655","62.631613181844834","31.175452684352184","30.65167030555528","26.251458755604695","31.14776344198707","21.230825561103742","47.35695629886312","39.55699588156781","84.55985720580375","81.67580147692968","59.012351814956155","40.72291912364198","19","0.1652016738671383","0.3395363803355748","0.1939645147391858","0.15774735364750142","0.0034248322277677413","","","","0.1652016738671383","63.971549480657515","","","","","0.2766042505502701","47.127283996790645","[79.95822358864973,60.13566290711205,79.14882825869431,32.931246805625655,31.175452684352184,26.251458755604695,21.230825561103742,39.55699588156781,81.67580147692968,40.72291912364198,82.92396823372259,52.633256864224606,24.778302049900503,71.29360304582602,31.09356071756475,32.76727582955413,36.2042785935177,20.36632586121377,50.57040970021636]",""
"epoch_18","finished","-","","","2025-05-31T16:15:57.000Z","431","","81.46933731869899","79.78478759846998","86.79337034764167","83.03266281230968","61.40332875537384","52.91580068692671","41.53063186454518","24.284025316896443","77.08527763087325","73.3177041406702","71.07513649836524","34.361012261331595","68.776068827238","33.67082277097017","78.44947776695031","33.962839184264595","55.94946458248408","21.841654059505792","51.75892274112018","50.24012467201185","71.2580303423434","59.605269256744755","84.1685478197857","79.11108948803688","59.542556156731344","32.403446484239694","60.781688923748064","30.095264396812787","30.46989302136518","26.162899951361535","31.091600579858447","21.245503082971965","46.61613373629451","39.322922918117","84.31767067191896","82.26911185813199","58.08003355288641","40.22407242680424","18","0.16772398246456952","0.3415831870022621","0.196091122451326","0.16136822341431795","0.003524104334252211","","","","0.16772398246456952","63.190377428327515","","","","","0.2712288017272949","47.255316492977784","[79.78478759846998,59.605269256744755,79.11108948803688,32.403446484239694,30.095264396812787,26.162899951361535,21.245503082971965,39.322922918117,82.26911185813199,40.22407242680424,83.03266281230968,52.91580068692671,24.284025316896443,73.3177041406702,34.361012261331595,33.67082277097017,33.962839184264595,21.841654059505792,50.24012467201185]",""
"epoch_17","finished","-","","","2025-05-31T16:08:49.000Z","428","","81.57542317970194","80.53050957006326","86.8177341722666","82.80190723201885","61.0104570946824","53.163358317775","41.48748669808453","27.552397430944016","76.54748877752876","67.91104035471211","71.38604472456909","32.44980750695643","67.29490206438531","36.21685904031077","78.59221361507558","31.65992317850444","55.266242618307274","22.857746627689917","51.86566130299607","49.44956170496915","71.4385692705206","60.3181462956483","84.03613091921692","79.27581576038747","58.298731397668256","34.5481394780265","60.53727989789003","32.27427571786656","29.99525958809667","25.765518607685976","30.65759997370915","20.772545140002155","46.3828857950816","38.850940148620055","84.38019465031516","81.54305551589697","56.194882838797255","41.57790768845342","17","0.16932584229695585","0.34399151032359243","0.1977293521696678","0.16324231813427145","0.0036230666467533873","","","","0.16932584229695585","62.82974676731017","","","","","0.2721563762426376","47.34312922718586","[80.53050957006326,60.3181462956483,79.27581576038747,34.5481394780265,32.27427571786656,25.765518607685976,20.772545140002155,38.850940148620055,81.54305551589697,41.57790768845342,82.80190723201885,53.163358317775,27.552397430944016,67.91104035471211,32.44980750695643,36.21685904031077,31.65992317850444,22.857746627689917,49.44956170496915]",""
"epoch_16","finished","-","","","2025-05-31T16:01:39.000Z","430","","81.42885342679392","79.70520539640249","86.7297614236056","83.07665957780854","60.699694132905314","51.65686092293132","39.62965663617454","26.096261192072824","76.99812984935596","74.20399997290393","69.02429594660589","32.31966950018773","69.96044246703399","33.17990334825625","75.71115032307806","33.188671209540026","52.484029960652755","22.006591733609735","51.43498428693054","50.3110977790556","71.01427901932344","59.04091663996055","83.71515157202684","78.59619377126549","57.24171627770076","33.62267161445294","59.70783854138675","29.474195561794243","29.455088452789006","26.29102681424655","30.172795202045027","20.05997911916988","45.60993877380718","37.567116795754856","84.40554026054052","82.55978901319321","55.24551955782496","40.2822188568702","16","0.1726972792515621","0.3484010060552422","0.200607165542571","0.16759940849157387","0.003721729479309347","","","","0.1726972792515621","62.14046663739901","","","","","0.27414955258369444","47.01258046418297","[79.70520539640249,59.04091663996055,78.59619377126549,33.62267161445294,29.474195561794243,26.29102681424655,20.05997911916988,37.567116795754856,82.55978901319321,40.2822188568702,83.07665957780854,51.65686092293132,26.096261192072824,74.20399997290393,32.31966950018773,33.17990334825625,33.188671209540026,22.006591733609735,50.3110977790556]",""
"epoch_15","finished","-","","","2025-05-31T15:54:29.000Z","430","","81.48798544503163","80.0909773418895","86.23528868669106","82.81883277278422","60.06925237757422","52.74608610805405","38.28615108448946","26.57846799380707","76.3083871941174","72.3915925685677","69.60094321317342","33.21194229016252","66.31647893271742","34.57279035209222","73.23424455648266","29.62833830988097","53.048763800430144","18.905667373972513","50.81549344818011","49.43223988832902","70.68445336324412","59.41912246600639","83.56046257979185","78.64067715600645","56.8617146921308","31.740253125957977","58.21116857560372","29.990147314656056","28.868675336763072","25.215078439862047","29.156153065056824","19.4285035326164","45.26610553563771","38.546864480990486","84.07545274303273","81.87181593226413","53.70894996220271","37.4960608273712","15","0.1769038220777463","0.3540582701980916","0.2043802296273581","0.17291923547898236","0.003820102509571847","","","","0.1769038220777463","61.35769076801848","","","","","0.27580507278442384","46.459234646066896","[80.0909773418895,59.41912246600639,78.64067715600645,31.740253125957977,29.990147314656056,25.215078439862047,19.4285035326164,38.546864480990486,81.87181593226413,37.4960608273712,82.81883277278422,52.74608610805405,26.57846799380707,72.3915925685677,33.21194229016252,34.57279035209222,29.62833830988097,18.905667373972513,49.43223988832902]",""
"epoch_14","finished","-","","","2025-05-31T15:47:20.000Z","429","","81.38117992709432","79.13207883636211","86.60948138779318","83.05385784107426","59.85986542820258","51.4113963749817","37.879689824716614","24.746272396942732","76.5313465895559","75.32197002962081","67.93718190931524","32.990753061663355","62.868418236755794","31.69754572300667","75.98025376982508","36.05390887650488","52.2618293762207","19.083510083156575","50.26200615385896","49.72114540228758","70.50701172596752","59.636083933616334","83.46497206715534","78.3031245547472","54.28013546204776","32.348389629386034","57.26749894268181","31.30955840903195","28.428887121510705","25.107384895125612","28.820114206487347","19.171844665444493","44.60799044318691","37.82508244506937","84.5539171981097","82.77138504590174","50.76215680003303","36.9076928772374","14","0.1784873936543331","0.3547065775964703","0.2054516332598436","0.17547629132828943","0.00391819483512274","","","","0.1784873936543331","60.7507335037115","","","","","0.2762318658828735","46.66278868848215","[79.13207883636211,59.636083933616334,78.3031245547472,32.348389629386034,31.30955840903195,25.107384895125612,19.171844665444493,37.82508244506937,82.77138504590174,36.9076928772374,83.05385784107426,51.4113963749817,24.746272396942732,75.32197002962081,32.990753061663355,31.69754572300667,36.05390887650488,19.083510083156575,49.72114540228758]",""
"epoch_13","finished","-","","","2025-05-31T15:40:09.000Z","431","","81.14914785893993","79.51965272254988","86.24857201862322","82.69950880712148","59.21466690864624","51.99883266903088","35.984855343970914","24.543361261038154","76.46965338824681","74.14505589307751","64.47556094169326","30.07531488857789","57.02055939074011","29.35770872333864","73.35372658353751","32.12773263133798","50.12255455229496","21.294353537109224","49.486091948941905","48.655342995000936","70.09502632311695","61.283235644080506","83.28994498226653","78.56019725508574","52.95192112572072","29.33591212499884","56.4101738654637","31.97421967722143","27.741644856752533","23.49505352055781","27.906725623799726","17.42154124672973","43.6939585158723","37.22983866234637","84.46262285346702","82.2276841338983","49.0209845647251","32.51585682289887","13","0.18353854432588315","0.36110984990918304","0.20984045110889368","0.1820301485387727","0.004016015023381242","","","","0.18353854432588315","59.42623113930629","","","","","0.2793944137096405","45.70844227452633","[79.51965272254988,61.283235644080506,78.56019725508574,29.33591212499884,31.97421967722143,23.49505352055781,17.42154124672973,37.22983866234637,82.2276841338983,32.51585682289887,82.69950880712148,51.99883266903088,24.543361261038154,74.14505589307751,30.07531488857789,29.35770872333864,32.12773263133798,21.294353537109224,48.655342995000936]",""
"epoch_12","finished","-","","","2025-05-31T15:32:59.000Z","429","","81.2250741521159","79.74696290837875","86.26836491797985","82.63201718620995","58.75960135024475","50.89027843426557","34.538640339541985","23.54437651933828","75.8489017147457","73.04568324470935","63.94177713433851","30.07317427916564","55.714127115821555","29.033608613994787","67.06023005495301","33.183238420373655","47.830479543190826","21.744531916480955","48.94659467965607","48.27091164059448","69.71154709726794","60.3754757729847","83.00481962691492","78.53684495398988","52.80750951909346","29.96479894664294","54.639642047114414","28.966381117337164","27.3106417542298","23.745812180202087","26.74708760808519","18.01565144948729","42.542082455920195","36.19132934493476","84.03830344849852","82.1221946241182","46.31909025420854","32.30912344863845","12","0.1879662557791814","0.36492104805607833","0.21339039701693535","0.18839845734319008","0.004113571155984957","","","","0.1879662557791814","58.27655341125901","","","","","0.2804133049249649","45.38907342114984","[79.74696290837875,60.3754757729847,78.53684495398988,29.96479894664294,28.966381117337164,23.745812180202087,18.01565144948729,36.19132934493476,82.1221946241182,32.30912344863845,82.63201718620995,50.89027843426557,23.54437651933828,73.04568324470935,30.07317427916564,29.033608613994787,33.183238420373655,21.744531916480955,48.27091164059448]",""
"epoch_11","finished","-","","","2025-05-31T15:25:39.000Z","440","","80.97673638800612","79.24611560669767","86.17241108678307","82.44819610464234","57.868339506611086","51.71812828806625","31.55498487036133","19.176911971144957","77.03783474110837","74.90496934708348","63.79509895729212","30.205436885573917","48.96811205168283","27.727907093423653","65.23232676116807","38.18718829686586","47.16783321424697","18.864033728541855","48.11136793185485","48.48789830571231","68.79385381105975","59.91717776950263","82.7033462591684","78.64883275264481","50.32106234324495","33.34900828834621","52.81138475282505","31.02680725965026","25.95217846435652","22.831647798902377","25.487725776751073","14.61423595728754","41.908737886962285","36.64549210507957","83.8666661970879","81.73445939438659","43.508940948573326","33.571852110219744","11","0.1936102507413192","0.36865202244608153","0.2187834509835595","0.19648455305181384","0.00421087086838588","","","","0.1936102507413192","56.95994431311284","","","","","0.2805755944252014","45.43717363493537","[79.24611560669767,59.91717776950263,78.64883275264481,33.34900828834621,31.02680725965026,22.831647798902377,14.61423595728754,36.64549210507957,81.73445939438659,33.571852110219744,82.44819610464234,51.71812828806625,19.176911971144957,74.90496934708348,30.205436885573917,27.727907093423653,38.18718829686586,18.864033728541855,48.48789830571231]",""
"epoch_10","finished","-","","","2025-05-31T15:11:08.000Z","457","","80.81969141007038","78.54482130240237","85.47617881392785","81.92460665998726","56.74335205481642","51.61460942459421","28.93422432602939","23.654154461842595","75.15278543137923","76.71398952446083","60.56596483647966","24.902453483436673","45.3842224701341","28.732056597965176","64.09948640188078","29.935962877030153","46.39049325036246","18.68870531568958","47.1536835695271","44.46588061139045","67.84045852192736","55.73021516797885","82.26486525562422","78.5268340791162","49.58293001944133","32.58337594675628","51.02765384426778","31.37553792988285","25.149958575293148","22.3881707413813","23.348719229097625","10.876402347264577","40.562888979426994","32.94666651983349","83.76161540163838","80.66706012131843","42.75190972916014","32.04422958979462","10","0.408324732428592","0.38223278431492","0.22700158899067013","0.20741509090701435","0.004307921385286749","","","","0.408324732428592","55.6321622168676","","","","","0.2984768611192703","44.01661751063821","[78.54482130240237,55.73021516797885,78.5268340791162,32.58337594675628,31.37553792988285,22.3881707413813,10.876402347264577,32.94666651983349,80.66706012131843,32.04422958979462,81.92460665998726,51.61460942459421,23.654154461842595,76.71398952446083,24.902453483436673,28.732056597965176,29.935962877030153,18.68870531568958,44.46588061139045]",""
"epoch_9","finished","-","","","2025-05-31T15:03:42.000Z","446","","80.5778898046532","77.94917588464271","85.3180713217563","81.4393541536661","55.35187754429954","49.56744111686008","24.60890635307055","24.408931362250517","74.68743615120192","74.35832776995365","55.135993766748605","27.95679545927352","37.58704348948251","30.642949300398776","61.26730093720805","29.743841743179527","41.1289783092536","18.122324808093666","46.32518710369589","44.26132422249896","67.07092924625798","57.88366544807432","81.74801033745355","76.59850031006444","46.31168065119852","25.947889321955508","48.09602295584725","30.82463464341979","23.890434687725904","21.487995341644908","21.708961640377915","13.876847848841784","38.73972560654107","32.37863380188465","83.5044034120521","82.20958675269824","41.26404601211738","31.66462106926704","9","0.4309930921207554","0.4036842635797181","0.23771592500707273","0.22058599337973364","0.004404729552447778","","","","0.4309930921207554","53.38541575426009","","","","","0.3093207697868347","43.7538337030878","[77.94917588464271,57.88366544807432,76.59850031006444,25.947889321955508,30.82463464341979,21.487995341644908,13.876847848841784,32.37863380188465,82.20958675269824,31.66462106926704,81.4393541536661,49.56744111686008,24.408931362250517,74.35832776995365,27.95679545927352,30.642949300398776,29.743841743179527,18.122324808093666,44.26132422249896]",""
"epoch_8","finished","-","","","2025-05-31T14:56:22.000Z","440","","80.51404301884118","79.15104227851609","84.97443833273087","81.05048502452668","54.55610751587502","46.235626484450115","20.387576170102424","15.39952399394896","75.29127079121368","70.91564819060227","50.616277486758406","24.32290778617126","32.260989139451794","31.39430096835165","60.88616970465295","23.803935973257268","41.18076188697828","18.79849812265331","45.03398359362667","45.71481742225005","65.725936544803","59.52805429345226","81.3420699881617","77.3830342928997","42.49600453964681","18.27503250173769","45.78216916546202","28.952925528505535","22.822240877085733","21.843176386677904","19.62780581084594","13.180604201129292","36.927483609088384","32.53646074038915","83.30793353278419","81.44572406209682","37.07540220105363","29.893019967472483","8","0.4515332103003072","0.42491159282871177","0.2461486225971435","0.23200620667245855","0.004501301865314985","","","","0.4515332103003072","51.62150862679804","","","","","0.3183401473760605","42.096043064162544","[79.15104227851609,59.52805429345226,77.3830342928997,18.27503250173769,28.952925528505535,21.843176386677904,13.180604201129292,32.53646074038915,81.44572406209682,29.893019967472483,81.05048502452668,46.235626484450115,15.39952399394896,70.91564819060227,24.32290778617126,31.39430096835165,23.803935973257268,18.79849812265331,45.71481742225005]",""
"epoch_7","finished","-","","","2025-05-31T14:48:56.000Z","445","","80.30549153914498","79.25195619266408","84.3475364506523","78.32966676852348","53.10254747523712","48.08942064220646","16.642679416499977","12.737564523697792","74.89033525058734","74.18849393336701","46.393717500572066","22.57446244748788","27.729957544544","17.289797309809597","51.772216416442305","22.428592929935377","36.50540530107371","18.201958017415965","43.91061810603749","44.37139427912141","64.7811504918406","55.97879680856431","80.66037107876842","76.77338428285897","39.47552724526492","27.47302451758491","42.9885335254499","19.70265055739092","20.94220076548481","18.50982440252131","15.549756309789176","9.710612849067662","34.252895157583154","31.09453752534619","82.71891513835908","81.01123880462667","35.03673059808135","27.249518784936583","7","0.48089022627313627","0.4550266701529044","0.2584089860888838","0.2483447961528186","0.004597644494855823","","","","0.48089022627313627","49.052978174284874","","","","","0.3339623553752899","40.26141555669088","[79.25195619266408,55.97879680856431,76.77338428285897,27.47302451758491,19.70265055739092,18.50982440252131,9.710612849067662,31.09453752534619,81.01123880462667,27.249518784936583,78.32966676852348,48.08942064220646,12.737564523697792,74.18849393336701,22.57446244748788,17.289797309809597,22.428592929935377,18.201958017415965,44.37139427912141]",""
"epoch_6","finished","-","","","2025-05-31T14:41:53.000Z","422","","79.91411584705604","79.4498050146058","83.72467273811024","80.64978166595166","50.90793038745731","47.67145810752795","9.582710343890174","8.257271888861235","73.89486152638824","76.7510498777911","33.08234877982778","24.637124902726345","16.462449748564815","19.59079425095676","45.46399583995821","30.52195718138907","31.23819152574364","14.609452303039957","41.898052370159114","44.41166312285582","63.157109635059115","56.941458220190874","79.44185358409399","76.64394539104887","34.484951230920494","25.783546695164755","37.85398016428992","23.81304845585231","18.801653149160114","17.658401411973028","8.551859416922534","6.542117191219956","31.360631076645728","28.15419168180851","82.18846127216798","81.14676550923659","32.05678707804245","21.635571670375224","6","0.5229552664222912","0.4917168133434752","0.278899082890297","0.27529463577664837","0.004693763310933157","","","","0.5229552664222912","44.95087451128726","","","","","0.3284496136903763","40.256284449609254","[79.4498050146058,56.941458220190874,76.64394539104887,25.783546695164755,23.81304845585231,17.658401411973028,6.542117191219956,28.15419168180851,81.14676550923659,21.635571670375224,80.64978166595166,47.67145810752795,8.257271888861235,76.7510498777911,24.637124902726345,19.59079425095676,30.52195718138907,14.609452303039957,44.41166312285582]",""
"epoch_5","finished","-","","","2025-05-31T14:34:47.000Z","425","","79.14176207621472","77.84520032016823","82.52238587629724","77.06754539353217","48.972143650385206","43.75272466047653","0.9111260244044616","1.0558855058093812","75.49505679034635","69.82004697127873","19.826116327602797","11.832142480839424","10.682221260655458","23.18474454972379","38.77573672761356","16.236797656650666","25.932242121385524","4.38400113711933","40.34554225736381","38.922354912218374","61.12079225796441","52.741430028779405","78.65420934217812","67.86783372224406","30.40897745960119","14.223192184006749","35.74301148560382","5.609380164704934","16.01892044466463","9.617198014198223","2.6996373333761734","1.898478943875998","25.748388147302087","21.553362414629763","81.25569903269579","64.7337864640793","29.855820359247215","23.31809880299187","5","0.5714590010297207","0.5386424909414529","0.30117167479360984","0.3031038361347965","0.0047896639035027305","","","","0.5714590010297207","41.26893626183698","","","","","0.6312064182758331","32.92969496459615","[77.84520032016823,52.741430028779405,67.86783372224406,14.223192184006749,5.609380164704934,9.617198014198223,1.898478943875998,21.553362414629763,64.7337864640793,23.31809880299187,77.06754539353217,43.75272466047653,1.0558855058093812,69.82004697127873,11.832142480839424,23.18474454972379,16.236797656650666,4.38400113711933,38.922354912218374]",""
"epoch_4","finished","-","","","2025-05-31T14:27:39.000Z","427","","78.68740346248487","79.32650413750252","81.15363463409457","78.92008100546464","44.638472797702","42.09961567305625","0.02090956612650287","0.0066990793840906995","74.11807024586888","72.29242783676555","5.049899208020698","13.136319651333784","2.168117423401159","14.733585438451524","27.244478107270982","22.033286080366388","17.180771002306976","7.874504673605973","34.96085268461239","39.96071178228861","59.21609700896621","50.834296033097495","76.887114414889","74.23340509183741","23.22104998601784","12.787361792867577","29.57771462577654","16.819455298205945","11.998368489477588","13.738410287549158","0.04882686813045381","0.379164125648342","17.024608015546377","18.175806999857645","80.20983729219094","77.5983931941618","24.76457425543814","16.82974078482184","4","0.6511202173226965","0.6176343755109316","0.336354864083477","0.34825119888054507","0.004885351601880636","","","","0.6511202173226965","36.219515794122216","","","","","0.4100056624412536","34.30419836664561","[79.32650413750252,50.834296033097495,74.23340509183741,12.787361792867577,16.819455298205945,13.738410287549158,0.379164125648342,18.175806999857645,77.5983931941618,16.82974078482184,78.92008100546464,42.09961567305625,0.0066990793840906995,72.29242783676555,13.136319651333784,14.733585438451524,22.033286080366388,7.874504673605973,39.96071178228861]",""
"epoch_3","finished","-","","","2025-05-31T14:20:32.000Z","427","","77.47302328196562","77.15312305066743","78.57409184574772","77.09745311372802","40.02631904287492","38.05696338969781","0","0","72.40415413432375","74.63545424247448","0.33910482754056825","0.05288085048589698","0.07533371000188335","0.05935338941990045","8.297579872537177","12.324176696904448","6.60799928527048","5.4136147464158","27.912321678021613","36.88025130975595","54.59964502608739","50.29187658091684","74.55007131219065","74.08476696335794","12.882727553854131","18.32658402490178","24.25706140156546","21.40532656183352","6.243396111300976","8.702297164923644","0.001098773454889071","0","1.7900979433649662","4.695709496549561","78.00032330551193","77.99022502180583","22.279998954191495","20.194379751755474","3","0.8034541219397052","0.7965783568587316","0.39219231175557345","0.418137577805507","0.0049808314922946606","","","","0.8034541219397052","32.57301933665587","","","","","0.4214170279502869","35.13908449150555","[77.15312305066743,50.29187658091684,74.08476696335794,18.32658402490178,21.40532656183352,8.702297164923644,0,4.695709496549561,77.99022502180583,20.194379751755474,77.09745311372802,38.05696338969781,0,74.63545424247448,0.05288085048589698,0.05935338941990045,12.324176696904448,5.4136147464158,36.88025130975595]",""
"epoch_2","finished","-","","","2025-05-31T14:13:24.000Z","428","","75.75534846272157","76.77438079470727","76.5023926623056","74.14521984021864","27.735145628320048","37.49438341800454","0","0","69.78862139423785","71.12094144169266","0.03905656397496932","0","0.0040419323792339245","0","0.9960318827748724","1.829462339711447","2.7316745432224296","1.3993726949987932","8.33416566474418","29.51714941062568","47.00023742907661","49.008475450605786","71.38497557064335","72.25811488947652","0.49383098217181154","1.6458415677802989","9.10427608190338","19.256916907689742","0.560192028144583","3.370224031445701","0.00007196895547136788","0","0.13599265187447782","0.5353000238651683","73.38264370593045","76.10335761507889","17.822338200424834","17.13804574011735","2","1.190421710639206","1.3401882639368072","0.4894965166657329","0.5511586419650313","0.0035730127272727277","","","","1.190421710639206","26.765057630766982","","","","","0.4927652094364166","35.4398124110679","[76.77438079470727,49.008475450605786,72.25811488947652,1.6458415677802989,19.256916907689742,3.370224031445701,0,0.5353000238651683,76.10335761507889,17.13804574011735,74.14521984021864,37.49438341800454,0,71.12094144169266,0,0,1.829462339711447,1.3993726949987932,29.51714941062568]",""
"epoch_1","finished","-","","","2025-05-31T14:06:09.000Z","435","","65.15592778305958","74.7087834976195","44.33000225948571","73.61441150600139","0.983842943489174","8.399269628727938","0.006119319072770178","0","44.99920313712983","66.51012719575414","0.09070298398632524","0.025254720283416687","0.21492918128440944","0.014680455420350373","0.4765470816443959","0.30743860062430056","0.7722373090116443","1.094334891551591","0.005369058256722566","0.051401725673227504","14.248194856417491","36.13924684977517","40.26100441087446","67.57733550499067","0.650641168319085","0.11475273090761116","0.11801388079852974","0.02567978475671322","0.02336472640571213","0.00005899783330457188","0.19817285959515343","0.0019423478777421497","0.3846193095233519","0.013535712181036007","52.393442276223766","68.21185092392801","1.536652094858414","5.653812756729519","1","2.8013092118668497","2.645502725933647","1.2994302378507667","1.657685448346854","0.0017870063636363637","","","","2.8013092118668497","14.044683507338767","","","","","0.7227918200492859","22.35910654614642","[74.7087834976195,36.13924684977517,67.57733550499067,0.11475273090761116,0.02567978475671322,0.00005899783330457188,0.0019423478777421497,0.013535712181036007,68.21185092392801,5.653812756729519,73.61441150600139,8.399269628727938,0,66.51012719575414,0.025254720283416687,0.014680455420350373,0.30743860062430056,1.094334891551591,0.051401725673227504]",""