"Name","State","Notes","User","Tags","Created","Runtime","Sweep","class_0_train","class_0_val","class_10_train","class_10_val","class_11_train","class_11_val","class_12_train","class_12_val","class_13_train","class_13_val","class_14_train","class_14_val","class_15_train","class_15_val","class_16_train","class_16_val","class_17_train","class_17_val","class_18_train","class_18_val","class_1_train","class_1_val","class_2_train","class_2_val","class_3_train","class_3_val","class_4_train","class_4_val","class_5_train","class_5_val","class_6_train","class_6_val","class_7_train","class_7_val","class_8_train","class_8_val","class_9_train","class_9_val","epoch","loss","lr","train_flops","train_fps","train_latency","train_loss","train_mIoU","train_params","val_flops","val_fps","val_latency","val_loss","val_mIoU","val_mIoU_per_class","val_params"
"epoch_50","finished","-","","","2025-05-28T23:34:25.000Z","2481","","78.69817515038294","76.60253657127409","86.80530756202658","83.46135742904713","68.23819573256512","58.95041768437706","54.161764880399055","37.48402985378792","89.73786128516946","86.10921377173355","79.01267790684983","58.71604012461405","81.53686640963646","64.34372489240575","88.03274269478763","53.44307578653217","65.3651120049631","39.662832401693095","60.57616819798442","56.38094259399607","74.87749628084926","62.54935375826361","85.43190080589011","80.0211101329045","65.81863433568324","38.70529536034652","66.28965352083178","33.69396418911979","35.208702685862214","28.240205279367643","42.65808333166798","33.7863320629212","52.205066450832106","43.66458427255749","86.89655468347205","83.34359460355707","70.2119958736456","44.922328764740335","50","0.09805985017615648","0","374.664739584","3.513004667672918","287.2098345756531","0.09805985017615648","70.09278735755257","43795724","374.664739584","3.499230961698389","285.80409502983093","0.19279803772886356","56.00425997543363","[76.60253657127409,62.54935375826361,80.0211101329045,38.70529536034652,33.69396418911979,28.240205279367643,33.7863320629212,43.66458427255749,83.34359460355707,44.922328764740335,83.46135742904713,58.95041768437706,37.48402985378792,86.10921377173355,58.71604012461405,64.34372489240575,53.44307578653217,39.662832401693095,56.38094259399607]","43795724"
"epoch_49","finished","-","","","2025-05-28T23:02:36.000Z","1909","","78.66700662049637","76.5738529037316","86.81103168295759","83.39385986204019","68.12060871359171","58.7279240888681","54.15094189271029","37.97189138472595","89.66395090660723","85.84224308313877","78.00064308390434","59.56959419524252","82.6316439177512","63.938169731322304","87.79938181606111","51.40953578999562","64.89194579531173","38.472428682664386","60.56138557145997","55.86673713957886","74.88746046708972","62.53996720846667","85.41642471328646","80.02173031402916","66.20653093206637","38.008005781953635","65.91061378471687","33.638188166367","35.164052397905415","28.302864795864984","42.998503097675304","33.63765966332099","52.05963886865683","43.820121850551466","86.9208434615176","83.18340987651706","70.41497459448355","44.90529368153513","49","0.09821173173325662","0.00001559340305859184","","","","0.09821173173325662","70.06724117464474","","","","","0.19398946877189735","55.780183063153395","[76.5738529037316,62.53996720846667,80.02173031402916,38.008005781953635,33.638188166367,28.302864795864984,33.63765966332099,43.820121850551466,83.18340987651706,44.90529368153513,83.39385986204019,58.7279240888681,37.97189138472595,85.84224308313877,59.56959419524252,63.938169731322304,51.40953578999562,38.472428682664386,55.86673713957886]",""
"epoch_48","finished","-","","","2025-05-28T22:30:44.000Z","1912","","78.65734755489338","76.6478715937697","86.77440722558147","83.52350059568263","68.26030672248638","59.020290435714585","54.23543690283701","37.314509077656304","89.57627147831957","85.87235162747659","77.60545671690794","59.89697026667269","81.47181222326151","63.97983931739945","87.58117592751256","52.01673558428025","64.46705233826604","39.77790195821987","60.422512283357","56.33647136468145","74.7601340028471","62.550364663530566","85.46112322680283","80.06725180422433","65.88938310644197","38.26917437008221","66.24520562565512","33.488228782630436","34.880758222057146","28.30502822194667","43.33379218262978","33.73200973411214","52.26583353432825","43.82333328884585","86.93407663175529","83.24973405027217","70.36289162527902","44.6552563473509","48","0.0983769976825432","0.000029098319007994294","","","","0.0983769976825432","69.9571040805905","","","","","0.1920705742821722","55.92246437287099","[76.6478715937697,62.550364663530566,80.06725180422433,38.26917437008221,33.488228782630436,28.30502822194667,33.73200973411214,43.82333328884585,83.24973405027217,44.6552563473509,83.52350059568263,59.020290435714585,37.314509077656304,85.87235162747659,59.89697026667269,63.97983931739945,52.01673558428025,39.77790195821987,56.33647136468145]",""
"epoch_47","finished","-","","","2025-05-28T21:58:55.000Z","1908","","78.66864739032962","76.56111900145865","86.78918086946177","83.60023986374779","68.02710490637351","58.852005339910406","54.213940077049664","37.46985762636699","89.60978798536041","85.62712689583311","77.77797031132675","59.01230594062496","81.40500794386044","62.7956706526106","87.68742831647968","48.68098444085136","64.95316835870995","38.97524804666907","60.648956166830835","56.24146211181292","74.76739973204195","62.65718572366185","85.39967856978521","80.12110579714576","65.99618654597202","38.11240031733695","66.16111562617809","33.96864400328193","35.09453755385203","28.617070507921227","42.859341206441165","33.335166079109925","52.04845824282346","43.8207559807378","86.92849404551","83.36509300970775","70.23820209330223","45.0034399924019","47","0.09859066248963808","0.00004191312416415653","","","","0.09859066248963808","69.96182136535204","","","","","0.19191598173922408","55.62194112269426","[76.56111900145865,62.65718572366185,80.12110579714576,38.11240031733695,33.96864400328193,28.617070507921227,33.335166079109925,43.8207559807378,83.36509300970775,45.0034399924019,83.60023986374779,58.852005339910406,37.46985762636699,85.62712689583311,59.01230594062496,62.7956706526106,48.68098444085136,38.97524804666907,56.24146211181292]",""
"epoch_46","finished","-","","","2025-05-28T21:27:07.000Z","1907","","78.68255812195041","76.58122891368868","86.68275284392945","83.52789655741087","68.09666285308104","58.979051380864746","54.00520212677512","37.618616016339075","89.58848162189612","85.8458215973932","78.25847709882741","59.88472863448225","81.1365656854012","63.3070368670787","87.86763376849028","50.73119503768842","64.5379312213027","39.04923207205819","60.74946555173146","56.24234674575235","74.69081221290801","62.522086064576634","85.4442696088152","80.06649012271332","65.8425238687405","38.961226005555346","66.31302075357144","33.73665616157963","35.14372758024419","28.23512654591516","42.87221827222737","33.6531548202288","51.928817045486944","43.922076884274034","86.88528116614931","83.37767301452729","69.74537604110006","45.03218810996411","46","0.0987161048012608","0.00005429938326544254","","","","0.0987161048012608","69.91956723382253","","","","","0.1915276090274314","55.856517450110054","[76.58122891368868,62.522086064576634,80.06649012271332,38.961226005555346,33.73665616157963,28.23512654591516,33.6531548202288,43.922076884274034,83.37767301452729,45.03218810996411,83.52789655741087,58.979051380864746,37.618616016339075,85.8458215973932,59.88472863448225,63.3070368670787,50.73119503768842,39.04923207205819,56.24234674575235]",""
"epoch_45","finished","-","","","2025-05-28T20:55:19.000Z","1908","","78.66418603165303","76.62635930112668","86.75390163658044","83.40049973191392","68.11327878540007","58.835653616507265","54.04160480212098","37.99854792233648","89.57215774311761","85.93330857467258","77.10659548436408","58.9266560512106","81.65102351725709","63.78749207931086","86.8118237139786","55.16642613038477","63.63953776604927","39.147518853180216","60.58455875251454","55.80557686105061","74.77620502599414","62.3227030246422","85.37641350262079","80.03404938972594","65.49012097961071","39.67015604678592","66.16634322442084","33.31335575223673","35.14849583159049","28.172072616079035","42.702868488595456","33.870894368119366","51.87288685864622","43.69816494825095","86.96238616646626","83.36064757930191","69.94964750050792","45.07457129592528","45","0.09904364618039084","0.00006637643275868473","","","","0.09904364618039084","69.75705451639412","","","","","0.1913979465733031","56.06024495488217","[76.62635930112668,62.3227030246422,80.03404938972594,39.67015604678592,33.31335575223673,28.172072616079035,33.870894368119366,43.69816494825095,83.36064757930191,45.07457129592528,83.40049973191392,58.835653616507265,37.99854792233648,85.93330857467258,58.9266560512106,63.78749207931086,55.16642613038477,39.147518853180216,55.80557686105061]",""
"epoch_44","finished","-","","","2025-05-28T20:23:26.000Z","1913","","78.66362025321774","76.61561875210782","86.7526878510739","83.50961932126502","68.0872055245119","58.95493855257169","54.05434167974433","38.033954164310416","89.63617842190921","85.81497732258555","77.43149986716999","58.45239324772494","81.64553411622815","63.420639575784485","87.22765097486737","49.67325077793444","64.84791914895268","39.024797625891445","60.48681729618416","56.059603408631695","74.62939851411909","62.655441872661285","85.39797798963063","80.20869693721825","66.07964172115932","38.983874160193544","66.02788393564263","33.53408201792372","34.97826551214905","28.231715484371527","42.7570495873748","33.53595844080881","51.836836114718096","43.80832717418083","86.89483762466298","83.23800537425058","70.09349898459199","44.794741562817734","44","0.09911474110629724","0.00007821265524707325","","","","0.09911474110629724","69.86993921673202","","","","","0.19109721066887508","55.71319135648599","[76.61561875210782,62.655441872661285,80.20869693721825,38.983874160193544,33.53408201792372,28.231715484371527,33.53595844080881,43.80832717418083,83.23800537425058,44.794741562817734,83.50961932126502,58.95493855257169,38.033954164310416,85.81497732258555,58.45239324772494,63.420639575784485,49.67325077793444,39.024797625891445,56.059603408631695]",""
"epoch_43","finished","-","","","2025-05-28T19:51:39.000Z","1907","","78.64898021006819","76.5938208073253","86.68712192309182","83.44493534159008","67.97636968945481","58.67321941114382","54.10809779817196","37.64460342184488","89.55709037570267","86.16306121160548","77.74016495530608","59.71181985901042","81.34307609051257","64.86658014951183","87.54870972197878","55.72883291564887","63.78346252284135","39.38667701810938","60.28489263962796","56.17281511974274","74.569150067796","62.44077326321309","85.35226212805101","79.91004327675549","66.16136235344659","38.45981522598024","65.96044032676575","33.68920306536777","34.95766589530687","28.14636620027928","42.90648135191898","34.11600270705585","51.85425072848261","43.551393586841904","86.87628917220526","83.42594828579475","69.63929595570542","44.833038144196294","43","0.09961718611618262","0.00008985228804832013","","","","0.09961718611618262","69.78711388981236","","","","","0.1917716303985276","56.1557341584746","[76.5938208073253,62.44077326321309,79.91004327675549,38.45981522598024,33.68920306536777,28.14636620027928,34.11600270705585,43.551393586841904,83.42594828579475,44.833038144196294,83.44493534159008,58.67321941114382,37.64460342184488,86.16306121160548,59.71181985901042,64.86658014951183,55.72883291564887,39.38667701810938,56.17281511974274]",""
"epoch_42","finished","-","","","2025-05-28T19:19:49.000Z","1910","","78.66990584833974","76.63276219324747","86.76016966757228","83.3683945757817","68.01360090025584","59.254837473797","54.27027654662275","37.854944265877215","89.63135619908142","86.03066369058571","77.0300984829923","58.8385960111228","81.58267596092912","64.87963903986173","86.74559979186557","56.38312942691562","64.83910924571106","39.81384822574089","60.385662574452525","56.14147406978088","74.5522287189085","62.264428105383985","85.34976684401339","80.06505148612425","64.86155646437815","39.03120425387633","65.46157233688747","33.64049925391521","34.830184049903025","28.124841347193453","42.54135998487553","33.814398470035776","51.64461842104999","43.78999497419679","86.80422539534918","83.35559511906467","69.86319255082948","45.01122848454979","42","0.09976642593769854","0.00010132623201351902","","","","0.09976642593769854","69.6756399991588","","","","","0.1910963397093876","56.22608055089744","[76.63276219324747,62.264428105383985,80.06505148612425,39.03120425387633,33.64049925391521,28.124841347193453,33.814398470035776,43.78999497419679,83.35559511906467,45.01122848454979,83.3683945757817,59.254837473797,37.854944265877215,86.03066369058571,58.8385960111228,64.87963903986173,56.38312942691562,39.81384822574089,56.14147406978088]",""
"epoch_41","finished","-","","","2025-05-28T18:47:58.000Z","1911","","78.66729953135336","76.51351445686814","86.73583923563714","83.48870901053496","67.89141416280937","58.54459025486967","53.814004992994725","37.943385587008","89.51266504842778","85.91650020587082","78.00177731901964","59.49556966864446","81.23620907070655","64.3430846019042","86.65638087096829","53.35801616006643","64.09608054209832","39.156150288969975","60.3333496277013","56.02432056958128","74.45155116859682","62.31837398623876","85.3230217321681","79.91186703761657","65.56495403473657","37.934692672879926","65.46906706571973","33.69874690147593","34.893763413150644","28.044503751912583","42.56924797557115","33.86022075888715","51.43801231415384","43.72103268524154","86.76950201716444","83.39723574774663","69.46864473180301","44.752905365502656","41","0.1003720294328705","0.00011265725451969696","","","","0.1003720294328705","69.62593604498848","","","","","0.19215940786692912","55.917022090095784","[76.51351445686814,62.31837398623876,79.91186703761657,37.934692672879926,33.69874690147593,28.044503751912583,33.86022075888715,43.72103268524154,83.39723574774663,44.752905365502656,83.48870901053496,58.54459025486967,37.943385587008,85.91650020587082,59.49556966864446,64.3430846019042,53.35801616006643,39.156150288969975,56.02432056958128]",""
"epoch_40","finished","-","","","2025-05-28T18:16:05.000Z","1913","","78.645113051315","76.59507605102026","86.66692588018286","83.25235777327549","67.99490758736287","58.43930179685222","53.584339571600715","36.89792677188863","89.47527327884188","85.90585359425295","78.12397966516816","58.78361980977947","80.68194119660949","64.4230733070336","87.13371127393519","55.06992155143008","64.27079756440824","39.11775569279927","60.36818731446897","55.8507925892184","74.47111584239214","62.06050546142833","85.33815782415515","79.89665647756206","65.62906738634813","38.20592743146096","65.10106617184886","33.246110291845596","34.94944370938923","28.169479076321498","42.365557071697054","33.455223069916684","51.601499391075144","43.69153659775176","86.77883524126695","83.18201092626857","69.45508049037782","44.646308319350055","40","0.10055296067575006","0.0001238628032487547","","","","0.10055296067575006","69.61236839539178","","","","","0.1951817614946537","55.83628613628716","[76.59507605102026,62.06050546142833,79.89665647756206,38.20592743146096,33.246110291845596,28.169479076321498,33.455223069916684,43.69153659775176,83.18201092626857,44.646308319350055,83.25235777327549,58.43930179685222,36.89792677188863,85.90585359425295,58.78361980977947,64.4230733070336,55.06992155143008,39.11775569279927,55.8507925892184]",""
"epoch_39","finished","-","","","2025-05-28T17:44:13.000Z","1912","","78.61599232878666","76.5570648219983","86.63135333265062","83.40322432825336","67.97907158151875","58.83974446228867","53.792425120039","37.14781195466213","89.49403797347792","85.54224192196895","78.63385534060261","59.19707333205393","81.62993461942749","63.11494273556646","87.0334851777563","50.8037854718446","63.92000664646964","38.84825104497311","60.25037044184235","56.13307391332236","74.4058762174221","62.27636347427795","85.2990862550032","80.06238363566133","65.53829466954065","37.987824539970106","65.43882531111967","33.755358583889326","34.78906090334519","28.30586574767893","42.41448966392486","33.41255772004","51.77900377879229","43.72827794893778","86.76894001180688","83.23292779279672","69.8135884803743","44.71922059055494","39","0.10079867235662146","0.00013495665994834268","","","","0.10079867235662146","69.6961946238895","","","","","0.1935702767111584","55.63515758003888","[76.5570648219983,62.27636347427795,80.06238363566133,37.987824539970106,33.755358583889326,28.30586574767893,33.41255772004,43.72827794893778,83.23292779279672,44.71922059055494,83.40322432825336,58.83974446228867,37.14781195466213,85.54224192196895,59.19707333205393,63.11494273556646,50.8037854718446,38.84825104497311,56.13307391332236]",""
"epoch_38","finished","-","","","2025-05-28T17:12:22.000Z","1911","","78.65186570173684","76.62203302234053","86.55748762541508","83.32843568500391","67.70278515318472","58.61497050356874","53.17139257655468","37.25977506646599","89.39131938085335","85.6487049595827","76.9428638912718","59.15870430713221","81.45652343986927","62.97155775539234","87.29481244825857","48.66638149452139","63.60708164794436","38.937886958258424","60.17512533309183","56.27827112373357","74.21932516465995","62.209953230211035","85.27758746063381","79.84563816848542","65.32491334627079","38.95601799041815","65.42958320048555","33.60434481668985","34.66357036586524","27.79979381758981","42.312059915503774","33.59677963934845","51.58297576482733","43.69238401779954","86.71703136108349","83.33019976190576","69.48257785184244","44.30110829757509","38","0.10148222676926216","0.00014594997540242746","","","","0.10148222676926216","69.47162534891332","","","","","0.19316465755601128","55.516996874527514","[76.62203302234053,62.209953230211035,79.84563816848542,38.95601799041815,33.60434481668985,27.79979381758981,33.59677963934845,43.69238401779954,83.33019976190576,44.30110829757509,83.32843568500391,58.61497050356874,37.25977506646599,85.6487049595827,59.15870430713221,62.97155775539234,48.66638149452139,38.937886958258424,56.27827112373357]",""
"epoch_37","finished","-","","","2025-05-28T16:40:12.000Z","1930","","78.59545404628929","76.60876230526544","86.63430440582776","83.4492506134359","67.74078625107917","58.85668547546964","53.18929351158018","37.52448344873173","89.45020771976941","85.80547396081576","76.81908083604692","59.0218673100234","80.15888322056868","62.780213402696205","87.25083296504027","48.8108443599292","63.58374199155912","38.176601848900205","59.865013562301016","55.89167701511884","74.37595358634039","62.2673010344434","85.24295112057914","80.0305856046918","64.53817726233676","38.62615457246296","65.05301702076801","33.84009917483963","34.61007649974637","28.1560749645511","42.157055823951936","33.71941390178764","51.64488381360265","43.52743925825788","86.68341610093239","83.2182969922622","69.17439540628834","44.30145628936945","37","0.10208609091644068","0.0001568519498200159","","","","0.10208609091644068","69.30355395497935","","","","","0.1929858327804211","55.50593060700276","[76.60876230526544,62.2673010344434,80.0305856046918,38.62615457246296,33.84009917483963,28.1560749645511,33.71941390178764,43.52743925825788,83.2182969922622,44.30145628936945,83.4492506134359,58.85668547546964,37.52448344873173,85.80547396081576,59.0218673100234,62.780213402696205,48.8108443599292,38.176601848900205,55.89167701511884]",""
"epoch_36","finished","-","","","2025-05-28T15:50:17.000Z","1671","","78.61897373674407","76.60276266218656","86.7054294043823","83.31960134123199","67.82060832905317","58.76762514389809","53.43813483158545","37.388109213104705","89.378723573678","85.89036793769425","77.07376263002101","58.86976130945221","80.36083878231875","64.22107853769886","86.28527012889224","53.52546956005795","64.02331355517258","38.84191626868248","59.78370522026443","55.9655722844253","74.12236957538012","62.21337170049826","85.25009265106968","79.9232077162318","64.91164364417126","38.42332078351905","64.82249830093558","33.78924035637109","34.475794569754555","28.46669035693289","41.683428469048614","33.59388333276444","51.165899661653114","43.60916556045304","86.64353163819449","83.2722352780289","69.49339832107361","44.77130867595193","36","0.102413889482788","0.0001676702982283022","","","","0.102413889482788","69.26617984333647","","","","","0.1925463450704506","55.86603621153598","[76.60276266218656,62.21337170049826,79.9232077162318,38.42332078351905,33.78924035637109,28.46669035693289,33.59388333276444,43.60916556045304,83.2722352780289,44.77130867595193,83.31960134123199,58.76762514389809,37.388109213104705,85.89036793769425,58.86976130945221,64.22107853769886,53.52546956005795,38.84191626868248,55.9655722844253]",""
"epoch_35","finished","-","","","2025-05-28T15:22:24.000Z","1673","","78.60229932786187","76.61181917021986","86.62462126906242","83.33224328311631","67.49769436802534","58.82439583579878","52.86071884750294","36.646956587152445","89.42438297916134","85.98378528637498","77.08367546601042","59.4880148280892","79.38881428205536","64.23016201077644","86.85525053495162","50.92395956533385","62.51634969017873","39.13409868578348","59.90959363429843","56.347090895917106","74.21194054695953","62.23059433391537","85.16634157917427","79.846959140111","64.37819474870624","39.01388772212176","64.63409785529056","33.55632881264832","34.35029114298139","28.100923685182917","42.41951581919924","33.325666666666656","51.04726204427605","43.693874419122494","86.6489748241678","83.24707518239086","69.23100321774378","44.51094255686782","35","0.10279156842077052","0.00017841157939258532","","","","0.10279156842077052","69.09742221987408","","","","","0.19227136716157375","55.73940940355735","[76.61181917021986,62.23059433391537,79.846959140111,39.01388772212176,33.55632881264832,28.100923685182917,33.325666666666656,43.693874419122494,83.24707518239086,44.51094255686782,83.33224328311631,58.82439583579878,36.646956587152445,85.98378528637498,59.4880148280892,64.23016201077644,50.92395956533385,39.13409868578348,56.347090895917106]",""
"epoch_34","finished","-","","","2025-05-28T14:54:29.000Z","1675","","78.60294469206836","76.56232285841398","86.60460200296542","83.40568954911787","67.51986147075093","58.3231523400228","52.21610154832257","37.01246933454815","89.33700842756332","85.89195904668424","76.46495724530133","59.12738744363673","81.03241928059445","63.673372673213194","86.9490766673973","51.7747972350527","63.215649268426546","38.98563352151787","59.78477282600113","55.96636915644322","74.0808053372958","62.23331781018475","85.1721321796085","79.99877241286988","64.67383051513609","38.79317920230473","64.4946057115396","33.79327680852221","34.37415355879096","28.200621329605525","41.863297022139776","33.42786384354333","50.833608890548675","43.24242568503069","86.62506071451834","83.24039634401508","69.15078440143773","44.40778530529496","34","0.10340487263840802","0.0001890814347534526","","","","0.10340487263840802","69.10503535581088","","","","","0.1920064391490228","55.68741010000116","[76.56232285841398,62.23331781018475,79.99877241286988,38.79317920230473,33.79327680852221,28.200621329605525,33.42786384354333,43.24242568503069,83.24039634401508,44.40778530529496,83.40568954911787,58.3231523400228,37.01246933454815,85.89195904668424,59.12738744363673,63.673372673213194,51.7747972350527,38.98563352151787,55.96636915644322]",""
"epoch_33","finished","-","","","2025-05-28T14:26:36.000Z","1672","","78.55593416161133","76.55817524997029","86.54818344030375","83.46325871798965","67.49540137581342","58.658026168772096","52.66548909694727","37.28401810308497","89.35223685723469","85.7085433464848","76.78525161275417","59.469602114230405","80.26399360312425","63.24242715680634","87.3073073655545","51.32062973490936","63.47174274696849","39.19285073043335","59.296990814864294","56.11596611146496","74.04689546622129","62.045848860235076","85.0822657084229","79.81129992626298","63.79294834731773","38.85200119113729","64.32858047927638","33.27321824910157","34.29582665740508","27.76519657742947","41.67542545914681","33.695380386376","50.761072426602226","43.55586320589931","86.52118986545997","83.30020155725714","68.64768898952717","44.26843271928303","33","0.10451619007859292","0.00019968476610422305","","","","0.10451619007859292","68.99444339339766","","","","","0.19368079478690725","55.66215474248044","[76.55817524997029,62.045848860235076,79.81129992626298,38.85200119113729,33.27321824910157,27.76519657742947,33.695380386376,43.55586320589931,83.30020155725714,44.26843271928303,83.46325871798965,58.658026168772096,37.28401810308497,85.7085433464848,59.469602114230405,63.24242715680634,51.32062973490936,39.19285073043335,56.11596611146496]",""
"epoch_32","finished","-","","","2025-05-28T13:58:43.000Z","1672","","78.53451111303237","76.60601544851127","86.44248700278199","83.34219926934189","67.3295329171679","58.89468911448835","52.217679786548665","35.95101229440737","89.2747797927365","85.83151978054684","75.56705836699358","58.97762085874441","79.82927959838725","63.06441361899011","86.66458456208464","49.73283319794291","62.575688546367466","38.98577006123818","59.61432929300757","56.222271118854735","74.09359873528085","62.052935801740425","85.04649549175835","79.82612942548415","63.98192378754322","38.58086898766487","63.97278428852906","33.53977651064569","34.16696928930262","28.08781014722256","41.33044830183841","33.309946726923464","50.81286858612848","43.45083935002773","86.50998200419394","83.07743737156787","68.55738158560773","44.460894927739055","32","0.10503877107167744","0.0002102258704056728","","","","0.10503877107167744","68.76433594996266","","","","","0.1940693940498872","55.47342021116221","[76.60601544851127,62.052935801740425,79.82612942548415,38.58086898766487,33.53977651064569,28.08781014722256,33.309946726923464,43.45083935002773,83.07743737156787,44.460894927739055,83.34219926934189,58.89468911448835,35.95101229440737,85.83151978054684,58.97762085874441,63.06441361899011,49.73283319794291,38.98577006123818,56.222271118854735]",""
"epoch_31","finished","-","","","2025-05-28T13:30:19.000Z","1704","","78.5147400772105","76.5391435181562","86.43395413868687","83.40142652204064","67.09857390726403","58.61750823941083","51.54791216600788","36.479921681628426","89.2095529509233","85.81078376406754","77.76456643839637","58.9964642770056","80.93333181938476","63.052806444785105","86.69669354431797","48.9659014414707","60.79123009523557","38.23119915272725","59.24461714330786","55.32422615341751","74.01230795273945","62.26342565248402","85.02451157764325","79.87094760736181","63.45678022753569","36.95829367437409","63.74704588825559","33.34758524727243","33.99237999827843","28.03759412546647","41.52374560135931","32.32631798151332","50.54711421085584","43.11477620372176","86.4769306345164","83.05662276615516","68.59516072992771","44.825096002860654","31","0.10586812490071276","0.00022070854389136512","","","","0.10586812490071276","68.71637626851823","","","","","0.19489287116570383","55.222107392416824","[76.5391435181562,62.26342565248402,79.87094760736181,36.95829367437409,33.34758524727243,28.03759412546647,32.32631798151332,43.11477620372176,83.05662276615516,44.825096002860654,83.40142652204064,58.61750823941083,36.479921681628426,85.81078376406754,58.9964642770056,63.052806444785105,48.9659014414707,38.23119915272725,55.32422615341751]",""
"epoch_30","finished","-","","","2025-05-28T12:47:55.000Z","1683","","78.51031248196222","76.5969742247665","86.5713258766639","83.31396519755671","67.11634619714064","58.77624719317765","51.51951082248345","36.49397182752045","89.29134663755556","85.6779694499804","75.77283511100235","58.74432968126688","79.94533298408635","62.28790395865281","86.35577192020513","47.03534187951307","62.22520316981161","38.329816429357194","59.48212432893262","55.75922295608531","73.76929597221483","62.0967775399448","84.9747428420636","79.92156454950032","63.52791214308409","37.58544263209884","63.67904697016707","33.91607140064603","34.0840327556616","27.929391903893613","41.155159841391104","33.05712793666348","50.73397550878818","43.18078319678189","86.51713546488314","83.1375025371045","68.41634006985504","44.8465716973616","30","0.10625494360383458","0.00023113616371064124","","","","0.10625494360383458","68.61303953147116","","","","","0.193026945441069","55.194051378519575","[76.5969742247665,62.0967775399448,79.92156454950032,37.58544263209884,33.91607140064603,27.929391903893613,33.05712793666348,43.18078319678189,83.1375025371045,44.8465716973616,83.31396519755671,58.77624719317765,36.49397182752045,85.6779694499804,58.74432968126688,62.28790395865281,47.03534187951307,38.329816429357194,55.75922295608531]",""
"epoch_29","finished","-","","","2025-05-28T12:19:51.000Z","1684","","78.50566188488011","76.4970336846207","86.4674231716197","83.40442386590597","66.88946841467302","58.51325380647392","51.14308238076468","36.32500968171557","89.18756172189254","85.56255066645609","75.23467069004194","59.17698957571302","80.6653508224612","62.567581637130296","86.17510179998906","50.55591639017491","62.4724358809211","38.36660381039078","59.20852330026727","56.00805558175911","73.51427739559772","62.01244763646416","84.93212274257024","79.9277362522823","63.227069426454094","38.19400342797831","63.182343552783934","33.205684840130914","33.774835094574904","28.110593181949977","41.18784670648522","32.745302466649285","50.10632144546921","43.01457725947522","86.39727341301453","83.14049864006601","67.9196171514089","44.15390697937646","29","0.10770281874183708","0.00024151175283882435","","","","0.10770281874183708","68.43110457872996","","","","","0.19397245160119975","55.34116680972175","[76.4970336846207,62.01244763646416,79.9277362522823,38.19400342797831,33.205684840130914,28.110593181949977,32.745302466649285,43.01457725947522,83.14049864006601,44.15390697937646,83.40442386590597,58.51325380647392,36.32500968171557,85.56255066645609,59.17698957571302,62.567581637130296,50.55591639017491,38.36660381039078,56.00805558175911]",""
"epoch_28","finished","-","","","2025-05-28T11:51:50.000Z","1681","","78.49010779578994","76.44022614276186","86.39708006105687","83.23595205079619","66.9144913133751","57.85958659624206","51.26291375773885","36.209562520315565","89.0978808873903","85.48982279781828","75.62479620096089","58.12276491624316","79.28882337639817","62.58034829056787","86.03595089166235","49.66163628208847","61.24766407140362","37.51610941784291","58.8887629535452","55.05133749744223","73.51899714522767","62.01276489383588","84.89367267902237","79.8050082396756","62.62263874034662","36.16887544633629","62.76198034005701","33.01883532416507","33.672588877445406","27.51041340247809","40.77872085318525","32.45863355083413","50.19247106217279","42.88512104900888","86.31624107240637","82.9872056568949","67.5838524089515","44.53870670765728","28","0.10856709310799156","0.0002518380323188357","","","","0.10856709310799156","68.18892813095454","","","","","0.19656663896616347","54.92383740963183","[76.44022614276186,62.01276489383588,79.8050082396756,36.16887544633629,33.01883532416507,27.51041340247809,32.45863355083413,42.88512104900888,82.9872056568949,44.53870670765728,83.23595205079619,57.85958659624206,36.209562520315565,85.48982279781828,58.12276491624316,62.58034829056787,49.66163628208847,37.51610941784291,55.05133749744223]",""
"epoch_27","finished","-","","","2025-05-28T11:23:48.000Z","1682","","78.44367817921501","76.52189311276288","86.31094074824904","83.31838001675482","66.65936211151127","58.08393994354163","50.86759697029879","36.0457141130616","89.103737420907","85.52209866203226","74.4153391837597","57.573331539289555","79.09644172251012","62.316666868135904","86.36085389366094","48.38224543753601","62.357257178117585","37.61707036608406","58.87455953931583","55.55951146542992","73.13068602602515","62.03250444320727","84.81487022636182","79.78312967572151","62.36183817198403","37.55041033177401","62.67645099207109","33.10458075236807","33.52847277864149","27.95195167317336","40.60723319817544","32.90795678704192","49.93453785805634","42.7524277472111","86.27547491779436","83.12142131713286","67.36168819600084","44.0552904755791","27","0.10992139195383505","0.0002621174637710257","","","","0.10992139195383505","68.06215891119243","","","","","0.19468977645842617","54.95792235409672","[76.52189311276288,62.03250444320727,79.78312967572151,37.55041033177401,33.10458075236807,27.95195167317336,32.90795678704192,42.7524277472111,83.12142131713286,44.0552904755791,83.31838001675482,58.08393994354163,36.0457141130616,85.52209866203226,57.573331539289555,62.316666868135904,48.38224543753601,37.61707036608406,55.55951146542992]",""
"epoch_26","finished","-","","","2025-05-28T10:55:46.000Z","1682","","78.452754943945","76.51498003094176","86.30280693052129","83.19471977800607","66.81732396184962","58.4177840679092","50.63873103240751","36.24784979687442","88.9612148113243","85.77630529673466","73.50637358918055","57.21626079492162","79.88183601932799","63.08946241454618","85.45445460163715","48.20186703067078","61.57042648011944","38.13632165802445","58.37543391973663","55.34189735635845","73.20897331630472","61.84996304477086","84.68560472770633","79.78451196764644","61.286457545493874","37.64640886362508","62.02402074946393","33.195453078385725","33.45502805232945","27.96781267187272","40.22104020429376","32.50021952056707","49.66546078111297","42.73049253127973","86.24555812117669","82.98239330637654","67.11716395138949","44.26211943469915","26","0.11096810886479971","0.00027235228432890077","","","","0.11096810886479971","67.78266651259582","","","","","0.1959085284682091","55.00299066548478","[76.51498003094176,61.84996304477086,79.78451196764644,37.64640886362508,33.195453078385725,27.96781267187272,32.50021952056707,42.73049253127973,82.98239330637654,44.26211943469915,83.19471977800607,58.4177840679092,36.24784979687442,85.77630529673466,57.21626079492162,63.08946241454618,48.20186703067078,38.13632165802445,55.34189735635845]",""
"epoch_25","finished","-","","","2025-05-28T10:27:40.000Z","1685","","78.43277055487098","76.46979608306467","86.30460059659656","83.10880350564916","66.75502760784514","58.580675183584816","50.376562836287206","36.37816750049668","88.83619370563777","85.43873560113985","75.41283161325322","58.32253511556576","77.43285685541848","62.32862985533279","82.86634872051631","48.52808759834108","61.03033902037058","37.31335396693589","58.8567845917666","54.553873426757946","73.06201732989918","61.70426173625903","84.6492932237324","79.57634284336815","61.43836269988531","35.31515206534917","61.513057918370336","32.92379407739327","33.28561331279249","27.207321530198953","39.97610059754903","31.108227653484978","49.64697705935377","42.50587031739061","86.16448223361726","82.83436620832886","66.96073314473388","44.49017156286007","25","0.1121974791407244","0.0002825445356099237","","","","0.1121974791407244","67.5263659801314","","","","","0.199565736878061","54.667798201657995","[76.46979608306467,61.70426173625903,79.57634284336815,35.31515206534917,32.92379407739327,27.207321530198953,31.108227653484978,42.50587031739061,82.83436620832886,44.49017156286007,83.10880350564916,58.580675183584816,36.37816750049668,85.43873560113985,58.32253511556576,62.32862985533279,48.52808759834108,37.31335396693589,54.553873426757946]",""
"epoch_24","finished","-","","","2025-05-28T09:59:34.000Z","1686","","78.40139573360518","76.54180658942413","86.15649044358011","83.23169801850855","66.51333430320582","58.51061985483267","50.47237790232185","35.21956264633918","88.87525100149512","85.59282108195151","74.32605264939414","58.461461637601","77.73326992910255","62.67412113693203","86.48560534606273","50.17592528831742","61.202976416843235","38.85589823864899","58.47518219004505","55.86537095495895","72.9296330119693","61.64801320242659","84.6179865588325","79.63978652230001","61.127431721939416","36.90892567353971","61.526790150275644","32.53229044902231","33.150639626338986","27.25618921242748","39.75949518874335","32.434100870424096","49.36267549392099","42.59533502399219","86.04132100209802","82.92482977563289","66.48705199464608","43.66656974853271","24","0.11320882068079618","0.0002926960879379014","","","","0.11320882068079618","67.56026108760106","","","","","0.19781504343905135","54.98606978556908","[76.54180658942413,61.64801320242659,79.63978652230001,36.90892567353971,32.53229044902231,27.25618921242748,32.434100870424096,42.59533502399219,82.92482977563289,43.66656974853271,83.23169801850855,58.51061985483267,35.21956264633918,85.59282108195151,58.461461637601,62.67412113693203,50.17592528831742,38.85589823864899,55.86537095495895]",""
"epoch_23","finished","-","","","2025-05-28T09:31:26.000Z","1687","","78.41615805626078","76.42590232210841","86.23407714989007","83.0657127073436","66.54345904560938","57.96607655406899","50.10346213505655","34.617893514115906","88.76448640774476","85.19848692778376","75.32771199765187","57.474568593690925","78.97549258511452","61.71708368586019","85.16034178552593","49.18192725435714","60.953742562420466","38.10305460366876","58.3526749075857","55.863343031512755","72.50388942228973","61.618392574958335","84.56448756900102","79.59270564036561","60.529910935480935","36.840241046197654","60.91618733651861","32.524126959620666","33.10115174591888","26.775799334594392","39.32581052395812","31.972922642483535","49.00358497577404","42.27919746825914","85.95198075218391","82.92286942391159","66.32046738471469","43.44115892846322","23","0.11429966294441286","0.0003028086607480694","","","","0.11429966294441286","67.42363564624738","","","","","0.19847262351812717","54.609550695440234","[76.42590232210841,61.618392574958335,79.59270564036561,36.840241046197654,32.524126959620666,26.775799334594392,31.972922642483535,42.27919746825914,82.92286942391159,43.44115892846322,83.0657127073436,57.96607655406899,34.617893514115906,85.19848692778376,57.474568593690925,61.71708368586019,49.18192725435714,38.10305460366876,55.863343031512755]",""
"epoch_22","finished","-","","","2025-05-28T09:03:21.000Z","1685","","78.32505847662475","76.42285134805","86.1547253747814","83.03537953706105","66.21324396735993","58.391191992351445","49.14488369018269","35.1089054745809","88.74714775787227","85.34028628515881","74.1767928788162","57.62579685292957","78.90529632502026","62.122058378507624","85.46952574424962","50.23686423130497","60.5260059714628","38.0298286001069","58.12904827130736","55.64418302132233","72.67950689787432","61.68654629489594","84.48639894206437","79.5622356879194","60.358511929170945","37.367829040966086","60.11649730363675","32.304794359064225","32.69907582815929","27.148051155683568","39.03719242646596","32.08981051308673","48.85178082859587","42.24003068508101","85.8574577248929","82.95042881768093","66.02955722842117","44.45673511238846","22","0.11606298893235112","0.00031288383989564285","","","","0.11606298893235112","67.15303724036626","","","","","0.19723162175474052","54.829674073060005","[76.42285134805,61.68654629489594,79.5622356879194,37.367829040966086,32.304794359064225,27.148051155683568,32.08981051308673,42.24003068508101,82.95042881768093,44.45673511238846,83.03537953706105,58.391191992351445,35.1089054745809,85.34028628515881,57.62579685292957,62.122058378507624,50.23686423130497,38.0298286001069,55.64418302132233]",""
"epoch_21","finished","-","","","2025-05-28T08:35:15.000Z","1686","","78.30786213161153","76.39978374305058","86.06542060389474","83.03604663187873","66.10913475031202","57.73506190104142","48.739344787442676","35.05660887954402","88.69505234441435","85.18520324859607","73.60460156716509","57.361116058177494","78.06556408741878","61.75717169201673","84.93327668382746","48.57499420471179","59.349533607021066","37.651029228917075","57.720445693531886","55.43625545933576","72.34404691977949","61.380460656076195","84.42334293313829","79.6191533539594","59.78960010322755","36.53007478737031","59.72408538681848","32.46612527552084","32.48035879906786","27.37109996050593","38.717400604030416","31.59930571971671","48.32864575054178","42.15481641192851","85.75140676614612","82.8854637966096","64.87838942296459","43.791847170682445","21","0.1175883502152016","0.00032292309243160433","","","","0.1175883502152016","66.73829015486075","","","","","0.19926945262861823","54.52587464103366","[76.39978374305058,61.380460656076195,79.6191533539594,36.53007478737031,32.46612527552084,27.37109996050593,31.59930571971671,42.15481641192851,82.8854637966096,43.791847170682445,83.03604663187873,57.73506190104142,35.05660887954402,85.18520324859607,57.361116058177494,61.75717169201673,48.57499420471179,37.651029228917075,55.43625545933576]",""
"epoch_20","finished","-","","","2025-05-28T08:07:10.000Z","1685","","78.26325700933823","76.39659465778946","86.01381718652848","82.95741744193225","65.62640568416049","57.80715237062366","48.00241061991069","35.725038670503636","88.56147003980003","85.30255613223956","73.81224706351955","57.69253191181751","76.9252932033589","61.61930466605673","85.44170297237915","50.48453868366211","58.90750283146944","37.45643400434748","57.16989645962657","55.019741464591206","71.90918235358852","61.143468064094066","84.30368792433066","79.56104530283982","58.725431053363174","37.078755521758296","59.35430382054926","32.03717991281989","32.376226929818095","27.39576139453276","38.379655571862784","31.807769407485235","48.360730595428336","41.811670594697866","85.67718261812972","82.7951635593294","65.28662209200617","43.6912594971046","20","0.11967125496620896","0.0003329277792909409","","","","0.11967125496620896","66.47879084364044","","","","","0.1992460709221349","54.620178066222394","[76.39659465778946,61.143468064094066,79.56104530283982,37.078755521758296,32.03717991281989,27.39576139453276,31.807769407485235,41.811670594697866,82.7951635593294,43.6912594971046,82.95741744193225,57.80715237062366,35.725038670503636,85.30255613223956,57.69253191181751,61.61930466605673,50.48453868366211,37.45643400434748,55.019741464591206]",""
"epoch_19","finished","-","","","2025-05-28T07:39:01.000Z","1689","","78.22395586115111","76.37301315075881","85.85814783417285","82.89596712283428","65.54532851514115","57.3567200242438","48.173093899061485","34.36880105466776","88.50674316432627","85.46735165257755","72.80186573000952","57.811128028845246","77.38786670640917","62.50879178586527","84.59174850495876","52.420312288664114","58.65207581400891","37.954331750693605","57.2863383550399","55.37830460918444","71.80904350775695","61.22002458838664","84.16528335790517","79.47078703562576","58.69801025941022","36.92917982775843","58.7868472621945","32.485346360313386","32.11754844228001","27.213539348291015","38.15125650259074","32.05870160825436","47.868739945782664","41.869977863158695","85.54735877026822","82.81869381438233","64.36389685432414","43.603782590606954","19","0.12155391522576564","0.0003428991662480389","","","","0.12155391522576564","66.23869206772588","","","","","0.1992238844315449","54.747618658163816","[76.37301315075881,61.22002458838664,79.47078703562576,36.92917982775843,32.485346360313386,27.213539348291015,32.05870160825436,41.869977863158695,82.81869381438233,43.603782590606954,82.89596712283428,57.3567200242438,34.36880105466776,85.46735165257755,57.811128028845246,62.50879178586527,52.420312288664114,37.954331750693605,55.37830460918444]",""
"epoch_18","finished","-","","","2025-05-28T07:10:56.000Z","1685","","78.18757905316399","76.37682648756376","85.80733397906552","82.83223109173402","65.5060429899788","57.3027297193765","47.7549304972916","34.61721004356416","88.27289209692812","85.23171922517837","72.48158991380083","57.71636404686225","76.18405223010994","62.28993743934084","84.84793346669046","51.11697621169792","57.81220828999356","38.03895846239183","56.73698026848486","55.35824677700458","71.45600181242732","60.76893515125875","84.10377317123763","79.35138970739179","58.04336978134662","35.82613211068452","58.01509481883964","31.91476115826398","31.890189025394104","27.791673734980925","37.90041124533523","32.23173742886692","47.559637927720075","41.78100255491657","85.46852133964093","82.81534092506678","64.04390024308995","43.112571799008","18","0.1235308704101516","0.000352838433424171","","","","0.1235308704101516","65.89854958687047","","","","","0.20072478653785","54.55130231974487","[76.37682648756376,60.76893515125875,79.35138970739179,35.82613211068452,31.91476115826398,27.791673734980925,32.23173742886692,41.78100255491657,82.81534092506678,43.112571799008,82.83223109173402,57.3027297193765,34.61721004356416,85.23171922517837,57.71636404686225,62.28993743934084,51.11697621169792,38.03895846239183,55.35824677700458]",""
"epoch_17","finished","-","","","2025-05-28T06:42:45.000Z","1690","","78.13632463884893","76.36717486237039","85.78974082172039","82.85152254795925","65.07222716214129","57.65106969584567","46.72402732061333","34.17637665054355","88.22452128148642","85.33670355150007","71.61474582622158","57.59270709698205","77.2084636608134","61.85726901277335","84.50979119910181","48.59455385726919","58.08701023449808","37.64063016037091","56.75288507773681","54.94590255650422","71.2400233091282","60.95962269082212","83.93968833240228","79.27791150379039","56.92217137734888","36.43174619149293","57.49997926650951","32.049701482977866","31.765729662533193","27.140442071664577","37.35476340127503","31.829026453441067","47.23456052787277","41.59992307875347","85.34392825072766","82.75372173964072","63.5562336674156","43.34294699945169","17","0.12595782377792678","0.00036274668357771185","","","","0.12595782377792678","65.63035868517869","","","","","0.2005783008958051","54.336786958113336","[76.36717486237039,60.95962269082212,79.27791150379039,36.43174619149293,32.049701482977866,27.140442071664577,31.829026453441067,41.59992307875347,82.75372173964072,43.34294699945169,82.85152254795925,57.65106969584567,34.17637665054355,85.33670355150007,57.59270709698205,61.85726901277335,48.59455385726919,37.64063016037091,54.94590255650422]",""
"epoch_16","finished","-","","","2025-05-28T06:14:11.000Z","1714","","78.0905951476438","76.2617512269508","85.70113106797227","82.73571719089172","65.26360649306497","57.30339265494688","46.20519313555525","34.27554802051956","88.18641541708871","85.33308313664836","72.05697387260763","55.85741360842464","75.67781049179372","61.22060366188051","84.00284365073347","48.1142048135913","57.36861781823779","38.17544442729909","56.485817421893294","54.94805167827089","71.27184886470359","61.02321674064951","83.88475613338112","79.34492185277486","56.29157335132441","35.64010781671159","56.923675978933986","31.80389715873293","31.51457197730252","27.056975663558656","36.80343005797055","31.488776192161023","46.56965503973951","41.31132237381859","85.1394587752291","82.55709935325768","63.1251932334351","43.283148832409736","16","0.12765385216201536","0.0003726249493651018","","","","0.12765385216201536","65.29279831203213","","","","","0.20326830522564357","54.09129875807886","[76.2617512269508,61.02321674064951,79.34492185277486,35.64010781671159,31.80389715873293,27.056975663558656,31.488776192161023,41.31132237381859,82.55709935325768,43.283148832409736,82.73571719089172,57.30339265494688,34.27554802051956,85.33308313664836,55.85741360842464,61.22060366188051,48.1142048135913,38.17544442729909,54.94805167827089]",""
"epoch_15","finished","-","","","2025-05-28T05:02:45.000Z","1928","","78.06773949886328","76.3325080272418","85.48722769339851","82.60802043660391","64.68515482121461","57.17188864515165","45.89265460667307","32.02091874863561","88.01624052497269","85.2114874318258","69.16416877934404","57.04723799178804","73.85068522785414","59.71347704353553","83.26361399040574","42.48561677230618","56.17718592361278","37.62812911190888","56.17209309228679","55.260543254113514","70.58579265888577","60.46974200835385","83.68814581356884","79.17124254768606","55.912298162191945","36.86728826793715","56.17586127225942","31.604751340925908","31.155512778719697","26.88385377889216","36.23023382621805","31.09855014102444","46.33251174782102","41.20860763222804","84.98167355996682","82.66033694077207","62.30699692727519","43.35953314529712","15","0.13091643097746464","0.0003824741997268605","","","","0.13091643097746464","64.63925215292275","","","","","0.2031870420107585","53.62124911927514","[76.3325080272418,60.46974200835385,79.17124254768606,36.86728826793715,31.604751340925908,26.88385377889216,31.09855014102444,41.20860763222804,82.66033694077207,43.35953314529712,82.60802043660391,57.17188864515165,32.02091874863561,85.2114874318258,57.04723799178804,59.71347704353553,42.48561677230618,37.62812911190888,55.260543254113514]",""
"epoch_14","finished","-","","","2025-05-28T04:30:37.000Z","1928","","77.97480399107576","76.15063327413706","85.3969009739754","82.69910939205239","64.46585191793353","57.04555080227694","45.00797621075782","33.26186416355747","87.89655851158965","85.3666824061184","70.15071578427742","55.83495614674288","74.14286250964803","60.94922365882","81.25970260227274","47.7724007104931","55.480441952257685","36.08813935546741","55.60232450165562","54.984345895894535","70.11299906968348","60.22048162694724","83.48273861542766","79.13898145576","54.873574053621","35.066624227652795","55.140365983133734","31.652572003521566","30.821333427763335","26.76138085850231","35.38940977009734","30.239702133147272","45.81718127624875","40.62723898093348","84.89910117407827","82.49140955538401","61.162921952109095","43.00642350143756","14","0.13409719654565094","0.0003922953455260682","","","","0.13409719654565094","64.16198759355821","","","","","0.20515235352837397","53.6504063236235","[76.15063327413706,60.22048162694724,79.13898145576,35.066624227652795,31.652572003521566,26.76138085850231,30.239702133147272,40.62723898093348,82.49140955538401,43.00642350143756,82.69910939205239,57.04555080227694,33.26186416355747,85.3666824061184,55.83495614674288,60.94922365882,47.7724007104931,36.08813935546741,54.984345895894535]",""
"epoch_13","finished","-","","","2025-05-28T03:58:25.000Z","1932","","77.88663302291032","76.20799540131115","85.26326201503628","82.37682651073936","64.21020755354813","56.56633545716458","44.219390892180286","32.50519273002534","87.65193521639905","84.85484429011592","68.86710524605506","55.4666920271464","72.72315958148742","60.87887200075791","80.33128323804856","49.577691008280006","54.86674847323362","36.9218999653349","55.40449343380814","54.2309844883405","69.65823459456713","60.29765360908166","83.38893884008664","78.884154112522","53.892416772887195","34.41498413855908","54.41559210195314","30.580736884973874","30.64254810120258","26.207577297512618","35.25940873130265","29.16034416565423","45.58081031799579","40.040457237406294","84.69626342974634","82.26405869238903","60.99568130479365","42.388898028811525","13","0.13735644617437862","0.0004020892445451536","","","","0.13735644617437862","63.68179541406537","","","","","0.2094634857006416","53.35927358137507","[76.20799540131115,60.29765360908166,78.884154112522,34.41498413855908,30.580736884973874,26.207577297512618,29.16034416565423,40.040457237406294,82.26405869238903,42.388898028811525,82.37682651073936,56.56633545716458,32.50519273002534,84.85484429011592,55.4666920271464,60.87887200075791,49.577691008280006,36.9218999653349,54.2309844883405]",""
"epoch_12","finished","-","","","2025-05-28T03:26:17.000Z","1928","","77.81546738711855","76.28347538108649","85.2648486957634","82.27546913212159","63.9274610450966","56.7648700464112","43.42023160390823","31.499744674985347","87.56030778635849","84.05564760275954","68.54421550523601","54.80570278288885","73.00028023465207","59.79493033505302","81.05455768568423","47.32140754174811","53.80172323376892","35.96143901619666","55.39607805185561","54.120258011507374","69.23362928894409","58.61123203786467","83.16754895548172","79.0064212025682","52.817471371804295","34.321728143085295","53.01706674616149","31.112765450703854","30.137997384971825","26.43605979913195","34.752869171934215","29.32708268199999","44.87769686814029","39.627650805508274","84.48928435794527","82.1110590432612","59.770436317109656","41.9522810567968","12","0.14122190387592515","0.00041185670592938634","","","","0.14122190387592515","63.265745878522885","","","","","0.21198196611004672","52.91522235503571","[76.28347538108649,58.61123203786467,79.0064212025682,34.321728143085295,31.112765450703854,26.43605979913195,29.32708268199999,39.627650805508274,82.1110590432612,41.9522810567968,82.27546913212159,56.7648700464112,31.499744674985347,84.05564760275954,54.80570278288885,59.79493033505302,47.32140754174811,35.96143901619666,54.120258011507374]",""
"epoch_11","finished","-","","","2025-05-28T02:54:03.000Z","1934","","77.66962879449477","75.97138207549517","84.67488137402775","82.25667150819696","63.40905062120753","56.31544753393914","42.53368476670895","32.5771208321093","87.2737829228785","84.19969458548081","65.72364356240894","54.11423755934719","71.38994143693267","56.872623224421126","78.14852514426758","29.77784991461193","52.29577790685045","34.02061506579347","54.58369608029509","52.82067254974297","68.64276495581446","59.48581277146789","82.86968234955656","78.84593680373816","50.67573001996115","31.504005940286913","51.72056961617989","30.592617254151232","29.831389402837655","26.17248682833553","33.50401330322549","27.713620960653024","43.768165715092664","38.989264244938745","84.30547456498189","81.96028481104976","58.84072024041733","42.38326308689769","11","0.14664538223154217","0.000421598494151286","","","","0.14664538223154217","62.20321698832311","","","","","0.21893908529581424","51.39861092371879","[75.97138207549517,59.48581277146789,78.84593680373816,31.504005940286913,30.592617254151232,26.17248682833553,27.713620960653024,38.989264244938745,81.96028481104976,42.38326308689769,82.25667150819696,56.31544753393914,32.5771208321093,84.19969458548081,54.11423755934719,56.872623224421126,29.77784991461193,34.02061506579347,52.82067254974297]",""
"epoch_10","finished","-","","","2025-05-28T02:21:50.000Z","1932","","77.57131244021977","76.034080747636","84.68082632777424","81.82303465085782","62.555744893879385","56.63237080608088","40.47607327233458","32.7601103870772","87.08878314149656","84.3648940701125","63.168229134006395","52.96429816908892","71.54913009010238","59.1068759177518","79.51312210251369","47.83795901338197","52.64640363177616","34.61176836098142","54.18192886974561","52.4139318861192","68.13063882672641","59.26628304876124","82.62933278983414","78.73304754714798","49.63994199080583","31.93775022117254","49.974177249350646","29.72261904638578","29.25766798215414","26.155574106397513","33.057456628998885","28.456983792259123","43.14388266480528","38.69840577575888","83.97542084440006","81.91187892507284","57.58739631934855","41.6133326893004","10","0.15181907938921269","0.0004313153325585618","","","","0.15181907938921269","61.62249837896173","","","","","0.21799332956354064","52.370799955860214","[76.034080747636,59.26628304876124,78.73304754714798,31.93775022117254,29.72261904638578,26.155574106397513,28.456983792259123,38.69840577575888,81.91187892507284,41.6133326893004,81.82303465085782,56.63237080608088,32.7601103870772,84.3648940701125,52.96429816908892,59.1068759177518,47.83795901338197,34.61176836098142,52.4139318861192]",""
"epoch_9","finished","-","","","2025-05-28T01:49:36.000Z","1934","","77.45441670911191","75.99031609462689","84.32912221949452","81.66469323563904","62.47019828939349","55.77400029252454","39.44952729839389","29.985916779826017","86.79065522641557","84.4825117420926","63.712509745287335","50.399837723609394","67.22969680276289","57.675259450762425","75.95653508210681","44.53124764258404","49.51797269282479","35.606161810136086","52.82175886715225","53.671325875756","67.46919800279215","59.228889021597006","82.33383906751746","78.45348235823406","47.62088386261617","32.507092010344074","48.74285437098656","28.670924813268943","28.849470480976375","25.53529592074551","32.14650945998588","27.2608705550984","42.28422992102144","37.949140905997865","83.57798572144416","81.61923335992785","55.97595295074132","41.1347814089739","9","0.1579422688268068","0.0004410079065586476","","","","0.1579422688268068","60.45964825110657","","","","","0.2215832462924683","51.69163057903919","[75.99031609462689,59.228889021597006,78.45348235823406,32.507092010344074,28.670924813268943,25.53529592074551,27.2608705550984,37.949140905997865,81.61923335992785,41.1347814089739,81.66469323563904,55.77400029252454,29.985916779826017,84.4825117420926,50.399837723609394,57.675259450762425,44.53124764258404,35.606161810136086,53.671325875756]",""
"epoch_8","finished","-","","","2025-05-28T01:17:25.000Z","1931","","77.23657118706146","75.83008739014903","84.19602980525737","81.55103992568773","61.6810532452574","55.53194739751422","37.902365035672155","29.974309110790788","86.43529253659707","84.06169841941734","61.11282964487824","51.91543948097769","67.79645757281966","57.59168348954237","74.94728945103401","46.483483377527826","49.67935514704981","35.31603957817991","52.88222753428546","53.19014330390001","66.10389242736952","57.86289676318114","82.0238450203596","78.28047961564208","46.068652339215696","32.04754847771282","47.93099068194684","27.900412331791248","28.200738714616435","25.338604096302237","30.808923726808786","26.82611474838259","40.78559763911215","36.8654857173368","83.21658495965345","81.4916831443926","55.34321217556617","41.23720534254234","8","0.1654563771404383","0.00045067686648501265","","","","0.1654563771404383","59.70273204445059","","","","","0.22522367291643233","51.54191061636688","[75.83008739014903,57.86289676318114,78.28047961564208,32.04754847771282,27.900412331791248,25.338604096302237,26.82611474838259,36.8654857173368,81.4916831443926,41.23720534254234,81.55103992568773,55.53194739751422,29.974309110790788,84.06169841941734,51.91543948097769,57.59168348954237,46.483483377527826,35.31603957817991,53.19014330390001]",""
"epoch_7","finished","-","","","2025-05-28T00:45:09.000Z","1936","","77.01773203764031","75.67309891429146","83.60901777320491","80.99712702846222","60.80482509195593","55.05126321895193","36.5189621966862","29.5767759811537","85.95908965619755","83.70121406013199","58.53390069866834","49.36525464127611","63.9234747304959","55.55981133520831","73.04817845739834","34.33644061998024","47.42198938763588","32.88977983617322","51.96783408047391","52.06073227745176","65.11790435213973","57.43856132764811","81.4341341718701","77.84152640883369","42.893430203028124","28.186453908238807","44.96170681969357","27.78945775696618","27.455670304062014","24.46291197202003","29.139798440347825","24.871841066544373","39.59664823143909","36.52777264927034","82.70175393882322","81.14878110648333","53.14223369992068","39.97721448402096","7","0.17621771219179375","0.0004603228301838619","","","","0.17621771219179375","58.1709623300885","","","","","0.23339780620829073","49.86610624174246","[75.67309891429146,57.43856132764811,77.84152640883369,28.186453908238807,27.78945775696618,24.46291197202003,24.871841066544373,36.52777264927034,81.14878110648333,39.97721448402096,80.99712702846222,55.05126321895193,29.5767759811537,83.70121406013199,49.36525464127611,55.55981133520831,34.33644061998024,32.88977983617322,52.06073227745176]",""
"epoch_6","finished","-","","","2025-05-28T00:12:51.000Z","1937","","76.81810725576739","75.6645054092877","83.2638564777765","80.89474566417354","59.93747978670755","54.77499211684093","32.90516838600108","27.71557097346915","85.23245435426504","83.29081872578863","54.59337460344786","48.20762980201512","60.46456202876605","55.344454318387115","67.21600350551296","38.52533493146711","43.92179668092487","31.84573911242852","50.23736166005818","51.08056460969485","63.79513064957584","56.586877496215074","80.95036118891787","77.37084306641484","39.48562389644606","26.54858429399946","41.85705345778329","27.352113351977973","26.440131961617652","24.85020184503505","27.140277316231327","22.751161423160102","38.12334861683822","34.57735667828989","82.16542769542292","80.71872114200683","50.2803436963172","39.14105621398425","6","0.1886022666909995","0.00046994638535437287","","","","0.1886022666909995","56.04357174833567","","","","","0.24229370833870895","49.3284879565598","[75.6645054092877,56.586877496215074,77.37084306641484,26.54858429399946,27.352113351977973,24.85020184503505,22.751161423160102,34.57735667828989,80.71872114200683,39.14105621398425,80.89474566417354,54.77499211684093,27.71557097346915,83.29081872578863,48.20762980201512,55.344454318387115,38.52533493146711,31.84573911242852,51.08056460969485]",""
"epoch_5","finished","-","","","2025-05-27T23:40:38.000Z","1933","","76.35447823926688","75.41814496557903","82.16260230432417","79.80550256750914","58.435082739993774","54.13077308148343","29.748049699211805","27.289914674974767","84.2760021676881","82.60223124952911","45.28753134304747","45.00792220093145","50.3156409582132","54.186245841865485","63.32798813250014","34.733250700442845","40.74400275775642","30.181062365163573","48.75052188527213","50.16765767764836","61.58032871732222","55.88963679006509","80.05502749770915","76.85505360032415","36.279440034894016","27.436085485584545","39.26605979884492","24.769968231840053","24.997494781275957","23.11825878450821","24.33065304394802","21.55453127287597","35.667802663544","33.373696728692956","81.2896934479063","80.41354004271273","48.30794693301931","38.22778312713532","5","0.20923771178847503","0.0004795480916710158","","","","0.20923771178847503","53.219807744512536","","","","","0.2531060499702385","48.16638207309822","[75.41814496557903,55.88963679006509,76.85505360032415,27.436085485584545,24.769968231840053,23.11825878450821,21.55453127287597,33.373696728692956,80.41354004271273,38.22778312713532,79.80550256750914,54.13077308148343,27.289914674974767,82.60223124952911,45.00792220093145,54.186245841865485,34.733250700442845,30.181062365163573,50.16765767764836]",""
"epoch_4","finished","-","","","2025-05-27T23:08:26.000Z","1931","","75.73571233212265","75.14514961555051","80.76826041411628","78.69026883088081","56.2500469437021","52.51237459065441","25.301271936583312","22.994073460549966","82.56290261557173","81.71207949803897","37.66411242012779","42.50127711900035","45.21851029061682","51.27195105457601","51.915517534126906","29.586482256943096","35.51539570692","28.308383763315277","46.24608035489386","49.15734658881056","58.20017905483654","54.379417935034965","78.78038991510363","76.57710208447254","30.18356226173036","25.04597960026628","34.17888872411747","24.599426266012586","22.908492599208543","22.135586750659627","18.884464721054425","19.059396780361435","32.64446664585448","31.065556049341197","79.87635146465912","79.62099694191465","44.25386478014275","36.89023877683078","4","0.24019279168876073","0.0004891284827126417","","","","0.24019279168876073","49.32044582713098","","","","","0.2740190532393084","46.38174147174811","[75.14514961555051,54.379417935034965,76.57710208447254,25.04597960026628,24.599426266012586,22.135586750659627,19.059396780361435,31.065556049341197,79.62099694191465,36.89023877683078,78.69026883088081,52.51237459065441,22.994073460549966,81.71207949803897,42.50127711900035,51.27195105457601,29.586482256943096,28.308383763315277,49.15734658881056]",""
"epoch_3","finished","-","","","2025-05-27T22:36:12.000Z","1933","","74.5627257340489","74.23920763584505","78.25533209551679","77.06988872485513","51.38418284538929","50.50235082064144","16.303195288088155","19.74765233473589","79.93161569214588","79.50899894964698","24.757718739071223","33.5995257808264","35.77862553929264","43.949323754325206","39.929021928923845","16.157991279850506","21.33399421214726","22.147098573729","41.02806359931691","46.182476941906245","52.91098204501725","49.9884833991245","76.55282880809725","75.18968312134514","22.143715102363995","19.740897681814616","27.32030180153683","22.310384529170825","18.805440209727575","18.455217783709102","11.14527135220358","11.063438446921952","26.170323411037376","27.227907869833643","77.2150918538977","78.23437578555634","37.80465734163366","32.9849204065145","3","0.30450124958999286","0.000498688067719748","","","","0.30450124958999286","42.80700461049769","","","","","0.31600679742718885","42.01578020107117","[74.23920763584505,49.9884833991245,75.18968312134514,19.740897681814616,22.310384529170825,18.455217783709102,11.063438446921952,27.227907869833643,78.23437578555634,32.9849204065145,77.06988872485513,50.50235082064144,19.74765233473589,79.50899894964698,33.5995257808264,43.949323754325206,16.157991279850506,22.147098573729,46.182476941906245]",""
"epoch_2","finished","-","","","2025-05-27T22:03:55.000Z","1937","","72.81063339434274","73.36946735649423","71.38712581008323","72.37167331977903","40.85421842635114","44.90712300159417","6.385844232361225","10.272191454955262","74.25822447454622","76.90390772189257","9.326067536292934","20.74831090162906","8.275622086973398","23.234259531460665","17.56621704083331","12.907247404484243","4.687575406592346","8.319891426473692","29.05785560900469","41.013517395373746","44.55104563208827","44.85656726864884","72.29164166302041","72.32330648936622","11.91415963976016","13.469018464333908","17.133921065527407","14.81726597543937","11.052266681791286","14.999527131364438","3.664679193348491","6.359663854256232","15.060656842720077","21.726878937612724","72.7402407038764","74.4226786182743","25.32125364817595","25.94723266972519","2","0.4823859973263194","0.0003496346666666667","","","","0.4823859973263194","32.017855215141566","","","","","0.39456674403059266","35.419459417008305","[73.36946735649423,44.85656726864884,72.32330648936622,13.469018464333908,14.81726597543937,14.999527131364438,6.359663854256232,21.726878937612724,74.4226786182743,25.94723266972519,72.37167331977903,44.90712300159417,10.272191454955262,76.90390772189257,20.74831090162906,23.234259531460665,12.907247404484243,8.319891426473692,41.013517395373746]",""
"epoch_1","finished","-","","","2025-05-27T21:31:16.000Z","1959","","62.87747873490167","71.64908394620306","39.07017792033063","61.36108385817855","11.229842638422127","32.556530702046345","0.32476510407494447","2.299510705051199","46.87529985357249","69.37510481769493","0.7465123644411253","2.644091427089724","0.25358106594707597","1.7742312805619114","0.44070837195042334","6.871832488663642","0.14491143355466918","0.3251455765422245","3.541468394328795","24.06652960744002","24.657385764334773","35.91268484920936","55.1449781369927","66.11844004898461","1.842667301921009","4.885528295846293","3.6661359226994104","8.174269161335298","2.0890904058304742","6.603696384120364","0.1813319400910875","1.924635625004105","1.2903307211650414","8.195090664432184","52.97009708655403","67.86041425539099","4.6392321104680585","13.770264358654549","1","1.3464352338937402","0.00017531733333333332","","","","1.3464352338937402","16.420315540609504","","","","","0.7330161136781385","25.598324634339445","[71.64908394620306,35.91268484920936,66.11844004898461,4.885528295846293,8.174269161335298,6.603696384120364,1.924635625004105,8.195090664432184,67.86041425539099,13.770264358654549,61.36108385817855,32.556530702046345,2.299510705051199,69.37510481769493,2.644091427089724,1.7742312805619114,6.871832488663642,0.3251455765422245,24.06652960744002]",""