"Name","State","Notes","User","Tags","Created","Runtime","Sweep","class_0_train","class_0_val","class_10_train","class_10_val","class_11_train","class_11_val","class_12_train","class_12_val","class_13_train","class_13_val","class_14_train","class_14_val","class_15_train","class_15_val","class_16_train","class_16_val","class_17_train","class_17_val","class_18_train","class_18_val","class_1_train","class_1_val","class_2_train","class_2_val","class_3_train","class_3_val","class_4_train","class_4_val","class_5_train","class_5_val","class_6_train","class_6_val","class_7_train","class_7_val","class_8_train","class_8_val","class_9_train","class_9_val","epoch","loss","lr","train_flops","train_fps","train_latency","train_loss","train_loss_final","train_mIoU","train_mIoU_final","train_params","val_flops","val_fps","val_latency","val_loss","val_loss_final","val_mIoU","val_mIoU_final","val_mIoU_per_class","val_params"
"epoch_50","finished","-","","","2025-05-15T09:16:56.000Z","2181","","","","","","","","","","","","","","","","","","","","","","","","","","","","","","","","","","","","","","","","50","0.32383030092784465","0","374.664739584","4.430871139523531","227.78421020507812","","0.32383030092784465","","60.53204372748227","43795724","374.664739584","4.4356197653534695","225.45555186271667","","0.4083962777774491","","50.822480633712544","","43795724"
"epoch_49","finished","-","","","2025-05-15T08:47:45.000Z","1751","","77.14032556427499","75.62718973917966","84.389731898809","81.44734092963284","64.01382317615044","56.934062048907016","45.23854394592532","35.047593796268096","86.64703295131612","83.91263580346886","59.30162245180416","47.38671664097527","66.79131550137011","56.60683114138426","73.79083633475453","30.986172577956907","50.565623581753606","32.65522968218913","55.64451479419422","54.09403116704825","66.14746135965378","56.82932402219356","82.04166054456519","78.19367845843061","44.40320177055897","27.453656629328133","47.94878971591238","26.854102881323648","29.534776275071184","26.04503523114189","35.64056837263301","29.857620034463437","44.71935159386185","39.40703052242725","83.0658345001581","81.0488798901069","55.99302750664948","40.22126414575542","49","0.324621933732779","0.0000029575152732566297","","","","0.324621933732779","","60.6851600968114","","","","","","0.40839282267107935","","50.5583365969569","","[75.62718973917966,56.82932402219356,78.19367845843061,27.453656629328133,26.854102881323648,26.04503523114189,29.857620034463437,39.40703052242725,81.0488798901069,40.22126414575542,81.44734092963284,56.934062048907016,35.047593796268096,83.91263580346886,47.38671664097527,56.60683114138426,30.986172577956907,32.65522968218913,54.09403116704825]",""
"epoch_48","finished","-","","","2025-05-15T07:45:38.000Z","1835","","77.15664781937093","75.62409656508659","84.41538312298","81.5407411042472","64.16977096994563","57.36441815006593","45.12649465994301","35.3218187441019","86.70171026127751","84.24481926542094","58.848549523838386","48.01487652237999","67.15115810901781","57.3305463263411","72.99544485445992","35.53993666952738","50.945641812428434","33.00150448261828","55.915770752100194","53.55130878386692","66.18862697829738","56.990131167292866","82.02298516904344","78.19306585775504","45.048571630985016","26.871415663903157","47.693721726621355","26.445010415248007","29.673312811099","25.940747956807193","35.7609217993229","29.943944260648863","45.010144428605294","39.45398408612968","83.19339118037169","81.02113644591319","56.10084565695186","40.14933136192364","48","0.32471830144752073","0.000005518918645844864","","","","0.32471830144752073","","60.74311017192946","","","","","","0.4090556100813929","","50.87067546469884","","[75.62409656508659,56.990131167292866,78.19306585775504,26.871415663903157,26.445010415248007,25.940747956807193,29.943944260648863,39.45398408612968,81.02113644591319,40.14933136192364,81.5407411042472,57.36441815006593,35.3218187441019,84.24481926542094,48.01487652237999,57.3305463263411,35.53993666952738,33.00150448261828,53.55130878386692]",""
"epoch_47","finished","-","","","2025-05-15T07:15:07.000Z","1830","","77.1399521785688","75.56223917173034","84.45079655995428","81.4053553669755","63.93459092668914","57.387285606996585","45.005090311329575","35.37651138459547","86.57414080662782","84.00648452836029","59.099646277036165","46.30762807317357","65.93572913611416","56.877080947433086","72.08654032656227","34.060089333612545","50.09568896855432","34.113956836361425","55.866084677163265","54.5129682042412","65.91206058195547","56.91222521972888","81.96892992162961","77.86613305211449","44.229907464377746","27.6161954682142","47.626818984178605","26.829795386041106","29.46364458167569","25.85426742715054","35.54321916375539","30.16503734321862","44.484146933357145","39.469098820214306","83.10826485612478","81.25055667438423","55.94302649751113","39.62282044114096","47","0.324647716068812","0.000007949432487547622","","","","0.324647716068812","","60.44569890279818","","","","","","0.40871654299204935","","50.7997752255625","","[75.56223917173034,56.91222521972888,77.86613305211449,27.6161954682142,26.829795386041106,25.85426742715054,30.16503734321862,39.469098820214306,81.25055667438423,39.62282044114096,81.4053553669755,57.387285606996585,35.37651138459547,84.00648452836029,46.30762807317357,56.877080947433086,34.060089333612545,34.113956836361425,54.5129682042412]",""
"epoch_46","finished","-","","","2025-05-15T06:43:55.000Z","1871","","77.12222944252548","75.61993212126177","84.36295492470948","81.4363956482062","63.926016896212914","56.879852022972614","45.09155968834796","34.98749483882674","86.59836119211623","83.87554327258002","59.151476754736834","47.419505695705496","66.69599078772293","56.605715011727256","73.59414241170546","30.979731851528395","50.42867498787146","32.765865618050256","55.561388124656354","54.07230942433873","66.05698037647426","56.80648384483001","82.00191573156164","78.17822295645922","44.19780979130037","27.37708973444284","47.81827295411936","26.821989510408017","29.485065809473593","26.032188046909567","35.55153761399746","29.797091266020693","44.627556772579915","39.34596410939372","83.03226817734412","81.03512426765357","55.82576818371645","40.186504419547894","46","0.32568825479909663","0.000010298666348361789","","","","0.32568825479909663","","60.585787927430125","","","","","","0.408807485581872","","50.53805282425595","","[75.61993212126177,56.80648384483001,78.17822295645922,27.37708973444284,26.821989510408017,26.032188046909567,29.797091266020693,39.34596410939372,81.03512426765357,40.186504419547894,81.4363956482062,56.879852022972614,34.98749483882674,83.87554327258002,47.419505695705496,56.605715011727256,30.979731851528395,32.765865618050256,54.07230942433873]",""
"epoch_45","finished","-","","","2025-05-14T19:59:32.000Z","1784","","77.10519946193514","75.6479412740443","84.36907625675529","81.11096029676027","63.85637499682743","57.64366682463849","44.88697181557366","35.37156496107465","86.56083128649706","84.02544871800679","57.473581058830206","46.345069808770944","64.40385135097651","57.46171850890309","71.00152570091808","35.9883987861278","49.31809894250638","31.898148413622252","55.65450788403681","53.77262316527453","66.05496733270972","56.92173379148146","82.0477055478447","78.0447811789644","45.51877905820741","27.30650312618249","47.36251182601749","26.73438378250103","29.429885453185246","25.592911044515","35.759839114286805","29.594875533414093","44.69792004747292","39.27134105606165","83.1206660808645","81.16262274241922","55.82350668487136","39.99942264692996","45","0.32557866745095215","0.000012589254117941671","","","","0.32557866745095215","","60.23398946843772","","","","","","0.4091632864075507","","50.73126924524697","","[75.6479412740443,56.92173379148146,78.0447811789644,27.30650312618249,26.73438378250103,25.592911044515,29.594875533414093,39.27134105606165,81.16262274241922,39.99942264692996,81.11096029676027,57.64366682463849,35.37156496107465,84.02544871800679,46.345069808770944,57.46171850890309,35.9883987861278,31.898148413622252,53.77262316527453]",""
"epoch_44","finished","-","","","2025-05-14T19:30:24.000Z","1748","","77.12731406417139","75.60650567834928","84.3570704844489","81.49577490477547","64.07968079669249","57.32396647711288","44.81164731692603","35.22296093386281","86.64235707418233","84.21911199007921","58.31432745510969","47.73258556043407","66.64178099108607","57.266757658209634","72.56976279214653","35.42355012927657","50.38853182175059","32.846219984032416","55.73553057193414","53.48237231550777","66.00791480732958","56.91435192413725","81.95691016413528","78.15790329424495","44.64964202932839","26.729121740613255","47.32673780060605","26.385443224089077","29.559936779810204","25.88357037568224","35.564743432783175","29.824925192563057","44.8111240775784","39.34347169083368","83.12793560821324","80.99135852742488","55.80680286006354","40.09611444734744","44","0.3265663862285268","0.000014834165549752874","","","","0.3265663862285268","","60.49893425938399","","","","","","0.40982952071521095","","50.786635055188206","","[75.60650567834928,56.91435192413725,78.15790329424495,26.729121740613255,26.385443224089077,25.88357037568224,29.824925192563057,39.34347169083368,80.99135852742488,40.09611444734744,81.49577490477547,57.32396647711288,35.22296093386281,84.21911199007921,47.73258556043407,57.266757658209634,35.42355012927657,32.846219984032416,53.48237231550777]",""
"epoch_43","finished","-","","","2025-05-14T19:01:23.000Z","1740","","77.10240617631545","75.54736107594759","84.382598964974","81.34888905402393","63.81184899259304","57.3040465317798","44.68382693628874","35.231947293586444","86.49045300514133","83.96297627551706","58.577173831947334","46.0658263047669","65.22135794500474","56.67573700320656","71.60556976101496","33.60138229732551","49.82787559018943","34.097287332941335","55.71933094812071","54.4352820652084","65.69780360775454","56.80688295763979","81.89555626118421","77.8073231785342","43.72163834165481","27.436453453777247","47.22076777140424","26.771595029086004","29.331642551592218","25.766034241608217","35.31344590402574","30.06123049346988","44.235854622514005","39.33586552879824","83.02738903809819","81.20904460234337","55.59595507539032","39.56740498945479","43","0.32684862917957413","0.000017041790893331676","","","","0.32684862917957413","","60.18223659606358","","","","","","0.4098901313222097","","50.685924721527115","","[75.54736107594759,56.80688295763979,77.8073231785342,27.436453453777247,26.771595029086004,25.766034241608217,30.06123049346988,39.33586552879824,81.20904460234337,39.56740498945479,81.34888905402393,57.3040465317798,35.231947293586444,83.96297627551706,46.0658263047669,56.67573700320656,33.60138229732551,34.097287332941335,54.4352820652084]",""
"epoch_42","finished","-","","","2025-05-14T18:31:55.000Z","1767","","77.07626252572285","75.59935904148338","84.29179305099244","81.37269591465865","63.788350126538006","56.8153376602685","44.62731551811368","34.878308102147855","86.51359487021755","83.81997433183201","58.5233146661842","47.193344955984585","65.99460112205303","56.40117513869012","73.04708086337357","30.49173479739809","50.33858089877544","33.03887733064463","55.30312341713437","53.98744130008285","65.82708475714686","56.69746176518029","81.92774762021506","78.1339559455379","43.62568552959045","27.13579734268917","47.33720157047324","26.71904955132589","29.320313142589058","25.942099663060823","35.32256334341679","29.633571353986778","44.3085464067145","39.17226335266049","82.92926812445283","80.98326732435707","55.44555050634421","40.10640518537946","42","0.3281991352959899","0.000019217990943702904","","","","0.3281991352959899","","60.29199884526569","","","","","","0.4100641194217933","","50.42748000301939","","[75.59935904148338,56.69746176518029,78.1339559455379,27.13579734268917,26.71904955132589,25.942099663060823,29.633571353986778,39.17226335266049,80.98326732435707,40.10640518537946,81.37269591465865,56.8153376602685,34.878308102147855,83.81997433183201,47.193344955984585,56.40117513869012,30.49173479739809,33.03887733064463,53.98744130008285]",""
"epoch_41","finished","-","","","2025-05-14T16:58:14.000Z","1896","","77.11151635594304","75.54495689842142","84.27152665545876","81.3595344155169","63.924215828110775","57.31192525091146","45.235074385046424","34.81079502196786","86.54252306111655","84.016645995655","57.70184318459377","47.63509398298854","66.40128107179353","56.94869569389259","71.2056550736061","34.56680965303918","50.8201148946265","32.331612771109","55.92919860509869","53.65304494658509","65.60100589251822","56.89511470447638","81.96403749274282","78.18601828655194","44.695559537593475","25.929848162316897","47.37602160102151","26.398600325003923","29.306567973016485","25.692556856345007","35.95424818280027","28.838489843714186","44.38020050992874","39.13717162336236","82.95103759353194","80.7297271892715","55.828523680729035","40.26420823144979","41","0.3266527831042541","0.00002136708386445385","","","","0.3266527831042541","","60.37895534627771","","","","","","0.41107328441328633","","50.53951841329363","","[75.54495689842142,56.89511470447638,78.18601828655194,25.929848162316897,26.398600325003923,25.692556856345007,28.838489843714186,39.13717162336236,80.7297271892715,40.26420823144979,81.3595344155169,57.31192525091146,34.81079502196786,84.016645995655,47.63509398298854,56.94869569389259,34.56680965303918,32.331612771109,53.65304494658509]",""
"epoch_40","finished","-","","","2025-05-14T16:27:14.000Z","1860","","77.06235170028255","75.54257514293296","84.19517153239217","81.02983626477268","63.92813177794713","57.0907661902466","44.51377093705152","34.90997170820724","86.48657469497991","84.21456184891372","58.15677969866269","46.7808987550937","65.39139930120726","57.05016357688113","71.4145638099227","35.46714648627294","50.22082612324018","33.44189208416991","55.99152392909533","54.31570942624605","65.57168238305505","56.851402108640315","81.92013120933383","78.03333791600639","44.26054977783241","26.25334430208125","46.66203090096505","26.95602278399522","29.333909489725656","25.889203147869765","35.386457823638665","28.947234744236145","44.31536180876983","39.32460222445354","83.0004749968505","80.88962188972427","55.70697593224564","40.32944968829113","40","0.3283927992327523","0.000023492378861760376","","","","0.3283927992327523","","60.18519304353675","","","","","","0.408381031480378","","50.70093369942289","","[75.54257514293296,56.851402108640315,78.03333791600639,26.25334430208125,26.95602278399522,25.889203147869765,28.947234744236145,39.32460222445354,80.88962188972427,40.32944968829113,81.02983626477268,57.0907661902466,34.90997170820724,84.21456184891372,46.7808987550937,57.05016357688113,35.46714648627294,33.44189208416991,54.31570942624605]",""
"epoch_39","finished","-","","","2025-05-14T15:56:26.000Z","1847","","77.08112916951777","75.57174751415741","84.1637919721182","81.45770148652194","63.61176324551515","57.00210472206387","44.79702265320532","34.83855851399637","86.57366237956332","83.8316245099321","57.78161705026533","47.17602887621257","64.96461738678609","57.044041464301685","70.03406466229168","33.6413935847922","49.90064871452704","32.35159054855138","55.420477989317305","52.92113216794642","65.62870585529149","56.678416741086814","81.83901172103295","78.11218014171592","43.8022664194463","27.2557591374096","46.60622462888037","26.912336931798723","29.285654861621097","25.710423558889357","35.41123517066927","29.693966514721787","44.14714710924164","39.024335653146224","83.01562139083998","81.01542665886974","55.709190912993066","39.85316894090553","39","0.3289922946168266","0.000025596489844146203","","","","0.3289922946168266","","59.98809754174334","","","","","","0.41068705595182087","","50.53115461405367","","[75.57174751415741,56.678416741086814,78.11218014171592,27.2557591374096,26.912336931798723,25.710423558889357,29.693966514721787,39.024335653146224,81.01542665886974,39.85316894090553,81.45770148652194,57.00210472206387,34.83855851399637,83.8316245099321,47.17602887621257,57.044041464301685,33.6413935847922,32.35159054855138,52.92113216794642]",""
"epoch_38","finished","-","","","2025-05-14T15:24:54.000Z","1891","","77.05164288717961","75.62533301064133","84.2291189457345","81.10511444929192","63.57616400616848","57.33672983862803","43.88002429074067","34.64694961558885","86.44774390768549","84.09493362721192","57.87182115965606","47.0969381785612","66.60349965614732","57.36290086233693","69.37893689429255","38.267409817044104","49.83571331211263","33.34206792530005","55.469054351405575","53.48435463521953","65.44046800047724","56.67920396518868","81.75369214908841","77.77501240282919","42.64772097586844","27.30674290082829","46.62800509142136","26.164977858290055","29.186266492944817","25.195273635640607","35.188320252535085","29.281341980474963","44.207814260806","38.97117390110479","82.90161408653069","80.89015577980201","55.542164385873726","39.911762451100614","38","0.32983058267308557","0.00002768153171967635","","","","0.32983058267308557","","59.88630447929834","","","","","","0.41300259717924154","","50.76517772816228","","[75.62533301064133,56.67920396518868,77.77501240282919,27.30674290082829,26.164977858290055,25.195273635640607,29.281341980474963,38.97117390110479,80.89015577980201,39.911762451100614,81.10511444929192,57.33672983862803,34.64694961558885,84.09493362721192,47.0969381785612,57.36290086233693,38.267409817044104,33.34206792530005,53.48435463521953]",""
"epoch_37","finished","-","","","2025-05-14T14:25:54.000Z","1741","","77.0454766625469","75.53750428074937","84.2219474088464","81.22323574865106","63.47815006286578","57.47255037881621","44.00380712762693","34.73000360920624","86.44182221417344","83.85745937146832","56.837236235918375","46.94460956925136","65.02280850187712","56.298506866483464","69.82147839590935","30.12446337748483","49.36177947783754","34.197081447247626","55.017489137631415","53.74631036112234","65.13084414405331","56.736458787370616","81.74334499900252","77.84863500123342","43.454386421933","25.91078720398408","47.40047654236623","26.54112024299897","29.132753220719977","25.208188719151988","35.372087500443264","29.26588928556911","43.95157993493","38.844088652593335","82.8437942254181","80.78828087462456","55.23834756996327","39.569225476849205","37","0.33186735713299903","0.000029749249441556528","","","","0.33186735713299903","","59.76418998863488","","","","","","0.41611332682792296","","50.25496838183454","","[75.53750428074937,56.736458787370616,77.84863500123342,25.91078720398408,26.54112024299897,25.208188719151988,29.26588928556911,38.844088652593335,80.78828087462456,39.569225476849205,81.22323574865106,57.47255037881621,34.73000360920624,83.85745937146832,46.94460956925136,56.298506866483464,30.12446337748483,34.197081447247626,53.74631036112234]",""
"epoch_36","finished","-","","","2025-05-14T13:56:36.000Z","1757","","77.05177183699496","75.54373164671458","83.9872029058981","81.18965209290859","63.70403526635785","57.32087063366684","43.55798634760429","35.01502742254712","86.36102151540398","83.98218604466294","57.317796908723096","46.7211628804566","66.48893193676506","57.05403889708354","70.33342691885159","35.088444322858145","50.16291085793767","33.46150725035736","55.28207991296736","53.823055458637846","65.22618661774715","56.45006837578059","81.69062355499968","77.84182025099798","42.29789242358887","27.438139323951983","46.21118994391715","26.189593856659577","29.03499176423659","25.65645482655154","34.64722072148474","29.60502187454928","43.83215504099945","38.92311913254047","82.79776182052318","80.96146350083127","54.84898181334431","39.761230085873514","36","0.33360239937332753","0.00003180110627669995","","","","0.33360239937332753","","59.72811411096553","","","","","","0.4131353549257724","","50.632978309348935","","[75.54373164671458,56.45006837578059,77.84182025099798,27.438139323951983,26.189593856659577,25.65645482655154,29.60502187454928,38.92311913254047,80.96146350083127,39.761230085873514,81.18965209290859,57.32087063366684,35.01502742254712,83.98218604466294,46.7211628804566,57.05403889708354,35.088444322858145,33.46150725035736,53.823055458637846]",""
"epoch_35","finished","-","","","2025-05-14T13:27:11.000Z","1765","","77.0041790479","75.5435460022815","84.10308221272173","81.22409143255149","63.52717132047978","56.86697746966216","43.587120290017175","34.56552105363701","86.335961303943","83.92686846561462","56.52857344801561","46.494973437811915","64.75216745257376","57.1681420628171","71.01100401493457","36.24166794524283","49.23854768098471","33.301204819277096","54.791205828082845","53.9084827290875","65.49108163485319","56.28486335730701","81.68170119768656","77.80414682702312","43.15144935690786","26.26139220064316","45.89092881871289","26.182359000638098","29.03360802885457","25.88932783198257","34.66009991933734","28.905364435598024","43.51270595323529","38.80363268715452","82.85530278750167","80.78822831185403","55.00752239337251","39.83083681925939","35","0.332409082705738","0.000033838346190164985","","","","0.332409082705738","","59.58754803632185","","","","","","0.4159130866299132","","50.525875099444384","","[75.5435460022815,56.28486335730701,77.80414682702312,26.26139220064316,26.182359000638098,25.88932783198257,28.905364435598024,38.80363268715452,80.78822831185403,39.83083681925939,81.22409143255149,56.86697746966216,34.56552105363701,83.92686846561462,46.494973437811915,57.1681420628171,36.24166794524283,33.301204819277096,53.9084827290875]",""
"epoch_34","finished","-","","","2025-05-14T12:57:57.000Z","1754","","76.98311255426333","75.46717975939794","84.03057805259446","81.12433111234554","63.44879305970474","57.06152589136161","43.93918214815458","34.26907903250983","86.25267369515211","83.84521391430079","55.50376336295021","46.69079514753293","64.95439493592514","56.53119116530092","69.59161204632201","33.69697039865003","49.40664594636638","32.095421102326085","55.26850776908091","53.26309888975326","64.90323618809623","56.497348147305715","81.68680559181126","78.02978044415224","43.13183622409668","25.24879932757041","46.02642762417431","25.93107663249884","28.84198309383532","25.401646815445964","35.04184173080119","28.13576686964496","43.612096040239166","38.56035678219568","82.6635017483451","80.51433974461659","54.73497122187627","39.92251946911461","34","0.3341712416753969","0.00003586203916306077","","","","0.3341712416753969","","59.47484015967314","","","","","","0.4154306275402001","","50.12033898136968","","[75.46717975939794,56.497348147305715,78.02978044415224,25.24879932757041,25.93107663249884,25.401646815445964,28.13576686964496,38.56035678219568,80.51433974461659,39.92251946911461,81.12433111234554,57.06152589136161,34.26907903250983,83.84521391430079,46.69079514753293,56.53119116530092,33.69697039865003,32.095421102326085,53.26309888975326]",""
"epoch_33","finished","-","","","2025-05-14T12:28:30.000Z","1767","","76.9242983005629","75.46379319090953","83.92430355227799","80.8098349243188","63.41088865267037","56.760688546036384","42.990600201588414","34.347773019661204","86.18104123052412","84.01568845543024","55.75042543826449","45.9599869736462","63.81875001493634","56.57756442958382","69.81907769700103","34.40100311033065","48.625446847728135","33.01051813406545","55.32945736434108","54.0456333212463","64.80593371865807","56.41106994939323","81.617956047116","77.85604960605235","42.62940568277275","25.50666336468205","45.16820208220435","26.51908200487867","28.832993563946047","25.54387945178088","34.47321807142565","28.115847496081177","43.42517918207418","38.68988587966912","82.7002137405915","80.6875859252814","54.538932469217414","39.907497162213296","33","0.3365777296988109","0.00003787311489165393","","","","0.3365777296988109","","59.208753887257934","","","","","","0.4132212509295184","","50.24368657606636","","[75.46379319090953,56.41106994939323,77.85604960605235,25.50666336468205,26.51908200487867,25.54387945178088,28.115847496081177,38.68988587966912,80.6875859252814,39.907497162213296,80.8098349243188,56.760688546036384,34.347773019661204,84.01568845543024,45.9599869736462,56.57756442958382,34.40100311033065,33.01051813406545,54.0456333212463]",""
"epoch_32","finished","-","","","2025-05-14T11:59:08.000Z","1762","","76.92894782206149","75.49141819347561","83.85549185046726","81.1948955115308","63.02968230169015","56.681475662116235","43.170126267896926","34.258847088302495","86.24333367321054","83.61722382085378","55.41373870643912","46.42876867908575","62.98158270208778","56.53907343659359","68.0309401370203","32.311495036403514","48.202802579515826","31.89440728030286","54.64304042287198","52.602629542688405","64.81721900301861","56.201098346539005","81.51186114631098","77.89975165511802","42.06067476600611","26.441916849753326","45.07501619995446","26.44740431908713","28.74617816065832","25.3765842154357","34.32987454219922","28.918051536116163","43.16874036599196","38.35840854790036","82.69974769402337","80.80925277022789","54.44155630095656","39.37688716073339","32","0.3377590764399248","0.00003987238835693844","","","","0.3377590764399248","","58.91318708644109","","","","","","0.415726196444677","","50.044715244856","","[75.49141819347561,56.201098346539005,77.89975165511802,26.441916849753326,26.44740431908713,25.3765842154357,28.918051536116163,38.35840854790036,80.80925277022789,39.37688716073339,81.1948955115308,56.681475662116235,34.258847088302495,83.61722382085378,46.42876867908575,56.53907343659359,32.311495036403514,31.89440728030286,52.602629542688405]",""
"epoch_31","finished","-","","","2025-05-14T11:29:23.000Z","1784","","76.88813427666634","75.53931597698626","83.90818816925322","80.80473752772203","62.97983964369581","57.00699920490568","42.115747522591654","33.980351238291256","86.07006965662623","83.868423212793","55.53460822769881","46.215893157492935","64.44328820008501","56.723338895563955","67.03858424359719","36.87367688553903","48.05921623611674","32.53636505217254","54.66762802761331","53.037628347349965","64.54401954446298","56.15644979889684","81.41518566611654","77.55484868523472","40.88652290220108","26.423594579905107","44.84691363940416","25.602257357288412","28.63190309819438","24.8277759051752","34.09670646889681","28.358465754771466","43.185381970540696","38.227932855572035","82.55061280004531","80.66911666893346","54.215305084231325","39.39364401313055","31","0.3392873968616242","0.00004186057956972281","","","","0.3392873968616242","","58.74093975673881","","","","","","0.41869593541065375","","50.200042900932864","","[75.53931597698626,56.15644979889684,77.55484868523472,26.423594579905107,25.602257357288412,24.8277759051752,28.358465754771466,38.227932855572035,80.66911666893346,39.39364401313055,80.80473752772203,57.00699920490568,33.980351238291256,83.868423212793,46.215893157492935,56.723338895563955,36.87367688553903,32.53636505217254,53.037628347349965]",""
"epoch_30","finished","-","","","2025-05-14T10:32:42.000Z","1788","","76.85462137439849","75.50325723096825","83.76032183484708","81.00367673434661","62.93049357053487","56.84336790203825","41.900344638773475","34.3865089135328","85.92326736374397","83.28010327450842","54.31575282014508","45.62741166771548","62.737321313900395","55.07188247685879","67.85958261075608","28.72281829135348","47.23621768864288","31.744443796301685","54.23550953731162","53.05092184272144","64.5726441089008","55.94154444181174","81.32723488269806","77.9211496040469","40.18356084739981","25.310650373522297","44.8891514606448","25.623057016548636","28.557789003193097","25.121534782219367","33.85633099157927","27.94955426883341","43.09928935261796","37.89776454897773","82.54801361940636","80.49259198715139","53.54820133709491","39.298212144336645","30","0.3429816875407714","0.0000438383290554087","","","","0.3429816875407714","","58.438718334557315","","","","","","0.4201506403035032","","49.51528691041018","","[75.50325723096825,55.94154444181174,77.9211496040469,25.310650373522297,25.623057016548636,25.121534782219367,27.94955426883341,37.89776454897773,80.49259198715139,39.298212144336645,81.00367673434661,56.84336790203825,34.3865089135328,83.28010327450842,45.62741166771548,55.07188247685879,28.72281829135348,31.744443796301685,53.05092184272144]",""
"epoch_29","finished","-","","","2025-05-14T10:02:49.000Z","1793","","76.8349598636355","75.42202785574155","83.80139278117177","80.86238058412029","62.708555175954174","57.07322924412931","41.98966433594764","33.950011851343284","85.97124727686847","83.57807540311636","53.278367111074424","45.58181901165201","62.32349991815641","55.5694216881084","67.03354117990892","28.629514182927625","47.01646744905795","33.836278417082","53.96723318838505","53.18107256704504","63.9966060442438","56.08212431204551","81.27321901665057","77.53602420262526","41.09189787928885","24.887601287780193","45.18950009469223","25.86330143977","28.39113399095343","24.71385812000042","33.93984908895169","28.17913892094032","42.65392291504611","37.90620504852928","82.3833105411132","80.50172789322092","53.56534304199373","38.91809669165441","29","0.34397477636696727","0.00004580621016515332","","","","0.34397477636696727","","58.28472162595231","","","","","","0.4233960677049831","","49.59325835378064","","[75.42202785574155,56.08212431204551,77.53602420262526,24.887601287780193,25.86330143977,24.71385812000042,28.17913892094032,37.90620504852928,80.50172789322092,38.91809669165441,80.86238058412029,57.07322924412931,33.950011851343284,83.57807540311636,45.58181901165201,55.5694216881084,28.629514182927625,33.836278417082,53.18107256704504]",""
"epoch_28","finished","-","","","2025-05-14T09:32:54.000Z","1795","","76.82671141788646","75.41898471951258","83.52518811089388","80.79888284575625","62.84811696364467","56.86203190832384","41.24111655110803","34.04454711310031","85.84473206598582","83.64529785395459","53.49784035240235","45.30489844430028","63.6179003794495","56.13069515658721","67.41850184217382","33.040457940080756","47.51147852306348","32.57432585334825","54.08344657657758","53.22177814753331","64.01589421973766","55.70339011055244","81.21189970232565","77.48177013375471","39.83359247619556","26.128404036100644","43.991603452726025","25.497910241149423","28.231361221478075","25.129038439976743","32.95535096645647","28.36803363176669","42.43489346339006","37.91144347226002","82.29150737127256","80.64904591908349","52.975517356821086","39.11889999270552","28","0.3465889787855949","0.00004776473898425048","","","","0.3465889787855949","","58.124034369136254","","","","","","0.4211088554587907","","49.84367557683405","","[75.41898471951258,55.70339011055244,77.48177013375471,26.128404036100644,25.497910241149423,25.129038439976743,28.36803363176669,37.91144347226002,80.64904591908349,39.11889999270552,80.79888284575625,56.86203190832384,34.04454711310031,83.64529785395459,45.30489844430028,56.13069515658721,33.040457940080756,32.57432585334825,53.22177814753331]",""
"epoch_27","finished","-","","","2025-05-14T09:03:02.000Z","1792","","76.77088930630308","75.40724462047635","83.64099022001481","80.79054022866823","62.629487438305944","56.36078221831233","41.09061747161738","33.50681021834236","85.8038319401928","83.54514642064359","52.68723317677405","44.86270486322072","61.55010586809455","56.12690201934016","68.0179033875724","34.75234029131134","46.544574742178334","32.637673009827836","53.59908944246293","53.24306211285187","64.20116629080238","55.442646603552745","81.1591907010612","77.43506579765908","40.630883599393925","24.90207393143764","43.477801215328185","25.324453656009023","28.14655343098681","25.340154310568895","32.96618817463645","27.60582682434873","42.02639507924398","37.69682014173685","82.33785571248788","80.44859918327053","53.041902901629854","39.09461761812205","27","0.34627467641279897","0.00004971438239473717","","","","0.34627467641279897","","57.91171895258353","","","","","","0.42478463267851735","","49.711761266826336","","[75.40724462047635,55.442646603552745,77.43506579765908,24.90207393143764,25.324453656009023,25.340154310568895,27.60582682434873,37.69682014173685,80.44859918327053,39.09461761812205,80.79054022866823,56.36078221831233,33.50681021834236,83.54514642064359,44.86270486322072,56.12690201934016,34.75234029131134,32.637673009827836,53.24306211285187]",""
"epoch_26","finished","-","","","2025-05-14T08:33:03.000Z","1799","","76.72514355936796","75.30308457663463","83.52564426179421","80.63438462649721","62.49207389720856","56.48542686138474","41.4178635217089","33.200444440966805","85.67030098060174","83.48317002484963","51.113338449143505","44.729003408768584","61.92542759153721","55.456003067324275","66.23774729356172","31.96159395906168","46.493938599932086","31.08776413241522","53.98219444889419","52.541661079066195","63.5476635415958","55.63212853778408","81.12908941222102","77.65338273020716","40.20046793378626","23.8650667649743","43.53952386505855","25.088334004175632","27.912724884802365","24.744759648914417","33.263370369047195","26.7344727647011","42.066241555388935","37.37282511206458","82.09598139259661","80.07910818886234","52.70131625439865","39.18971914047015","26","0.3489290398495798","0.0000516555647014613","","","","0.3489290398495798","","57.68631851645502","","","","","","0.42520264023078413","","49.223280687848565","","[75.30308457663463,55.63212853778408,77.65338273020716,23.8650667649743,25.088334004175632,24.744759648914417,26.7344727647011,37.37282511206458,80.07910818886234,39.18971914047015,80.63438462649721,56.48542686138474,33.200444440966805,83.48317002484963,44.729003408768584,55.456003067324275,31.96159395906168,31.08776413241522,52.541661079066195]",""
"epoch_25","finished","-","","","2025-05-14T08:03:13.000Z","1789","","76.6528802338151","75.30569389556156","83.37578273849115","80.31477209465552","62.36595336416168","56.11880040313893","40.132672646592546","33.16865673927581","85.56912551950475","83.6025875717636","51.4151094925933","43.918322776571785","60.4966880126818","55.35072384402601","66.49508188245635","32.308492828378796","45.51967151945239","31.75134996457105","53.99236593040353","53.33880704850099","63.36017366461578","55.519576150389405","81.01464724911699","77.4574204639487","39.67122294886426","24.00195378588261","42.434211836817035","25.69580183917764","27.817115685518","24.84670401450042","32.57726826142108","26.510263487702147","41.69962055906959","37.40223326755475","82.10321797850969","80.27082762958892","52.37650163474705","39.0275519399123","25","0.3524579508158997","0.00005358867312681466","","","","0.3524579508158997","","57.319437429412226","","","","","","0.4237793776803388","","49.25844946026847","","[75.30569389556156,55.519576150389405,77.4574204639487,24.00195378588261,25.69580183917764,24.84670401450042,26.510263487702147,37.40223326755475,80.27082762958892,39.0275519399123,80.31477209465552,56.11880040313893,33.16865673927581,83.6025875717636,43.918322776571785,55.35072384402601,32.308492828378796,31.75134996457105,53.33880704850099]",""
"epoch_24","finished","-","","","2025-05-14T07:33:31.000Z","1782","","76.63279727278265","75.32117671813685","83.24358647837433","80.64646228409062","61.86391919001808","55.96693627733727","40.02605376339958","32.9682147592031","85.58041815555661","83.1642578018361","50.559715282435945","44.67410104824182","59.09320164826648","55.32949665720495","64.01150378084178","29.93223817560404","44.8766947590378","30.794805737362474","53.155303265228504","51.85900290690613","63.26318583501982","55.188140259063154","80.87571356555594","77.45130224450583","38.962185371203226","24.75320517655765","42.41376998774272","25.574782556742203","27.6399878713386","24.65845692869969","32.19347194399978","27.24262689062459","41.30097830866801","36.97762320418029","82.07003183537503","80.37579195898216","52.15746111373144","38.362898330497025","24","0.35466168923232394","0.00005551406240486037","","","","0.35466168923232394","","56.83789365413559","","","","","","0.4267901794282262","","49.012711574514526","","[75.32117671813685,55.188140259063154,77.45130224450583,24.75320517655765,25.574782556742203,24.65845692869969,27.24262689062459,36.97762320418029,80.37579195898216,38.362898330497025,80.64646228409062,55.96693627733727,32.9682147592031,83.1642578018361,44.67410104824182,55.32949665720495,29.93223817560404,30.794805737362474,51.85900290690613]",""
"epoch_23","finished","-","","","2025-05-14T07:03:15.000Z","1816","","76.57496949185338","75.34976281210017","83.27878318956644","80.19515017116437","61.75845405628246","56.25756190283463","38.71015576402284","32.45208540318062","85.34581767163975","83.36574372038527","50.21633599245619","44.016280806722214","60.48474548523273","55.06191432396251","62.638346953299475","34.06595634968915","44.01140146152963","30.749266395828194","53.06826300802485","52.06526745180605","62.90979607228891","55.085525547956394","80.74284682835601","77.07399099130606","37.67764026229876","24.63620141797952","41.9099587450394","24.6402939347878","27.396938164726777","24.02947165996494","31.78591002267867","26.541602423598636","41.241611186469854","36.676442197374065","81.86023911105197","80.2010488938261","51.88038719442638","38.48367943739978","23","0.3574761407634684","0.00005743205865145341","","","","0.3574761407634684","","56.49961056111813","","","","","","0.4312091419796744","","48.99722346536139","","[75.34976281210017,55.085525547956394,77.07399099130606,24.63620141797952,24.6402939347878,24.02947165996494,26.541602423598636,36.676442197374065,80.2010488938261,38.48367943739978,80.19515017116437,56.25756190283463,32.45208540318062,83.36574372038527,44.016280806722214,55.06191432396251,34.06595634968915,30.749266395828194,52.06526745180605]",""
"epoch_22","finished","-","","","2025-05-13T19:46:18.000Z","1746","","76.5247503395522","75.30610277022237","83.18747652434094","80.09060174422025","61.77083439510584","56.39822228740705","39.140858681734215","32.534470923844246","85.18724629575348","83.05723433824488","48.78887354974171","43.11249909435035","58.75962491128981","54.029600823221024","64.09720816778687","30.03240701689463","44.25494619175563","32.8759873772516","52.261593446686035","51.99802459332494","62.65704598973921","54.63806771875232","80.66247733883716","76.74237661900612","38.150756997730035","24.272368294327265","41.39751462165853","24.661754937075084","27.180295880557885","24.19828614209113","31.520871736854456","26.636346341195587","40.73432587118203","36.66372029729282","81.77160867452545","80.18743117421796","51.23400455202294","37.14276553938415","22","0.36070468464425504","0.0000593429626470586","","","","0.36070468464425504","","56.2780165350976","","","","","","0.4354693118683592","","48.6620141069644","","[75.30610277022237,54.63806771875232,76.74237661900612,24.272368294327265,24.661754937075084,24.19828614209113,26.636346341195587,36.66372029729282,80.18743117421796,37.14276553938415,80.09060174422025,56.39822228740705,32.534470923844246,83.05723433824488,43.11249909435035,54.029600823221024,30.03240701689463,32.8759873772516,51.99802459332494]",""
"epoch_21","finished","-","","","2025-05-13T19:17:12.000Z","1745","","76.52439227131957","75.13587582328441","83.14980779264434","80.07895046034797","61.51993895500313","56.07772666734731","38.59298260191896","32.53047851361211","85.2548620125926","82.80348853313548","47.78503899272426","41.80956621910726","58.68409240552457","53.955596120323","62.0227726564938","26.970735259558833","43.90841385631899","29.008247246466603","52.64325551113538","51.47847375404092","62.57162171254923","54.74947998156831","80.65396573785593","77.1694734183917","37.992999817164694","23.356519693887773","41.2469458644669","24.944478838004816","27.13160057847281","24.000545790329312","31.19670145728717","25.80544464706643","40.51905129110072","36.219164995109026","81.7302768297413","79.99179593045025","50.93578737224126","37.95461163848285","21","0.3610687957408319","0.00006124705263919325","","","","0.3610687957408319","","56.0033951429766","","","","","","0.4349421633931691","","48.10740281739549","","[75.13587582328441,54.74947998156831,77.1694734183917,23.356519693887773,24.944478838004816,24.000545790329312,25.80544464706643,36.219164995109026,79.99179593045025,37.95461163848285,80.07895046034797,56.07772666734731,32.53047851361211,82.80348853313548,41.80956621910726,53.955596120323,26.970735259558833,29.008247246466603,51.47847375404092]",""
"epoch_20","finished","-","","","2025-05-13T18:48:10.000Z","1741","","76.46224112004867","75.14111763257317","82.81327456008539","79.88126328157107","61.13529122898297","55.954522710677104","38.41077938258502","32.111418243674244","84.84909781972412","82.75808633806606","47.16116902978895","42.07813906423734","56.407839018121294","54.15739558946988","62.70670710962245","25.963218153805613","43.28850549388984","29.112878100321023","52.07701714997419","51.74269845298254","62.102875298170005","54.33835024255185","80.444100510622","76.98737645239015","36.94963454252672","22.67205964298753","41.10450989543254","24.161937718500035","26.84978557381083","23.38308416773107","30.50652039550187","25.579166065039864","40.30643946910929","35.95120392382815","81.56942530448805","79.91046244666765","49.85734496682023","37.828869510999816","20","0.36686696860057705","0.00006314458674893553","","","","0.36686696860057705","","55.526450414173915","","","","","","0.4388237035203123","","47.87964461779338","","[75.14111763257317,54.33835024255185,76.98737645239015,22.67205964298753,24.161937718500035,23.38308416773107,25.579166065039864,35.95120392382815,79.91046244666765,37.828869510999816,79.88126328157107,55.954522710677104,32.111418243674244,82.75808633806606,42.07813906423734,54.15739558946988,25.963218153805613,29.112878100321023,51.74269845298254]",""
"epoch_19","finished","-","","","2025-05-13T18:19:01.000Z","1748","","76.38650526299237","75.08780406541464","82.68821930272694","79.91094611016416","61.01477374311022","55.5263135663339","37.43317349656804","31.380556468787912","84.85251232729728","83.01945359503004","46.33663952468342","42.38491064028389","55.819195899091525","53.56369290110268","62.29386775770897","27.024516641015765","42.15171977949501","29.96188985195892","51.84824295952977","51.7569007268022","62.07257021742113","54.33872740589225","80.24978397568965","77.01174803822245","34.75707638888323","22.168097268512486","40.18554475910941","24.21499139147039","26.81128302998571","23.71429815325772","30.49340195812856","24.61588005503884","39.92464499896376","35.55580152262207","81.42170799155262","79.5608787985562","50.048555048996846","37.30630093612667","19","0.3681841344494401","0.0000650358050487742","","","","0.3681841344494401","","55.094179916943915","","","","","","0.43791108056456746","","47.794932007189125","","[75.08780406541464,54.33872740589225,77.01174803822245,22.168097268512486,24.21499139147039,23.71429815325772,24.61588005503884,35.55580152262207,79.5608787985562,37.30630093612667,79.91094611016416,55.5263135663339,31.380556468787912,83.01945359503004,42.38491064028389,53.56369290110268,27.024516641015765,29.96188985195892,51.7569007268022]",""
"epoch_18","finished","-","","","2025-05-13T17:49:44.000Z","1757","","76.30581225447493","75.01198037247404","82.55804176993176","79.68323291021022","60.78324445973008","55.30128844144352","37.00876881401696","31.450421853405047","84.62914563928369","82.54243943876602","46.1813867818868","41.027836782810816","57.218000942124526","53.879888818103424","61.55604756272126","26.0146527053708","41.5763517770616","28.648361915994165","51.569533270839464","51.109910743083574","61.67297453540242","53.800602998469294","80.1570317578286","76.87860020284928","35.289917762572294","22.52774355436803","39.312331775600825","24.019124787986705","26.33655226724373","24.06186801631878","29.732875746998378","24.827774566967346","39.459082433933865","35.311603650586704","81.24766202096139","79.81881106472478","49.744153055771875","36.72236347055332","18","0.37344203832495304","0.00006692093136584148","","","","0.37344203832495304","","54.85994287517813","","","","","","0.4431123828102729","","47.50728980497294","","[75.01198037247404,53.800602998469294,76.87860020284928,22.52774355436803,24.019124787986705,24.06186801631878,24.827774566967346,35.311603650586704,79.81881106472478,36.72236347055332,79.68323291021022,55.30128844144352,31.450421853405047,82.54243943876602,41.027836782810816,53.879888818103424,26.0146527053708,28.648361915994165,51.109910743083574]",""
"epoch_17","finished","-","","","2025-05-13T17:20:31.000Z","1753","","76.26232253267055","75.04224884225904","82.54936261529647","79.15745068412413","60.56310516509888","55.34199359740765","36.078841487279846","31.192884737715847","84.49199880217122","82.63239667280772","44.09628440387836","38.57172838799534","56.56282292915451","52.85102571852527","58.16773306541167","26.82770359852534","39.70642770438919","29.651012985145268","51.237134100836066","51.18116552860451","61.331329581404695","53.66736940032126","79.99686754859121","76.59354365062381","35.06582107503179","21.77217593401335","39.03601188221767","23.590668835438827","26.07020374559945","23.63654952343422","29.050240291185386","24.020786297188547","38.79363511197301","34.943102056148604","81.11181907845231","79.64952642662705","49.182274526892314","37.24634209039894","17","0.37694917966163793","0.00006880017485427283","","","","0.37694917966163793","","54.17653871829129","","","","","","0.44837261120716254","","47.240509208805506","","[75.04224884225904,53.66736940032126,76.59354365062381,21.77217593401335,23.590668835438827,23.63654952343422,24.020786297188547,34.943102056148604,79.64952642662705,37.24634209039894,79.15745068412413,55.34199359740765,31.192884737715847,82.63239667280772,38.57172838799534,52.85102571852527,26.82770359852534,29.651012985145268,51.18116552860451]",""
"epoch_16","finished","-","","","2025-05-13T16:51:13.000Z","1757","","76.2265463496955","75.00333503165034","82.32360625340887","79.32607078355544","60.094786608270226","54.821946785835415","35.8457713457349","30.492089856638767","84.43929556330532","82.22588887805148","45.04354661812242","37.78928548048532","53.17945839657422","52.05237322703997","60.08945350557083","22.79494309486725","39.21268674614332","28.942102812310377","50.83984026202499","51.545905265124695","61.04356330864632","53.203922404050566","79.89204365326947","76.10781182296716","34.074678269700385","21.733606391824708","38.714666139325736","23.045521315556055","25.770860149037222","23.16213431086428","29.109117653625425","23.972108768897527","38.56763376367131","34.27861917755985","80.9299511866545","79.48850001439547","48.25292467490818","36.50396541323001","16","0.3802954892393287","0.00007067373137235415","","","","0.3802954892393287","","53.876338444615214","","","","","","0.4494743100897281","","46.657375307100246","","[75.00333503165034,53.203922404050566,76.10781182296716,21.733606391824708,23.045521315556055,23.16213431086428,23.972108768897527,34.27861917755985,79.48850001439547,36.50396541323001,79.32607078355544,54.821946785835415,30.492089856638767,82.22588887805148,37.78928548048532,52.05237322703997,22.79494309486725,28.942102812310377,51.545905265124695]",""
"epoch_15","finished","-","","","2025-05-13T16:21:51.000Z","1762","","76.08687549091465","74.95813023031562","82.32689220289161","78.82454102404557","59.8928905153428","54.810013492006426","35.02185567010309","30.232541004140938","84.10608063960807","82.33139057705536","41.98662906626774","37.882764971283855","52.76694939860075","51.931350118296095","58.99655606314147","25.47256005821173","38.35254081876893","28.126637808878613","50.48200011546131","50.75059069637581","60.54973630030741","52.95956290545204","79.73905855067318","76.22060919060758","33.75211094952174","21.435561654165262","38.145699731255576","23.17661857204881","25.56285680953505","23.003469563008984","28.32903411009111","23.210354367242054","38.054187057837936","34.3820353654757","80.87977927962703","79.36296300369425","48.3001175090393","36.11344242099682","15","0.38533226093490613","0.000072541784693722","","","","0.38533226093490613","","53.33325527784151","","","","","","0.4544158738530325","","46.58869142227902","","[74.95813023031562,52.95956290545204,76.22060919060758,21.435561654165262,23.17661857204881,23.003469563008984,23.210354367242054,34.3820353654757,79.36296300369425,36.11344242099682,78.82454102404557,54.810013492006426,30.232541004140938,82.33139057705536,37.882764971283855,51.931350118296095,25.47256005821173,28.126637808878613,50.75059069637581]",""
"epoch_14","finished","-","","","2025-05-13T15:51:46.000Z","1804","","76.00850625126391","74.86760678677396","81.96617555406074","78.93049343496612","59.793123510055025","54.0658537734916","33.59849090112914","29.601900654847466","83.92447797806312","81.96114554578847","41.76143996289866","37.30952626837077","52.95462703738922","51.826585702336594","58.047943694118175","21.73702332448591","38.141092932366846","26.20606115324424","49.81329998347432","50.17754654919677","60.32668272533333","52.59256411485364","79.50401989093407","76.11978280662768","32.762823885081815","20.86459518292541","37.78048377849215","23.003356123183742","24.920100396960542","22.663258455614898","27.709610089933527","22.787413831443185","37.57377666728901","33.48478691201648","80.61295197479407","79.26115002156956","47.63132053704389","35.42211963718546","14","0.3901179223570205","0.00007440450757678327","","","","0.3901179223570205","","52.885839355299034","","","","","","0.4567671951776493","","45.94119843573274","","[74.86760678677396,52.59256411485364,76.11978280662768,20.86459518292541,23.003356123183742,22.663258455614898,22.787413831443185,33.48478691201648,79.26115002156956,35.42211963718546,78.93049343496612,54.0658537734916,29.601900654847466,81.96114554578847,37.30952626837077,51.826585702336594,21.73702332448591,26.20606115324424,50.17754654919677]",""
"epoch_13","finished","-","","","2025-05-13T14:40:14.000Z","1803","","75.84868616055917","74.72441575094462","81.60477885157069","78.5516721090119","58.6965061341043","54.09278500698069","32.099715021213655","28.90461792028408","83.65675732504553","81.62898345443146","38.15157477248589","35.194395656652965","49.361841436507035","50.70301016435356","53.32332049836103","21.86207310005795","36.35563431258433","25.29559386593131","49.09418500218888","49.05325583906172","59.14348963523537","52.34764921092723","79.21260608476399","76.0540993731681","31.620038299849295","19.817065223523187","36.018267305430655","22.754910382265606","24.58277359709699","22.101013981547705","26.5007724841061","21.769817157164876","36.501029880085426","33.07048030544554","80.250868896701","78.95875702647204","46.20070242917313","35.31975503100264","13","0.3995057627103711","0.00007626206271242883","","","","0.3995057627103711","","51.48544990142434","","","","","","0.4644110201004736","","45.37917634522248","","[74.72441575094462,52.34764921092723,76.0540993731681,19.817065223523187,22.754910382265606,22.101013981547705,21.769817157164876,33.07048030544554,78.95875702647204,35.31975503100264,78.5516721090119,54.09278500698069,28.90461792028408,81.62898345443146,35.194395656652965,50.70301016435356,21.86207310005795,25.29559386593131,49.05325583906172]",""
"epoch_12","finished","-","","","2025-05-13T14:10:10.000Z","1804","","75.7133819804942","74.66200255211122","81.1354944753822","78.13928588091372","58.0947634268141","53.755877710863864","31.501422156431953","28.13879676188438","82.98441061311557","81.43723408248462","36.46680784422135","34.00881637560135","47.31830556217389","50.2949211367307","52.92270168913191","21.33873687646194","34.93997272842076","25.102913135458373","48.13664265009941","48.97048492298243","58.31303585602628","51.68452125147536","78.83562032956156","75.7458096891858","30.33099950065464","19.136097800249026","35.401484885525385","21.867077374104703","24.03238213028941","21.186090153418743","25.228098831381025","21.052752165124815","35.75228974925517","32.349322258008215","79.93574525195194","78.7380231653","44.65525364545989","34.957444820062975","12","0.40971608147138855","0.00007811460356680608","","","","0.40971608147138855","","50.615727016125824","","","","","","0.4715061555365602","","44.87190569012749","","[74.66200255211122,51.68452125147536,75.7458096891858,19.136097800249026,21.867077374104703,21.186090153418743,21.052752165124815,32.349322258008215,78.7380231653,34.957444820062975,78.13928588091372,53.755877710863864,28.13879676188438,81.43723408248462,34.00881637560135,50.2949211367307,21.33873687646194,25.102913135458373,48.97048492298243]",""
"epoch_11","finished","-","","","2025-05-13T13:40:05.000Z","1804","","75.56442302033","74.56765476882912","80.82560031198834","78.18569610106695","57.52801464814672","53.08488933272899","30.161412030009977","26.65830737942485","82.8208674768374","81.59805182486315","34.65068922053609","34.52316252910585","45.122373197860384","48.542941263515615","51.6157500384254","20.857547042061977","32.626485443069214","25.312965296850876","47.62434596434623","48.701439480797944","57.85624199691718","51.414938249499386","78.45917883698598","75.61754088960471","27.44472154035532","18.502792681965488","34.12966929631145","21.86153974825409","23.60229983531901","21.41573901809401","24.605929341692697","19.911184307267003","35.06040224975678","31.89024181849942","79.62381270526923","78.29547768094514","44.27141058256077","34.264391362452734","11","0.4158435334231107","0.00007996227513322693","","","","0.4158435334231107","","49.66282251245885","","","","","","0.4739790680165776","","44.484552672411965","","[74.56765476882912,51.414938249499386,75.61754088960471,18.502792681965488,21.86153974825409,21.41573901809401,19.911184307267003,31.89024181849942,78.29547768094514,34.264391362452734,78.18569610106695,53.08488933272899,26.65830737942485,81.59805182486315,34.52316252910585,48.542941263515615,20.857547042061977,25.312965296850876,48.701439480797944]",""
"epoch_10","finished","-","","","2025-05-13T13:09:59.000Z","1806","","75.39219163712299","74.46212349906557","80.43308959174684","77.5947887542024","56.84864878349891","52.52031988534659","28.94824546407436","26.286989831068976","82.36716112198091","80.81531911293008","33.34620872824085","32.1418297148418","45.49551944925515","48.439483006804366","49.56359499888256","19.188021685788","31.649116539727107","22.59915057087045","46.66548399169044","47.630223886104886","57.00882995021929","50.50195906850167","78.19285815801258","75.29593776178258","27.097570848361087","18.101606426419885","32.86524183921536","21.2392643839644","22.72810142175727","21.39121643150219","23.138050607443787","19.154035984705832","33.9963986289894","31.069687343096724","79.2255837290744","78.43089185793534","43.432637393540965","32.713945869708816","10","0.42678958353877977","0.00008180521460508584","","","","0.42678958353877977","","48.86287015172811","","","","","","0.4847774220084002","","43.66193658287582","","[74.46212349906557,50.50195906850167,75.29593776178258,18.101606426419885,21.2392643839644,21.39121643150219,19.154035984705832,31.069687343096724,78.43089185793534,32.713945869708816,77.5947887542024,52.52031988534659,26.286989831068976,80.81531911293008,32.1418297148418,48.439483006804366,19.188021685788,22.59915057087045,47.630223886104886]",""
"epoch_9","finished","-","","","2025-05-13T12:39:52.000Z","1806","","75.24520353811769","74.38655615796623","80.09271678095867","76.72251503414394","56.068271264283354","51.98195674854542","26.676832147360585","24.921243477649817","81.8867245529197","80.64550794282101","30.11513529223197","28.450637305084022","43.07515699912216","46.213203135909694","45.08842756644608","19.54373732491162","28.95669311370644","22.272303095661332","46.070233667032376","47.0971480079875","56.183025652909635","49.85681616164147","77.79386772330034","74.79632056155953","27.055741530445133","16.941501391738893","32.01486639996049","20.6912423823978","21.90214406529238","20.4193889467387","21.6452132190669","17.86476777484347","32.82447897320474","30.21209221169116","78.75302232002164","78.00706546724678","42.40674015707007","32.989352279132575","9","0.4371291580432244","0.0000836435519798534","","","","0.4371291580432244","","47.57128920860266","","","","","","0.49781875571091017","","42.8428081793511","","[74.38655615796623,49.85681616164147,74.79632056155953,16.941501391738893,20.6912423823978,20.4193889467387,17.86476777484347,30.21209221169116,78.00706546724678,32.989352279132575,76.72251503414394,51.98195674854542,24.921243477649817,80.64550794282101,28.450637305084022,46.213203135909694,19.54373732491162,22.272303095661332,47.0971480079875]",""
"epoch_8","finished","-","","","2025-05-13T12:09:38.000Z","1813","","75.11226366744752","74.24776485410678","79.50882146977006","76.44626361146962","54.93613203365834","51.090489481760734","25.09450303067536","23.461702068633887","81.4928617167118","79.86526814418632","29.59165054804383","27.05434682205811","38.64381753843857","44.89762893728124","45.660195664030546","15.292503558640991","26.559926800815976","20.26354241895662","44.54353744921632","46.73525595370012","55.457829253906475","48.85218963894696","77.42296375337968","73.95442580433503","25.08525859808645","16.096025230576107","30.864690781158338","19.6356833452855","21.023864421248476","19.345596233172657","20.614582229348223","16.96551138692768","31.93440649346887","28.885804706830083","78.3399812795427","77.52361200892011","40.45088456981757","31.278723205066044","8","0.448726580115675","0.00008547741060271343","","","","0.448726580115675","","46.43885112098763","","","","","","0.5073843857128463","","41.67854407425551","","[74.24776485410678,48.85218963894696,73.95442580433503,16.096025230576107,19.6356833452855,19.345596233172657,16.96551138692768,28.885804706830083,77.52361200892011,31.278723205066044,76.44626361146962,51.090489481760734,23.461702068633887,79.86526814418632,27.05434682205811,44.89762893728124,15.292503558640991,20.26354241895662,46.73525595370012]",""
"epoch_7","finished","-","","","2025-05-13T11:39:22.000Z","1816","","74.78109884956203","74.07778500175118","79.01582487572935","75.35112018163706","53.764448235443176","50.184216761562574","23.132074491571647","21.972400794463766","80.62605469313327","79.55881646822792","25.54756995726809","25.70180401992119","37.13080451618222","41.61424843328187","41.51681473512269","16.783035945177136","24.428578076849664","17.440601044119237","43.66058751544803","45.08227418676269","54.21253419024347","48.21205665573768","76.90528783751176","73.8301429953917","24.0090148441523","15.40606061937522","29.224952428532596","19.37319999781404","20.01236183054365","18.595696797112947","18.467188665175243","15.470661302081924","30.229719985214544","28.37124592843587","77.85524728418986","77.06034306010501","39.74549922126334","30.181794376933595","7","0.4654116230156585","0.0000873069076571686","","","","0.4654116230156585","","44.961350643849315","","","","","","0.5233017573813479","","40.750921293152246","","[74.07778500175118,48.21205665573768,73.8301429953917,15.40606061937522,19.37319999781404,18.595696797112947,15.470661302081924,28.37124592843587,77.06034306010501,30.181794376933595,75.35112018163706,50.184216761562574,21.972400794463766,79.55881646822792,25.70180401992119,41.61424843328187,16.783035945177136,17.440601044119237,45.08227418676269]",""
"epoch_6","finished","-","","","2025-05-13T11:08:33.000Z","1849","","74.59030394491688","73.84127500333625","78.09479020044795","75.05906383113393","52.89142255391371","48.7657998746468","20.23175398002009","19.872124777575525","79.95863683800546","78.63346645131467","24.55035860932188","23.470650930706956","34.16293591898519","40.453529604091095","38.26477806881526","13.613992291089962","21.75295106776526","15.535218941945706","42.078909069122","44.00406068995261","53.44034949100083","47.025962641882415","76.34536220211614","73.39237249462353","22.182449510183883","13.598344094549244","27.98361574488653","18.163690348442916","18.521057812487555","17.503739526855842","15.999130018866667","13.711411293309116","28.710200012354026","26.413299867277","77.16799975430554","76.57643569212672","38.20734909361391","28.22357962871668","6","0.4822520867900084","0.0000891321546089","","","","0.4822520867900084","","43.428123889006784","","","","","","0.5399767153277368","","39.3609483149251","","[73.84127500333625,47.025962641882415,73.39237249462353,13.598344094549244,18.163690348442916,17.503739526855842,13.711411293309116,26.413299867277,76.57643569212672,28.22357962871668,75.05906383113393,48.7657998746468,19.872124777575525,78.63346645131467,23.470650930706956,40.453529604091095,13.613992291089962,15.535218941945706,44.00406068995261]",""
"epoch_5","finished","-","","","2025-05-13T09:36:56.000Z","1892","","74.188792364814","73.61587773246599","76.88914064161118","74.03687532231098","50.78723239563622","47.51559480753472","16.37556050540322","17.723958705126744","78.76517037219661","77.73683240554318","20.3981369573838","20.421177983431335","28.796611713270792","36.7660007212874","32.55808171664913","12.61311068486968","16.89105292063992","12.198151372005205","39.76434385992471","42.53479595533127","51.48770633429135","45.885107068634895","75.40551582870229","72.75346253123655","19.432078590236056","12.221270147293923","25.406970949194665","16.862636351939013","16.762414570336055","16.236854111398845","13.144308944988634","11.817732999323445","26.30247520826408","24.78251423640542","76.11687710939987","75.88316683608028","35.62818452545556","26.605471453938065","5","0.5123905012284526","0.00009095325760829622","","","","0.5123905012284526","","40.794771342547264","","","","","","0.5631917204685554","","37.80055744348194","","[73.61587773246599,45.885107068634895,72.75346253123655,12.221270147293923,16.862636351939013,16.236854111398845,11.817732999323445,24.78251423640542,75.88316683608028,26.605471453938065,74.03687532231098,47.51559480753472,17.723958705126744,77.73683240554318,20.421177983431335,36.7660007212874,12.61311068486968,12.198151372005205,42.53479595533127]",""
"epoch_4","finished","-","","","2025-05-13T08:35:32.000Z","1873","","73.750074730309","73.33652123104675","75.30511339040086","72.2669298742156","47.258789311562424","45.881490880944966","12.017414353944917","14.04112403671028","77.15691489741624","76.51193309679381","16.321304889832092","16.00852118044212","19.749297536365024","31.20245629796994","25.66822191305642","10.0618769641282","9.099827201969024","8.186595471964916","36.27225455706775","40.90375074034158","48.91392463438771","44.33004692526917","74.16850714873387","71.51658215092516","15.927335787907383","10.964248322889754","21.850357555581155","15.089555209580183","14.491404595003262","14.54849430922909","9.601878046208371","9.61859011944449","23.377270606753772","22.53388760030881","74.79592960136911","74.72484002905848","31.250131378619667","24.61881010665903","4","0.5553695257497198","0.00009277031785633284","","","","0.5553695257497198","","37.20926063876252","","","","","","0.5971912051032403","","35.59717129199591","","[73.33652123104675,44.33004692526917,71.51658215092516,10.964248322889754,15.089555209580183,14.54849430922909,9.61859011944449,22.53388760030881,74.72484002905848,24.61881010665903,72.2669298742156,45.881490880944966,14.04112403671028,76.51193309679381,16.00852118044212,31.20245629796994,10.0618769641282,8.186595471964916,40.90375074034158]",""
"epoch_3","finished","-","","","2025-05-13T08:04:19.000Z","1873","","72.97283385249632","73.00422974819918","73.13587714796962","70.02296956600526","43.08892352169724","43.243781957805965","6.489666919717729","9.365599470446517","74.8348799549744","75.40659698543438","10.47612453009301","12.6507939108919","12.984826820131644","21.956756003720443","15.042737698931791","10.89903192191738","3.714393302231613","3.873508155721877","31.954885608969803","37.74360158207521","45.84240349863444","42.971581862672686","72.5056134001163","70.81860307238237","12.506092518771844","9.071626987508308","17.88768617350299","13.184460954365084","11.468278933863282","12.614338339061996","5.194462822394516","6.8896711606898435","18.768111073235772","19.907686596407284","73.05669673332609","73.47984535844077","26.388791707789817","21.79526178669112","3","0.611328060390385","0.00009458343193786322","","","","0.611328060390385","","33.0691203273078","","","","","","0.6414377630470756","","33.099997127391454","","[73.00422974819918,42.971581862672686,70.81860307238237,9.071626987508308,13.184460954365084,12.614338339061996,6.8896711606898435,19.907686596407284,73.47984535844077,21.79526178669112,70.02296956600526,43.243781957805965,9.365599470446517,75.40659698543438,12.6507939108919,21.956756003720443,10.89903192191738,3.873508155721877,37.74360158207521]",""
"epoch_2","finished","-","","","2025-05-13T07:32:09.000Z","1929","","71.99677554586617","72.25538769112747","68.50712082259848","67.55962940053503","36.24198521549717","38.79184887224567","2.19292081262641","5.023773894437328","71.1976853330714","72.36900138473251","6.04973852790453","8.098290888982609","3.960001683471905","10.772367819096791","6.740122259230515","8.030987157903045","0.9881675144487592","0.3522177022713281","23.083854257950183","32.639527670944815","41.71275590363696","40.22293523792976","69.95292927556993","69.16218787957116","7.530633615588671","5.916551393120555","12.763545582645095","9.607988772795249","6.9215497871832925","9.065901135345593","1.77415882252178","3.48390883081559","10.436678869307494","14.919530722917932","70.18700967454757","71.75509769093385","17.497582732438108","16.66281258012549","2","0.6947225907262955","0.0000963926921258551","","","","0.6947225907262955","","27.880800854531817","","","","","","0.7013606127507672","","29.29947088030694","","[72.25538769112747,40.22293523792976,69.16218787957116,5.916551393120555,9.607988772795249,9.065901135345593,3.48390883081559,14.919530722917932,71.75509769093385,16.66281258012549,67.55962940053503,38.79184887224567,5.023773894437328,72.36900138473251,8.098290888982609,10.772367819096791,8.030987157903045,0.3522177022713281,32.639527670944815]",""
"epoch_1","finished","-","","","2025-05-12T19:36:12.000Z","1758","","66.84411074323907","71.08082716022494","47.750802326369794","60.864614933537744","15.22232595430843","29.32853677179223","0.3519374481617479","1.2528977783467423","54.11628646083576","67.38020642309473","1.040113018282238","2.428803463238767","0.35416230776372","0.9132750481116187","0.7828892669074451","4.114589331620791","0.10125095147922172","0.01502388456193425","4.756024893946558","19.720553052450988","28.39514979984784","36.010421811603344","60.6304396703788","66.06701720609792","2.076370589447993","3.0986593388352475","4.555877993135075","5.095227333429212","2.1310997095142707","4.378172295906825","0.29899905394830584","0.988496893201586","1.2846080600330096","4.969441283410586","59.185710623678965","68.33849563885815","4.335988024339864","8.934085935148241","1","1.000865878267143","0.00009819818665965754","","","","1.000865878267143","","18.64284983661148","","","","","","0.8090577150533299","","23.946281346498505","","[71.08082716022494,36.010421811603344,66.06701720609792,3.0986593388352475,5.095227333429212,4.378172295906825,0.988496893201586,4.969441283410586,68.33849563885815,8.934085935148241,60.864614933537744,29.32853677179223,1.2528977783467423,67.38020642309473,2.428803463238767,0.9132750481116187,4.114589331620791,0.01502388456193425,19.720553052450988]",""